-- MySQL dump 10.13  Distrib 5.5.9, for Win32 (x86)
--
-- Host: localhost    Database: 3shop
-- ------------------------------------------------------
-- Server version	5.5.8-log

/*!40101 SET @OLD_CHARACTER_SET_CLIENT=@@CHARACTER_SET_CLIENT */;
/*!40101 SET @OLD_CHARACTER_SET_RESULTS=@@CHARACTER_SET_RESULTS */;
/*!40101 SET @OLD_COLLATION_CONNECTION=@@COLLATION_CONNECTION */;
/*!40101 SET NAMES utf8 */;
/*!40103 SET @OLD_TIME_ZONE=@@TIME_ZONE */;
/*!40103 SET TIME_ZONE='+00:00' */;
/*!40014 SET @OLD_UNIQUE_CHECKS=@@UNIQUE_CHECKS, UNIQUE_CHECKS=0 */;
/*!40014 SET @OLD_FOREIGN_KEY_CHECKS=@@FOREIGN_KEY_CHECKS, FOREIGN_KEY_CHECKS=0 */;
/*!40101 SET @OLD_SQL_MODE=@@SQL_MODE, SQL_MODE='NO_AUTO_VALUE_ON_ZERO' */;
/*!40111 SET @OLD_SQL_NOTES=@@SQL_NOTES, SQL_NOTES=0 */;

--
-- Current Database: `3shop`
--

CREATE DATABASE /*!32312 IF NOT EXISTS*/ `3shop` /*!40100 DEFAULT CHARACTER SET utf8 */;

USE `3shop`;

--
-- Table structure for table `accessories`
--

DROP TABLE IF EXISTS `accessories`;
/*!40101 SET @saved_cs_client     = @@character_set_client */;
/*!40101 SET character_set_client = utf8 */;
CREATE TABLE `accessories` (
  `acc_no` int(10) NOT NULL AUTO_INCREMENT,
  `acc_id` varchar(10) DEFAULT NULL,
  `accName` varchar(50) DEFAULT NULL,
  `accType_no` smallint(5) DEFAULT NULL,
  `barcode` varchar(13) DEFAULT NULL,
  `color` varchar(10) DEFAULT NULL,
  `manufacturer` varchar(10) DEFAULT NULL,
  `state` varchar(10) DEFAULT NULL,
  `oprice` decimal(7,1) DEFAULT NULL,
  `sprice` decimal(7,1) DEFAULT NULL,
  `productState_no` tinyint(1) DEFAULT NULL,
  PRIMARY KEY (`acc_no`),
  KEY `ass_fk_prodState` (`productState_no`),
  CONSTRAINT `ass_fk_prodState` FOREIGN KEY (`productState_no`) REFERENCES `productstate` (`productState_no`) ON DELETE NO ACTION ON UPDATE CASCADE
) ENGINE=InnoDB AUTO_INCREMENT=19 DEFAULT CHARSET=utf8;
/*!40101 SET character_set_client = @saved_cs_client */;

--
-- Dumping data for table `accessories`
--

LOCK TABLES `accessories` WRITE;
/*!40000 ALTER TABLE `accessories` DISABLE KEYS */;
INSERT INTO `accessories` VALUES (1,'id1','ABC SSEE 保護貼 ',1,'3633633666969','red','man1',NULL,30.0,20.0,2),(2,'id_2','GGFG DDS 保護貼',1,'3633633666968','yellow','man2',NULL,30.0,20.0,2),(3,'id2','test',1,'3633633666888','test','man3',NULL,50.0,20.0,2),(4,'id4','test1',2,NULL,'test','man3',NULL,1.0,2.0,2),(5,'id5','test2',3,NULL,'test','man3',NULL,1.0,2.0,2),(6,'id6','test3',4,NULL,'test','man3',NULL,1.0,2.0,2),(7,'id7','test4',5,NULL,'test','man3',NULL,1.0,2.0,2),(8,'id8','test5',1,NULL,'test','man3',NULL,1.0,2.0,2),(9,'id9','test6',2,NULL,'test','man3',NULL,1.0,2.0,2),(10,'id10','test7',3,NULL,'test','man3',NULL,1.0,2.0,2),(11,'id11','test8',4,NULL,'test','man3',NULL,1.0,2.0,1),(12,'id12','test9',5,NULL,'test','man3',NULL,1.0,2.0,2),(13,'id13','test10',1,NULL,'test','man3',NULL,1.0,2.0,2),(14,'id14','test11',2,NULL,'test','man3',NULL,1.0,2.0,1),(15,'id15','test12',3,'','test','man3',NULL,1.0,0.8,2),(16,'id16','test13',4,NULL,'test','man3',NULL,1.0,2.0,2),(17,'id17','test14',5,NULL,'test','man3',NULL,1.0,2.0,1),(18,'id18','test15',1,'122253145','N/A','man3',NULL,120.0,110.0,2);
/*!40000 ALTER TABLE `accessories` ENABLE KEYS */;
UNLOCK TABLES;

--
-- Table structure for table `acctype`
--

DROP TABLE IF EXISTS `acctype`;
/*!40101 SET @saved_cs_client     = @@character_set_client */;
/*!40101 SET character_set_client = utf8 */;
CREATE TABLE `acctype` (
  `accType_no` smallint(5) NOT NULL AUTO_INCREMENT,
  `typeName` varchar(100) DEFAULT NULL,
  PRIMARY KEY (`accType_no`)
) ENGINE=InnoDB AUTO_INCREMENT=6 DEFAULT CHARSET=utf8;
/*!40101 SET character_set_client = @saved_cs_client */;

--
-- Dumping data for table `acctype`
--

LOCK TABLES `acctype` WRITE;
/*!40000 ALTER TABLE `acctype` DISABLE KEYS */;
INSERT INTO `acctype` VALUES (1,'保護貼'),(2,'機殼'),(3,'充電器'),(4,'耳機'),(5,'其他 Other');
/*!40000 ALTER TABLE `acctype` ENABLE KEYS */;
UNLOCK TABLES;

--
-- Table structure for table `customer`
--

DROP TABLE IF EXISTS `customer`;
/*!40101 SET @saved_cs_client     = @@character_set_client */;
/*!40101 SET character_set_client = utf8 */;
CREATE TABLE `customer` (
  `customer_no` int(10) NOT NULL,
  `customer_id` varchar(10) DEFAULT NULL,
  `name` varchar(45) DEFAULT NULL,
  `addr` varchar(255) DEFAULT NULL,
  `phone` varchar(15) DEFAULT NULL,
  `period` int(15) DEFAULT NULL,
  `email` varchar(100) DEFAULT NULL,
  `fax` varchar(15) DEFAULT NULL,
  `remark` text,
  PRIMARY KEY (`customer_no`)
) ENGINE=InnoDB DEFAULT CHARSET=utf8;
/*!40101 SET character_set_client = @saved_cs_client */;

--
-- Dumping data for table `customer`
--

LOCK TABLES `customer` WRITE;
/*!40000 ALTER TABLE `customer` DISABLE KEYS */;
INSERT INTO `customer` VALUES (0,'ABC112','test1 test','dslfkdjsfldksjf','25836925',0,'','12345678','');
/*!40000 ALTER TABLE `customer` ENABLE KEYS */;
UNLOCK TABLES;

--
-- Table structure for table `invoice`
--

DROP TABLE IF EXISTS `invoice`;
/*!40101 SET @saved_cs_client     = @@character_set_client */;
/*!40101 SET character_set_client = utf8 */;
CREATE TABLE `invoice` (
  `invoice_no` int(10) NOT NULL AUTO_INCREMENT,
  `createDate` datetime DEFAULT NULL,
  `total` decimal(7,1) DEFAULT NULL,
  `remark` text,
  `invoiceType_no` tinyint(2) DEFAULT NULL,
  `customer_no` int(10) DEFAULT NULL,
  `staff_no` int(10) DEFAULT NULL,
  `retailShop_no` smallint(4) DEFAULT NULL,
  `invoiceState_no` int(10) DEFAULT NULL,
  `createBy` varchar(45) DEFAULT NULL,
  PRIMARY KEY (`invoice_no`),
  KEY `invoice_fk_inType` (`invoiceType_no`),
  KEY `invoice_fk_cust` (`customer_no`),
  KEY `invoice_fk_staff` (`staff_no`),
  KEY `invoice_fk_rs` (`retailShop_no`),
  CONSTRAINT `invoice_fk_cust` FOREIGN KEY (`customer_no`) REFERENCES `customer` (`customer_no`) ON DELETE NO ACTION ON UPDATE CASCADE,
  CONSTRAINT `invoice_fk_inType` FOREIGN KEY (`invoiceType_no`) REFERENCES `invoicetype` (`invoiceType_no`) ON DELETE NO ACTION ON UPDATE CASCADE,
  CONSTRAINT `invoice_fk_rs` FOREIGN KEY (`retailShop_no`) REFERENCES `retailshop` (`retailShop_no`) ON DELETE NO ACTION ON UPDATE CASCADE,
  CONSTRAINT `invoice_fk_staff` FOREIGN KEY (`staff_no`) REFERENCES `staff` (`staff_no`) ON DELETE NO ACTION ON UPDATE CASCADE
) ENGINE=InnoDB AUTO_INCREMENT=869 DEFAULT CHARSET=utf8;
/*!40101 SET character_set_client = @saved_cs_client */;

--
-- Dumping data for table `invoice`
--

LOCK TABLES `invoice` WRITE;
/*!40000 ALTER TABLE `invoice` DISABLE KEYS */;
INSERT INTO `invoice` VALUES (1,'2011-10-05 14:13:49',60.0,'N/A',1,NULL,1,1,4,'root'),(2,'2011-10-05 14:13:53',20.0,'1',2,NULL,1,1,3,'root'),(3,'2011-10-05 14:13:53',20.0,'1',2,NULL,1,1,3,'root'),(4,'2011-10-05 14:22:13',20.0,'1',2,NULL,1,1,3,'root'),(5,'2011-10-05 14:22:41',180.0,'N/A',1,NULL,1,1,4,'root'),(6,'2011-10-05 14:22:44',20.0,'5',2,NULL,1,1,3,'root'),(7,'2011-10-05 14:22:44',20.0,'5',2,NULL,1,1,3,'root'),(8,'2011-10-05 14:22:47',20.0,'5',2,NULL,1,1,3,'root'),(9,'2011-10-05 14:30:23',20.0,'5',2,NULL,1,1,3,'root'),(10,'2011-10-05 14:31:42',20.0,'5',2,NULL,1,1,3,'root'),(11,'2011-10-05 14:55:10',20.0,'5',2,NULL,1,1,3,'root'),(12,'2011-10-05 14:55:14',20.0,'5',2,NULL,1,1,3,'root'),(13,'2011-10-05 18:32:30',0.0,'',2,NULL,1,1,3,'root'),(14,'2011-10-05 18:32:33',0.0,'',2,NULL,1,1,3,'root'),(15,'2011-10-06 06:10:49',0.0,'',2,NULL,1,1,3,'root'),(16,'2011-10-06 06:12:16',0.0,'',2,NULL,1,1,3,'root'),(17,'2011-10-06 06:45:11',0.0,'',2,NULL,1,1,3,'root'),(18,'2011-10-06 09:01:16',20.0,'N/A',1,NULL,1,1,1,'root'),(19,'2011-10-06 09:05:34',0.0,'',2,NULL,1,1,3,'root'),(20,'2011-10-06 16:00:10',0.0,'',2,NULL,1,1,3,'root'),(21,'2011-10-06 16:10:01',0.0,'',2,NULL,1,1,3,'root'),(22,'2011-10-06 21:02:21',0.0,'',2,NULL,1,1,3,'root'),(23,'2011-10-07 09:25:57',0.0,'',2,NULL,1,1,3,'root'),(24,'2011-10-07 09:31:58',0.0,'',2,NULL,1,1,3,'root'),(25,'2011-10-07 17:03:58',0.0,'',2,NULL,1,1,3,'root'),(26,'2011-10-08 16:50:59',20.0,'N/A',1,NULL,1,1,2,'root'),(27,'2011-10-08 17:42:20',320.0,'N/A',1,NULL,1,1,2,'root'),(28,'2011-10-08 17:50:21',40.0,'N/A',1,NULL,1,1,2,'root'),(29,'2011-10-09 22:04:43',40.0,'N/A',1,NULL,1,1,1,'root'),(30,'2011-10-11 05:03:36',4998.0,'N/A',1,NULL,1,1,1,'root'),(31,'2011-10-11 05:06:09',4998.0,'N/A',1,NULL,1,1,1,'root'),(32,'2011-10-11 05:57:18',20.0,'N/A',1,NULL,1,1,1,'root'),(33,'2011-10-11 06:09:16',20.0,'N/A',1,NULL,1,1,1,'root'),(34,'2011-10-11 06:09:31',4998.0,'N/A',1,NULL,1,1,1,'root'),(35,'2011-10-11 06:09:59',4998.0,'N/A',1,NULL,1,1,1,'root'),(36,'2011-10-11 06:12:05',4998.0,'N/A',1,NULL,1,1,1,'root'),(37,'2011-10-11 06:25:12',4998.0,'N/A',1,NULL,1,1,1,'root'),(38,'2011-10-11 06:27:47',4998.0,'N/A',1,NULL,1,1,1,'root'),(39,'2011-10-11 06:29:28',4998.0,'N/A',1,NULL,1,1,1,'root'),(40,'2011-10-11 06:31:56',4998.0,'N/A',1,NULL,1,1,1,'root'),(41,'2011-10-11 06:44:02',20.0,'N/A',1,NULL,1,1,1,'root'),(42,'2011-10-11 06:58:25',20.0,'N/A',1,NULL,1,1,1,'root'),(43,'2011-10-11 07:04:06',20.0,'N/A',1,NULL,1,1,4,'root'),(44,'2011-10-11 07:06:24',20.0,'43',2,NULL,1,1,3,'root'),(45,'2011-10-11 07:07:41',4998.0,'N/A',1,NULL,1,1,2,'root'),(46,'2011-10-11 07:17:26',5018.0,'N/A',1,NULL,1,1,4,'root'),(47,'2011-10-11 07:17:37',0.0,'',2,NULL,1,1,3,'root'),(48,'2011-10-11 07:17:54',20.0,'46',2,NULL,1,1,3,'root'),(49,'2011-10-11 07:18:38',4998.0,'N/A',1,NULL,1,1,4,'root'),(50,'2011-10-11 07:18:42',0.0,'',2,NULL,1,1,3,'root'),(51,'2011-10-11 07:40:57',4998.0,'N/A',1,NULL,1,1,4,'root'),(52,'2011-10-11 07:41:11',4998.0,'51',2,NULL,1,1,3,'root'),(53,'2011-10-11 07:41:32',4998.0,'N/A',1,NULL,1,1,4,'root'),(54,'2011-10-11 07:41:37',4998.0,'53',2,NULL,1,1,3,'root'),(55,'2011-10-11 07:49:27',4998.0,'N/A',1,NULL,1,1,4,'root'),(56,'2011-10-11 07:49:31',4998.0,'55',2,NULL,1,1,3,'root'),(57,'2011-10-11 15:47:27',4998.0,'N/A',1,NULL,1,1,1,'root'),(58,'2011-10-11 15:53:03',4998.0,'N/A',1,NULL,1,1,1,'root'),(59,'2011-10-11 20:05:36',50.0,'N/A',1,NULL,1,1,4,'root'),(60,'2011-10-11 20:05:45',20.0,'59',2,NULL,1,1,3,'root'),(61,'2011-10-12 03:07:53',0.0,'N/A',1,NULL,1,1,1,'root'),(62,'2011-10-12 15:59:12',20.0,'N/A',1,NULL,1,1,1,'root'),(63,'2011-10-12 16:06:25',4998.0,'N/A',1,NULL,1,1,1,'root'),(64,'2011-10-12 16:07:10',44482.0,'N/A',1,NULL,1,1,1,'root'),(65,'2011-10-12 16:07:52',19892.0,'N/A',1,NULL,1,1,4,'root'),(66,'2011-10-12 16:08:41',4998.0,'65',2,NULL,1,1,3,'root'),(67,'2011-10-12 16:10:40',24990.0,'N/A',1,NULL,1,1,1,'root'),(68,'2011-10-12 16:13:36',20.0,'N/A',1,NULL,1,1,1,'root'),(69,'2011-10-12 16:16:15',230.0,'N/A',1,NULL,1,1,1,'root'),(70,'2011-10-12 17:29:52',4998.0,'N/A',1,NULL,1,1,1,'root'),(71,'2011-10-13 00:30:33',15.0,'N/A',1,NULL,1,1,1,'root'),(72,'2011-10-13 01:07:23',3918.0,'N/A',1,NULL,1,1,1,'root'),(73,'2011-10-13 01:11:24',4798.0,'N/A',1,NULL,1,1,1,'root'),(74,'2011-10-13 01:13:43',1998.0,'N/A',1,NULL,1,1,1,'root'),(75,'2011-10-13 01:15:52',5196.0,'N/A',1,NULL,1,1,1,'root'),(76,'2011-10-13 01:17:54',4918.0,'N/A',1,NULL,1,1,1,'root'),(77,'2011-10-13 01:19:17',4918.0,'N/A',1,NULL,1,1,1,'root'),(78,'2011-10-13 01:21:05',4918.0,'N/A',1,NULL,1,1,1,'root'),(79,'2011-10-13 01:23:04',20.0,'N/A',1,NULL,1,1,1,'root'),(80,'2011-10-13 01:25:10',20.0,'N/A',1,NULL,1,1,1,'root'),(81,'2011-10-13 01:29:00',10794.0,'N/A',1,NULL,1,1,1,'root'),(82,'2011-10-13 03:47:50',4998.0,'N/A',1,NULL,1,1,1,'root'),(83,'2011-10-13 04:54:20',4898.0,'N/A',1,NULL,1,1,1,'8001'),(84,'2011-10-13 04:55:26',20.0,'N/A',1,NULL,1,1,1,'8001'),(85,'2011-10-13 04:57:27',4898.0,'N/A',1,NULL,1,1,1,'8001'),(86,'2011-10-13 04:58:02',20.0,'N/A',1,NULL,1,1,1,'8001'),(87,'2011-10-13 05:02:17',20.0,'N/A',1,NULL,1,1,1,'8001'),(88,'2011-10-13 05:17:53',20.0,'N/A',1,NULL,1,1,1,'8001'),(89,'2011-10-13 05:25:00',20.0,'N/A',1,NULL,1,1,1,'8001'),(90,'2011-10-13 05:25:37',20.0,'N/A',1,NULL,1,1,1,'8001'),(91,'2011-10-13 05:32:57',20.0,'N/A',1,NULL,1,1,1,'8001'),(92,'2011-10-13 05:33:58',20.0,'N/A',1,NULL,1,1,1,'8001'),(93,'2011-10-13 05:34:43',20.0,'N/A',1,NULL,1,1,1,'8001'),(94,'2011-10-13 05:35:41',20.0,'N/A',1,NULL,1,1,1,'8001'),(95,'2011-10-13 05:36:09',20.0,'N/A',1,NULL,1,1,1,'8001'),(96,'2011-10-13 05:36:30',20.0,'N/A',1,NULL,1,1,1,'8001'),(97,'2011-10-13 05:39:01',20.0,'N/A',1,NULL,1,1,1,'8001'),(98,'2011-10-13 05:39:04',0.0,'N/A',1,NULL,1,1,1,'8001'),(99,'2011-10-13 05:40:28',20.0,'N/A',1,NULL,1,1,1,'8001'),(100,'2011-10-13 05:41:12',20.0,'N/A',1,NULL,1,1,1,'8001'),(101,'2011-10-13 05:41:44',20.0,'N/A',1,NULL,1,1,1,'8001'),(102,'2011-10-13 05:41:50',0.0,'N/A',1,NULL,1,1,1,'8001'),(103,'2011-10-13 05:42:32',20.0,'N/A',1,NULL,1,1,1,'8001'),(104,'2011-10-13 05:42:56',20.0,'N/A',1,NULL,1,1,1,'8001'),(105,'2011-10-13 05:43:15',20.0,'N/A',1,NULL,1,1,1,'8001'),(106,'2011-10-13 05:44:13',20.0,'N/A',1,NULL,1,1,1,'8001'),(107,'2011-10-13 05:44:16',0.0,'N/A',1,NULL,1,1,1,'8001'),(108,'2011-10-13 05:44:16',0.0,'N/A',1,NULL,1,1,1,'8001'),(109,'2011-10-13 05:45:25',20.0,'N/A',1,NULL,1,1,1,'8001'),(110,'2011-10-13 05:45:53',20.0,'N/A',1,NULL,1,1,1,'8001'),(111,'2011-10-13 05:51:30',20.0,'N/A',1,NULL,1,1,1,'8001'),(112,'2011-10-13 05:51:57',20.0,'N/A',1,NULL,1,1,1,'8001'),(113,'2011-10-13 05:52:19',20.0,'N/A',1,NULL,1,1,1,'8001'),(114,'2011-10-13 05:56:09',20.0,'N/A',1,NULL,1,1,1,'8001'),(115,'2011-10-13 05:56:17',0.0,'N/A',1,NULL,1,1,1,'8001'),(116,'2011-10-13 05:58:41',20.0,'N/A',1,NULL,1,1,1,'8001'),(117,'2011-10-13 06:03:17',20.0,'N/A',1,NULL,1,1,1,'8001'),(118,'2011-10-13 06:06:27',20.0,'N/A',1,NULL,1,1,1,'8001'),(119,'2011-10-13 06:07:12',20.0,'N/A',1,NULL,1,1,1,'8001'),(120,'2011-10-13 06:09:21',20.0,'N/A',1,NULL,1,1,1,'8001'),(121,'2011-10-13 06:09:25',0.0,'N/A',1,NULL,1,1,1,'8001'),(122,'2011-10-13 06:11:56',0.0,'N/A',1,NULL,1,1,1,'8001'),(123,'2011-10-13 06:16:10',20.0,'N/A',1,NULL,1,1,1,'8001'),(124,'2011-10-13 06:16:42',20.0,'N/A',1,NULL,1,1,1,'8001'),(125,'2011-10-13 06:18:04',20.0,'N/A',1,NULL,1,1,1,'8001'),(126,'2011-10-13 06:18:33',20.0,'N/A',1,NULL,1,1,1,'8001'),(127,'2011-10-13 06:18:51',20.0,'N/A',1,NULL,1,1,1,'8001'),(128,'2011-10-13 06:19:16',20.0,'N/A',1,NULL,1,1,1,'8001'),(129,'2011-10-13 06:19:41',20.0,'N/A',1,NULL,1,1,1,'8001'),(130,'2011-10-13 06:20:38',20.0,'N/A',1,NULL,1,1,1,'8001'),(131,'2011-10-13 06:26:34',20.0,'N/A',1,NULL,1,1,4,'8001'),(132,'2011-10-13 06:27:13',20.0,'131',2,NULL,1,1,3,'8001'),(133,'2011-10-13 06:35:48',4998.0,'N/A',1,NULL,1,1,1,'8001'),(134,'2011-10-13 06:42:00',4998.0,'N/A',1,NULL,1,1,1,'8001'),(135,'2011-10-13 06:45:43',20.0,'N/A',1,NULL,1,1,1,'8001'),(136,'2011-10-13 06:46:36',20.0,'N/A',1,NULL,1,1,1,'8001'),(137,'2011-10-13 06:47:07',0.0,'N/A',1,NULL,1,1,1,'8001'),(138,'2011-10-13 06:47:07',20.0,'N/A',1,NULL,1,1,1,'8001'),(139,'2011-10-13 06:49:41',20.0,'N/A',1,NULL,1,1,1,'8001'),(140,'2011-10-13 06:50:56',20.0,'N/A',1,NULL,1,1,1,'8001'),(141,'2011-10-13 06:52:11',20.0,'N/A',1,NULL,1,1,1,'8001'),(142,'2011-10-13 06:52:25',20.0,'N/A',1,NULL,1,1,1,'8001'),(143,'2011-10-13 06:52:25',0.0,'N/A',1,NULL,1,1,1,'8001'),(144,'2011-10-13 06:52:58',20.0,'N/A',1,NULL,1,1,1,'8001'),(145,'2011-10-13 06:53:37',0.0,'N/A',1,NULL,1,1,1,'8001'),(146,'2011-10-13 06:53:42',0.0,'N/A',1,NULL,1,1,1,'8001'),(147,'2011-10-13 07:14:06',4898.0,'N/A',1,NULL,1,1,1,'8001'),(148,'2011-10-13 08:24:02',20.0,'N/A',1,NULL,1,1,1,'8001'),(149,'2011-10-13 12:38:12',20.0,'N/A',1,NULL,1,1,1,'8001'),(150,'2011-10-13 12:38:36',20.0,'N/A',1,NULL,1,1,1,'8001'),(151,'2011-10-13 14:06:23',4898.0,'N/A',1,NULL,1,1,1,'8001'),(152,'2011-10-13 16:37:26',20.0,'N/A',1,NULL,1,1,1,'8001'),(153,'2011-10-13 18:11:31',20.0,'N/A',1,NULL,1,1,1,'8001'),(154,'2011-10-14 02:30:58',20.0,'N/A',1,NULL,1,1,1,'8001'),(155,'2011-10-14 17:32:42',20.0,'N/A',1,NULL,1,1,1,'8001'),(156,'2011-10-14 17:32:59',0.0,'N/A',1,NULL,1,1,1,'8001'),(157,'2011-10-14 23:50:55',20.0,'N/A',1,NULL,1,1,1,'8001'),(158,'2011-10-14 23:57:10',20.0,'N/A',1,NULL,1,1,1,'8001'),(159,'2011-10-14 23:58:35',20.0,'N/A',1,NULL,1,1,1,'8001'),(160,'2011-10-15 00:01:40',20.0,'N/A',1,NULL,1,1,1,'8001'),(161,'2011-10-15 00:04:19',20.0,'N/A',1,NULL,1,1,1,'8001'),(162,'2011-10-15 00:06:51',20.0,'N/A',1,NULL,1,1,1,'8001'),(163,'2011-10-15 00:08:58',20.0,'N/A',1,NULL,1,1,1,'8001'),(164,'2011-10-15 00:09:07',40.0,'N/A',1,NULL,1,1,1,'8001'),(165,'2011-10-15 00:09:20',40.0,'N/A',1,NULL,1,1,1,'8001'),(166,'2011-10-15 00:10:21',40.0,'N/A',1,NULL,1,1,1,'8001'),(167,'2011-10-15 00:10:26',20.0,'N/A',1,NULL,1,1,1,'8001'),(168,'2011-10-15 00:13:03',20.0,'N/A',1,NULL,1,1,1,'8001'),(169,'2011-10-15 00:13:10',20.0,'N/A',1,NULL,1,1,1,'8001'),(170,'2011-10-15 00:17:56',20.0,'N/A',1,NULL,1,1,1,'8001'),(171,'2011-10-15 00:22:32',20.0,'N/A',1,NULL,1,1,1,'8001'),(172,'2011-10-15 00:23:03',20.0,'N/A',1,NULL,1,1,1,'8001'),(173,'2011-10-15 00:28:32',20.0,'N/A',1,NULL,1,1,1,'8001'),(174,'2011-10-15 00:30:57',20.0,'N/A',1,NULL,1,1,1,'8001'),(175,'2011-10-15 00:32:08',20.0,'N/A',1,NULL,1,1,1,'8001'),(176,'2011-10-15 00:37:38',20.0,'N/A',1,NULL,1,1,1,'8001'),(177,'2011-10-15 00:37:50',20.0,'N/A',1,NULL,1,1,1,'8001'),(178,'2011-10-15 00:39:22',20.0,'N/A',1,NULL,1,1,1,'8001'),(179,'2011-10-15 00:39:50',20.0,'N/A',1,NULL,1,1,1,'8001'),(180,'2011-10-15 00:40:13',20.0,'N/A',1,NULL,1,1,1,'8001'),(181,'2011-10-15 00:40:47',20.0,'N/A',1,NULL,1,1,1,'8001'),(182,'2011-10-15 00:40:50',20.0,'N/A',1,NULL,1,1,1,'8001'),(183,'2011-10-15 00:40:51',20.0,'N/A',1,NULL,1,1,1,'8001'),(184,'2011-10-15 00:40:52',20.0,'N/A',1,NULL,1,1,1,'8001'),(185,'2011-10-15 00:41:02',20.0,'N/A',1,NULL,1,1,1,'8001'),(186,'2011-10-15 00:41:42',20.0,'N/A',1,NULL,1,1,1,'8001'),(187,'2011-10-15 00:41:47',20.0,'N/A',1,NULL,1,1,1,'8001'),(188,'2011-10-15 00:42:30',20.0,'N/A',1,NULL,1,1,1,'8001'),(189,'2011-10-15 00:42:40',20.0,'N/A',1,NULL,1,1,1,'8001'),(190,'2011-10-15 00:43:43',20.0,'N/A',1,NULL,1,1,1,'8001'),(191,'2011-10-15 00:43:53',20.0,'N/A',1,NULL,1,1,1,'8001'),(192,'2011-10-15 00:46:05',90.0,'N/A',1,NULL,1,1,1,'8001'),(193,'2011-10-15 00:55:14',20.0,'N/A',1,NULL,1,1,1,'8001'),(194,'2011-10-15 00:56:08',20.0,'N/A',1,NULL,1,1,1,'8001'),(195,'2011-10-15 01:08:50',20.0,'N/A',1,NULL,1,1,1,'8001'),(196,'2011-10-15 01:08:59',40.0,'N/A',1,NULL,1,1,1,'8001'),(197,'2011-10-15 03:26:13',20.0,'N/A',1,NULL,1,1,1,'8001'),(198,'2011-10-15 03:27:30',20.0,'N/A',1,NULL,1,1,1,'8001'),(199,'2011-10-15 03:28:49',60.0,'N/A',1,NULL,1,1,1,'8001'),(200,'2011-10-15 03:29:27',30.0,'N/A',1,NULL,1,1,1,'8001'),(201,'2011-10-15 03:30:50',10.0,'N/A',1,NULL,1,1,1,'8001'),(202,'2011-10-15 03:31:07',20.0,'N/A',1,NULL,1,1,1,'8001'),(203,'2011-10-15 03:31:47',20.0,'N/A',1,NULL,1,1,1,'8001'),(204,'2011-10-15 03:32:51',20.0,'N/A',1,NULL,1,1,1,'8001'),(205,'2011-10-15 03:33:22',20.0,'N/A',1,NULL,1,1,1,'8001'),(206,'2011-10-15 03:35:32',20.0,'N/A',1,NULL,1,1,1,'8001'),(207,'2011-10-15 03:39:02',20.0,'N/A',1,NULL,1,1,1,'8001'),(208,'2011-10-15 03:39:43',20.0,'N/A',1,NULL,1,1,1,'8001'),(209,'2011-10-15 03:40:00',20.0,'N/A',1,NULL,1,1,1,'8001'),(210,'2011-10-15 03:40:57',20.0,'N/A',1,NULL,1,1,1,'8001'),(211,'2011-10-15 03:41:10',20.0,'N/A',1,NULL,1,1,1,'8001'),(212,'2011-10-15 03:42:12',20.0,'N/A',1,NULL,1,1,1,'8001'),(213,'2011-10-15 03:42:20',20.0,'N/A',1,NULL,1,1,1,'8001'),(214,'2011-10-15 03:42:35',20.0,'N/A',1,NULL,1,1,1,'8001'),(215,'2011-10-15 03:51:44',20.0,'N/A',1,NULL,1,1,1,'8001'),(216,'2011-10-15 03:51:56',20.0,'N/A',1,NULL,1,1,1,'8001'),(217,'2011-10-15 03:57:43',20.0,'N/A',1,NULL,1,1,1,'8001'),(218,'2011-10-15 03:58:02',20.0,'N/A',1,NULL,1,1,1,'8001'),(219,'2011-10-15 03:58:40',20.0,'N/A',1,NULL,1,1,1,'8001'),(220,'2011-10-15 03:59:19',4958.0,'N/A',1,NULL,1,1,1,'8001'),(221,'2011-10-15 04:08:11',300.0,'N/A',1,NULL,1,1,1,'8001'),(222,'2011-10-15 04:08:52',154938.0,'N/A',1,NULL,1,1,4,'8001'),(223,'2011-10-15 04:18:10',20.0,'N/A',1,NULL,1,1,1,'8001'),(224,'2011-10-15 04:19:44',80.0,'N/A',1,NULL,1,1,1,'8001'),(225,'2011-10-15 21:22:33',4998.0,'222',2,NULL,1,1,3,'8001'),(226,'2011-10-15 21:22:43',4998.0,'222',2,NULL,1,1,3,'8001'),(227,'2011-10-16 00:25:33',20.0,'N/A',1,NULL,1,1,1,'8001'),(228,'2011-10-16 00:26:36',165094.0,'N/A',1,NULL,1,1,1,'8001'),(229,'2011-10-16 00:28:00',20.0,'N/A',1,NULL,1,1,1,'8001'),(230,'2011-10-16 00:29:57',249900.0,'N/A',1,NULL,1,1,1,'8001'),(231,'2011-10-16 01:03:48',4998.0,'N/A',1,NULL,1,1,1,'8001'),(232,'2011-10-16 01:24:46',20.0,'N/A',1,NULL,1,1,1,'8001'),(233,'2011-10-16 01:29:06',20.0,'N/A',1,NULL,1,1,1,'8001'),(234,'2011-10-16 01:29:50',20.0,'N/A',1,NULL,1,1,1,'8001'),(235,'2011-10-16 01:33:02',20.0,'N/A',1,NULL,1,1,1,'8001'),(236,'2011-10-16 01:34:39',20.0,'N/A',1,NULL,1,1,1,'8001'),(237,'2011-10-16 01:40:52',20.0,'N/A',1,NULL,1,1,1,'8001'),(238,'2011-10-16 01:53:11',40.0,'N/A',1,NULL,1,1,1,'8001'),(239,'2011-10-16 01:54:04',20.0,'N/A',1,NULL,1,1,1,'8001'),(240,'2011-10-16 01:56:11',20.0,'N/A',1,NULL,1,1,1,'8001'),(241,'2011-10-16 01:56:43',20.0,'N/A',1,NULL,1,1,1,'8001'),(242,'2011-10-16 01:58:48',20.0,'N/A',1,NULL,1,1,1,'8001'),(243,'2011-10-16 02:00:14',20.0,'N/A',1,NULL,1,1,1,'8001'),(244,'2011-10-16 02:09:55',20.0,'N/A',1,NULL,1,1,1,'8001'),(245,'2011-10-16 02:13:41',20.0,'N/A',1,NULL,1,1,1,'8001'),(246,'2011-10-16 02:14:17',20.0,'N/A',1,NULL,1,1,1,'8001'),(247,'2011-10-16 02:15:19',20.0,'N/A',1,NULL,1,1,1,'8001'),(248,'2011-10-16 02:16:26',20.0,'N/A',1,NULL,1,1,1,'8001'),(249,'2011-10-16 02:23:26',20.0,'N/A',1,NULL,1,1,1,'8001'),(250,'2011-10-16 02:34:07',20.0,'N/A',1,NULL,1,1,1,'8001'),(251,'2011-10-16 02:34:28',20.0,'N/A',1,NULL,1,1,1,'8001'),(252,'2011-10-16 02:35:31',20.0,'N/A',1,NULL,1,1,1,'8001'),(253,'2011-10-16 02:36:24',19992.0,'N/A',1,NULL,1,1,1,'8001'),(254,'2011-10-16 02:46:26',20.0,'N/A',1,NULL,1,1,1,'8001'),(255,'2011-10-16 02:47:07',20.0,'N/A',1,NULL,1,1,1,'8001'),(256,'2011-10-16 02:48:21',20.0,'N/A',1,NULL,1,1,1,'8001'),(257,'2011-10-16 02:51:33',20.0,'N/A',1,NULL,1,1,1,'8001'),(258,'2011-10-16 02:53:56',20.0,'N/A',1,NULL,1,1,1,'8001'),(259,'2011-10-16 15:17:56',4998.0,'N/A',1,NULL,1,1,1,'8001'),(260,'2011-10-16 15:20:51',20.0,'N/A',1,NULL,1,1,1,'8001'),(261,'2011-10-16 15:24:03',20.0,'N/A',1,NULL,1,1,1,'8001'),(262,'2011-10-16 15:24:18',20.0,'N/A',1,NULL,1,1,1,'8001'),(263,'2011-10-16 15:24:41',20.0,'N/A',1,NULL,1,1,1,'8001'),(264,'2011-10-16 15:26:34',20.0,'N/A',1,NULL,1,1,1,'8001'),(265,'2011-10-16 15:35:02',20.0,'N/A',1,NULL,1,1,1,'8001'),(266,'2011-10-16 15:35:43',20.0,'N/A',1,NULL,1,1,1,'8001'),(267,'2011-10-16 15:39:57',20.0,'N/A',1,NULL,1,1,1,'8001'),(268,'2011-10-16 15:40:09',20.0,'N/A',1,NULL,1,1,1,'8001'),(269,'2011-10-16 15:40:41',20.0,'N/A',1,NULL,1,1,1,'8001'),(270,'2011-10-16 15:45:15',20.0,'N/A',1,NULL,1,1,1,'8001'),(271,'2011-10-16 15:46:08',20.0,'N/A',1,NULL,1,1,1,'8001'),(272,'2011-10-16 15:46:40',20.0,'N/A',1,NULL,1,1,1,'8001'),(273,'2011-10-16 15:48:05',20.0,'N/A',1,NULL,1,1,1,'8001'),(274,'2011-10-16 15:48:54',20.0,'N/A',1,NULL,1,1,1,'8001'),(275,'2011-10-16 15:50:06',20.0,'N/A',1,NULL,1,1,1,'8001'),(276,'2011-10-16 15:52:40',20.0,'N/A',1,NULL,1,1,1,'8001'),(277,'2011-10-16 15:54:25',20.0,'N/A',1,NULL,1,1,1,'8001'),(278,'2011-10-16 15:54:53',20.0,'N/A',1,NULL,1,1,1,'8001'),(279,'2011-10-16 15:57:30',20.0,'N/A',1,NULL,1,1,1,'8001'),(280,'2011-10-16 15:58:08',20.0,'N/A',1,NULL,1,1,1,'8001'),(281,'2011-10-16 15:58:48',20.0,'N/A',1,NULL,1,1,1,'8001'),(282,'2011-10-16 15:59:21',140.0,'N/A',1,NULL,1,1,1,'8001'),(283,'2011-10-16 16:06:15',20.0,'N/A',1,NULL,1,1,1,'8001'),(284,'2011-10-16 16:06:51',65014.0,'N/A',1,NULL,1,1,1,'8001'),(285,'2011-10-16 16:07:54',84966.0,'N/A',1,NULL,1,1,1,'8001'),(286,'2011-10-16 16:18:28',20.0,'N/A',1,NULL,1,1,1,'8001'),(287,'2011-10-16 16:19:01',20.0,'N/A',1,NULL,1,1,1,'8001'),(288,'2011-10-16 16:34:52',20.0,'N/A',1,NULL,1,1,1,'8001'),(289,'2011-10-16 16:40:30',20.0,'N/A',1,NULL,1,1,1,'8001'),(290,'2011-10-16 16:41:02',40.0,'N/A',1,NULL,1,1,1,'8001'),(291,'2011-10-16 16:41:53',104978.0,'N/A',1,NULL,1,1,1,'8001'),(292,'2011-10-16 16:42:36',74970.0,'N/A',1,NULL,1,1,1,'8001'),(293,'2011-10-16 16:47:20',20.0,'N/A',1,NULL,1,1,1,'8001'),(294,'2011-10-16 16:48:18',40.0,'N/A',1,NULL,1,1,1,'8001'),(295,'2011-10-16 16:52:31',20.0,'N/A',1,NULL,1,1,1,'8001'),(296,'2011-10-16 16:55:03',20.0,'N/A',1,NULL,1,1,1,'8001'),(297,'2011-10-16 16:55:26',79988.0,'N/A',1,NULL,1,1,1,'8001'),(298,'2011-10-16 16:55:52',109976.0,'N/A',1,NULL,1,1,1,'8001'),(299,'2011-10-16 16:58:31',40.0,'N/A',1,NULL,1,1,1,'8001'),(300,'2011-10-16 17:00:24',20.0,'N/A',1,NULL,1,1,1,'8001'),(301,'2011-10-16 17:01:07',74990.0,'N/A',1,NULL,1,1,1,'8001'),(302,'2011-10-16 17:01:41',85006.0,'N/A',1,NULL,1,1,1,'8001'),(303,'2011-10-16 17:02:39',99960.0,'N/A',1,NULL,1,1,1,'8001'),(304,'2011-10-16 17:27:56',20.0,'N/A',1,NULL,1,1,1,'8001'),(305,'2011-10-16 17:51:04',20.0,'N/A',1,NULL,1,1,1,'8001'),(306,'2011-10-16 17:57:15',20.0,'N/A',1,NULL,1,1,1,'8001'),(307,'2011-10-16 17:59:03',20.0,'N/A',1,NULL,1,1,1,'8001'),(308,'2011-10-16 17:59:47',75050.0,'N/A',1,NULL,1,1,1,'8001'),(309,'2011-10-16 18:00:57',134966.0,'N/A',1,NULL,1,1,1,'8001'),(310,'2011-10-16 18:02:27',144982.0,'N/A',1,NULL,1,1,1,'8001'),(311,'2011-10-16 18:03:20',284906.0,'N/A',1,NULL,1,1,1,'8001'),(312,'2011-10-16 18:07:03',144962.0,'N/A',1,NULL,1,1,1,'8001'),(313,'2011-10-16 18:07:58',95002.0,'N/A',1,NULL,1,1,1,'8001'),(314,'2011-10-16 18:27:11',149940.0,'N/A',1,NULL,1,1,1,'8001'),(315,'2011-10-16 18:28:37',139964.0,'N/A',1,NULL,1,1,1,'8001'),(316,'2011-10-17 00:17:15',20.0,'N/A',1,NULL,1,1,1,'8001'),(317,'2011-10-17 00:18:25',124950.0,'N/A',1,NULL,1,1,1,'8001'),(318,'2011-10-17 00:20:05',84966.0,'N/A',1,NULL,1,1,1,'8001'),(319,'2011-10-17 00:20:34',84966.0,'N/A',1,NULL,1,1,1,'8001'),(320,'2011-10-17 00:21:21',89964.0,'N/A',1,NULL,1,1,1,'8001'),(321,'2011-10-17 00:24:02',84986.0,'N/A',1,NULL,1,1,1,'8001'),(322,'2011-10-17 00:25:25',89984.0,'N/A',1,NULL,1,1,1,'8001'),(323,'2011-10-17 00:26:32',84986.0,'N/A',1,NULL,1,1,1,'8001'),(324,'2011-10-17 00:27:38',20.0,'N/A',1,NULL,1,1,1,'8001'),(325,'2011-10-17 00:28:10',84986.0,'N/A',1,NULL,1,1,1,'8001'),(326,'2011-10-17 00:30:15',84986.0,'N/A',1,NULL,1,1,1,'8001'),(327,'2011-10-17 00:31:19',80028.0,'N/A',1,NULL,1,1,1,'8001'),(328,'2011-10-17 00:46:05',540.0,'N/A',1,NULL,1,1,1,'8001'),(329,'2011-10-17 00:47:15',20.0,'N/A',1,NULL,1,1,1,'8001'),(330,'2011-10-17 00:47:38',49980.0,'N/A',1,NULL,1,1,1,'8001'),(331,'2011-10-17 00:48:02',84986.0,'N/A',1,NULL,1,1,1,'8001'),(332,'2011-10-17 00:52:40',94962.0,'N/A',1,NULL,1,1,1,'8001'),(333,'2011-10-17 00:54:21',89964.0,'N/A',1,NULL,1,1,1,'8001'),(334,'2011-10-17 01:04:17',89964.0,'N/A',1,NULL,1,1,1,'8001'),(335,'2011-10-17 01:08:44',85006.0,'N/A',1,NULL,1,1,1,'8001'),(336,'2011-10-17 12:29:43',20.0,'N/A',1,NULL,1,1,1,'8001'),(337,'2011-10-17 12:34:02',20.0,'N/A',1,NULL,1,1,1,'8001'),(338,'2011-10-17 12:37:01',20.0,'N/A',1,NULL,1,1,1,'8001'),(339,'2011-10-17 12:37:23',20.0,'N/A',1,NULL,1,1,1,'8001'),(340,'2011-10-17 13:14:00',20.0,'N/A',1,NULL,1,1,1,'8001'),(341,'2011-10-17 13:15:16',20.0,'N/A',1,NULL,1,1,1,'8001'),(342,'2011-10-17 13:15:54',20.0,'N/A',1,NULL,1,1,1,'8001'),(343,'2011-10-17 13:37:31',20.0,'N/A',1,NULL,1,1,1,'8001'),(344,'2011-10-17 13:37:56',20.0,'N/A',1,NULL,1,1,1,'8001'),(345,'2011-10-17 13:38:27',20.0,'N/A',1,NULL,1,1,1,'8001'),(346,'2011-10-17 13:39:14',20.0,'N/A',1,NULL,1,1,1,'8001'),(347,'2011-10-17 13:40:21',20.0,'N/A',1,NULL,1,1,1,'8001'),(348,'2011-10-17 13:41:16',4998.0,'N/A',1,NULL,1,1,1,'8001'),(349,'2011-10-17 14:32:53',9996.0,'N/A',1,NULL,1,1,1,'8001'),(350,'2011-10-17 14:33:26',20.0,'N/A',1,NULL,1,1,1,'8001'),(351,'2011-10-17 14:34:01',20.0,'N/A',1,NULL,1,1,1,'8001'),(352,'2011-10-17 14:37:43',20.0,'N/A',1,NULL,1,1,1,'8001'),(353,'2011-10-17 14:38:37',20.0,'N/A',1,NULL,1,1,1,'8001'),(354,'2011-10-17 14:39:00',20.0,'N/A',1,NULL,1,1,1,'8001'),(355,'2011-10-17 14:39:20',20.0,'N/A',1,NULL,1,1,1,'8001'),(356,'2011-10-17 14:39:38',20.0,'N/A',1,NULL,1,1,1,'8001'),(357,'2011-10-17 14:39:49',20.0,'N/A',1,NULL,1,1,1,'8001'),(358,'2011-10-17 14:40:08',20.0,'N/A',1,NULL,1,1,1,'8001'),(359,'2011-10-17 14:40:41',20.0,'N/A',1,NULL,1,1,1,'8001'),(360,'2011-10-17 14:41:08',20.0,'N/A',1,NULL,1,1,1,'8001'),(361,'2011-10-17 14:41:43',20.0,'N/A',1,NULL,1,1,1,'8001'),(362,'2011-10-17 14:42:08',20.0,'N/A',1,NULL,1,1,1,'8001'),(363,'2011-10-17 14:42:36',20.0,'N/A',1,NULL,1,1,1,'8001'),(364,'2011-10-17 14:42:56',20.0,'N/A',1,NULL,1,1,1,'8001'),(365,'2011-10-17 14:43:21',20.0,'N/A',1,NULL,1,1,1,'8001'),(366,'2011-10-17 14:43:30',20.0,'N/A',1,NULL,1,1,1,'8001'),(367,'2011-10-17 14:44:00',20.0,'N/A',1,NULL,1,1,1,'8001'),(368,'2011-10-17 14:44:18',20.0,'N/A',1,NULL,1,1,1,'8001'),(369,'2011-10-17 14:44:56',20.0,'N/A',1,NULL,1,1,1,'8001'),(370,'2011-10-17 14:45:34',20.0,'N/A',1,NULL,1,1,1,'8001'),(371,'2011-10-17 15:11:41',9796.0,'N/A',1,NULL,1,1,4,'8001'),(372,'2011-10-17 15:17:50',4898.0,'371',2,NULL,1,1,3,'8001'),(373,'2011-10-17 15:19:52',40.0,'N/A',1,NULL,1,1,1,'8001'),(374,'2011-10-17 15:22:06',9896.0,'N/A',1,NULL,1,1,1,'8001'),(375,'2011-10-17 15:20:43',20.0,'N/A',1,NULL,1,1,1,'8001'),(376,'2011-10-17 15:37:59',20.0,'N/A',1,NULL,1,1,1,'8001'),(377,'2011-10-17 16:13:09',20.0,'N/A',1,NULL,1,1,1,'8001'),(378,'2011-10-17 16:14:28',20.0,'N/A',1,NULL,1,1,1,'8001'),(379,'2011-10-17 16:20:30',89964.0,'N/A',1,NULL,1,1,1,'8001'),(380,'2011-10-17 16:21:31',146940.0,'N/A',1,NULL,1,1,1,'8001'),(381,'2011-10-17 16:41:27',20.0,'N/A',1,NULL,1,1,1,'8001'),(382,'2011-10-17 16:42:00',142042.0,'N/A',1,NULL,1,1,1,'8001'),(383,'2011-10-17 16:47:38',124950.0,'N/A',1,NULL,1,1,1,'8001'),(384,'2011-10-17 16:49:05',73490.0,'N/A',1,NULL,1,1,1,'8001'),(385,'2011-10-17 16:50:32',20.0,'N/A',1,NULL,1,1,1,'8001'),(386,'2011-10-17 16:51:26',20.0,'N/A',1,NULL,1,1,1,'8001'),(387,'2011-10-17 16:51:59',20.0,'N/A',1,NULL,1,1,1,'8001'),(388,'2011-10-17 16:58:25',20.0,'N/A',1,NULL,1,1,1,'8001'),(389,'2011-10-17 16:59:00',20.0,'N/A',1,NULL,1,1,1,'8001'),(390,'2011-10-17 16:59:41',20.0,'N/A',1,NULL,1,1,1,'8001'),(391,'2011-10-17 17:00:01',20.0,'N/A',1,NULL,1,1,1,'8001'),(392,'2011-10-17 17:00:43',40.0,'N/A',1,NULL,1,1,1,'8001'),(393,'2011-10-17 17:15:31',20.0,'N/A',1,NULL,1,1,1,'8001'),(394,'2011-10-17 17:16:38',500.0,'N/A',1,NULL,1,1,1,'8001'),(395,'2011-10-17 17:19:32',600.0,'N/A',1,NULL,1,1,1,'8001'),(396,'2011-10-17 17:20:09',84966.0,'N/A',1,NULL,1,1,1,'8001'),(397,'2011-10-17 17:21:18',174930.0,'N/A',1,NULL,1,1,1,'8001'),(398,'2011-10-17 17:24:49',149940.0,'N/A',1,NULL,1,1,1,'8001'),(399,'2011-10-17 17:27:18',149940.0,'N/A',1,NULL,1,1,1,'8001'),(400,'2011-10-17 17:28:20',600.0,'N/A',1,NULL,1,1,1,'8001'),(401,'2011-10-17 17:29:41',600.0,'N/A',1,NULL,1,1,1,'8001'),(402,'2011-10-17 17:43:02',800.0,'N/A',1,NULL,1,1,1,'8001'),(403,'2011-10-17 17:44:47',800.0,'N/A',1,NULL,1,1,1,'8001'),(404,'2011-10-17 17:48:25',800.0,'N/A',1,NULL,1,1,1,'8001'),(405,'2011-10-17 17:50:52',800.0,'N/A',1,NULL,1,1,1,'8001'),(406,'2011-10-17 17:52:17',800.0,'N/A',1,NULL,1,1,1,'8001'),(407,'2011-10-17 17:54:34',820.0,'N/A',1,NULL,1,1,1,'8001'),(408,'2011-10-17 17:55:27',800.0,'N/A',1,NULL,1,1,1,'8001'),(409,'2011-10-17 17:57:05',820.0,'N/A',1,NULL,1,1,1,'8001'),(410,'2011-10-17 17:58:55',840.0,'N/A',1,NULL,1,1,1,'8001'),(411,'2011-10-17 18:00:08',820.0,'N/A',1,NULL,1,1,1,'8001'),(412,'2011-10-17 18:04:14',800.0,'N/A',1,NULL,1,1,1,'8001'),(413,'2011-10-17 18:56:59',20.0,'N/A',1,NULL,1,1,1,'8001'),(414,'2011-10-17 19:18:32',20.0,'N/A',1,NULL,1,1,1,'8001'),(415,'2011-10-17 19:19:08',20.0,'N/A',1,NULL,1,1,1,'8001'),(416,'2011-10-17 19:20:09',840.0,'N/A',1,NULL,1,1,1,'8001'),(417,'2011-10-17 19:21:02',800.0,'N/A',1,NULL,1,1,1,'8001'),(418,'2011-10-17 19:24:31',800.0,'N/A',1,NULL,1,1,1,'8001'),(419,'2011-10-17 19:25:19',800.0,'N/A',1,NULL,1,1,1,'8001'),(420,'2011-10-17 19:27:00',800.0,'N/A',1,NULL,1,1,1,'8001'),(421,'2011-10-17 19:28:10',840.0,'N/A',1,NULL,1,1,1,'8001'),(422,'2011-10-17 19:28:51',800.0,'N/A',1,NULL,1,1,1,'8001'),(423,'2011-10-17 19:29:35',800.0,'N/A',1,NULL,1,1,1,'8001'),(424,'2011-10-17 19:30:24',800.0,'N/A',1,NULL,1,1,1,'8001'),(425,'2011-10-17 19:31:08',900.0,'N/A',1,NULL,1,1,1,'8001'),(426,'2011-10-17 19:31:53',800.0,'N/A',1,NULL,1,1,1,'8001'),(427,'2011-10-17 19:32:44',800.0,'N/A',1,NULL,1,1,1,'8001'),(428,'2011-10-17 19:34:29',800.0,'N/A',1,NULL,1,1,1,'8001'),(429,'2011-10-17 19:44:12',800.0,'N/A',1,NULL,1,1,1,'8001'),(430,'2011-10-17 19:45:48',800.0,'N/A',1,NULL,1,1,1,'8001'),(431,'2011-10-17 22:16:59',800.0,'N/A',1,NULL,1,1,1,'8001'),(432,'2011-10-17 22:18:18',20.0,'N/A',1,NULL,1,1,1,'8001'),(433,'2011-10-17 22:18:47',20.0,'N/A',1,NULL,1,1,1,'8001'),(434,'2011-10-17 22:19:02',20.0,'N/A',1,NULL,1,1,1,'8001'),(435,'2011-10-17 22:20:13',20.0,'N/A',1,NULL,1,1,1,'8001'),(436,'2011-10-17 22:21:09',20.0,'N/A',1,NULL,1,1,1,'8001'),(437,'2011-10-17 22:32:49',20.0,'N/A',1,NULL,1,1,1,'8001'),(438,'2011-10-17 22:35:27',20.0,'N/A',1,NULL,1,1,1,'8001'),(439,'2011-10-17 22:49:02',800.0,'N/A',1,NULL,1,1,1,'8001'),(440,'2011-10-17 22:50:29',400.0,'N/A',1,NULL,1,1,1,'8001'),(441,'2011-10-17 22:50:59',800.0,'N/A',1,NULL,1,1,1,'8001'),(442,'2011-10-17 22:51:25',800.0,'N/A',1,NULL,1,1,1,'8001'),(443,'2011-10-17 22:53:11',800.0,'N/A',1,NULL,1,1,1,'8001'),(444,'2011-10-17 23:06:12',800.0,'N/A',1,NULL,1,1,1,'8001'),(445,'2011-10-17 23:07:14',20.0,'N/A',1,NULL,1,1,1,'8001'),(446,'2011-10-17 23:10:29',820.0,'N/A',1,NULL,1,1,1,'8001'),(447,'2011-10-17 23:11:31',840.0,'N/A',1,NULL,1,1,1,'8001'),(448,'2011-10-17 23:12:25',880.0,'N/A',1,NULL,1,1,1,'8001'),(449,'2011-10-17 23:16:29',760.0,'N/A',1,NULL,1,1,1,'8001'),(450,'2011-10-17 23:18:37',780.0,'N/A',1,NULL,1,1,1,'8001'),(451,'2011-10-17 23:41:06',800.0,'N/A',1,NULL,1,1,1,'8001'),(452,'2011-10-17 23:44:57',800.0,'N/A',1,NULL,1,1,1,'8001'),(453,'2011-10-17 23:46:33',840.0,'N/A',1,NULL,1,1,1,'8001'),(454,'2011-10-17 23:57:01',800.0,'N/A',1,NULL,1,1,1,'8001'),(455,'2011-10-17 23:57:58',800.0,'N/A',1,NULL,1,1,1,'8001'),(456,'2011-10-17 23:59:14',820.0,'N/A',1,NULL,1,1,1,'8001'),(457,'2011-10-17 23:59:58',800.0,'N/A',1,NULL,1,1,1,'8001'),(458,'2011-10-18 00:08:49',800.0,'N/A',1,NULL,1,1,1,'8001'),(459,'2011-10-18 00:11:32',800.0,'N/A',1,NULL,1,1,1,'8001'),(460,'2011-10-18 00:13:13',800.0,'N/A',1,NULL,1,1,1,'8001'),(461,'2011-10-18 00:13:40',800.0,'N/A',1,NULL,1,1,1,'8001'),(462,'2011-10-18 00:17:58',800.0,'N/A',1,NULL,1,1,1,'8001'),(463,'2011-10-18 00:20:17',20.0,'N/A',1,NULL,1,1,1,'8001'),(464,'2011-10-18 00:23:35',20.0,'N/A',1,NULL,1,1,1,'8001'),(465,'2011-10-18 00:24:31',20.0,'N/A',1,NULL,1,1,1,'8001'),(466,'2011-10-18 00:26:19',20.0,'N/A',1,NULL,1,1,1,'8001'),(467,'2011-10-18 00:27:40',20.0,'N/A',1,NULL,1,1,1,'8001'),(468,'2011-10-18 00:27:53',20.0,'N/A',1,NULL,1,1,1,'8001'),(469,'2011-10-18 13:23:02',20.0,'N/A',1,NULL,1,1,1,'8001'),(470,'2011-10-18 13:25:59',20.0,'N/A',1,NULL,1,1,1,'8001'),(471,'2011-10-18 16:12:47',30.0,'N/A',1,NULL,1,1,1,'8001'),(472,'2011-10-18 16:31:13',35.0,'N/A',1,NULL,1,1,1,'8002'),(473,'2011-10-18 16:32:10',20.0,'N/A',1,NULL,1,1,1,'8001'),(474,'2011-10-18 16:35:03',4998.0,'N/A',1,NULL,1,1,2,'8001'),(475,'2011-10-18 16:40:59',5018.0,'N/A',1,NULL,1,1,4,'8001'),(476,'2011-10-18 16:41:15',4998.0,'475',2,NULL,1,1,3,'8001'),(477,'2011-10-18 16:42:52',20.0,'475',2,NULL,1,1,3,'8001'),(478,'2011-10-23 00:35:18',30.0,'N/A',1,NULL,1,1,1,'8001'),(479,'2011-10-26 13:44:08',5.0,'N/A',1,NULL,1,1,2,'8001'),(480,'2011-10-26 13:55:39',30.0,'N/A',1,NULL,1,1,1,'8003'),(481,'2011-10-29 02:33:14',70.0,'N/A',1,NULL,1,1,1,'8001'),(482,'2011-10-29 02:42:08',20.0,'N/A',1,NULL,1,1,1,'8001'),(483,'2011-10-29 02:43:42',20.0,'N/A',1,NULL,1,1,1,'8001'),(484,'2011-10-29 02:44:25',20.0,'N/A',1,NULL,1,1,1,'8015'),(485,'2011-10-28 18:00:01',20.0,'N/A',1,NULL,1,1,1,'8001'),(486,'2011-10-28 18:01:47',20.0,'N/A',1,NULL,1,1,1,'8001'),(487,'2011-10-28 18:03:59',30.0,'N/A',1,NULL,1,1,1,'8010'),(488,'2011-10-30 01:00:43',20.0,'N/A',1,NULL,1,1,1,'8001'),(489,'2011-10-30 01:12:40',20.0,'N/A',1,NULL,1,1,1,'8001'),(490,'2011-10-30 01:15:04',20.0,'N/A',1,NULL,1,2,1,'8001'),(491,'2011-10-30 01:17:33',20.0,'N/A',1,NULL,1,2,1,'8001'),(492,'2011-11-01 06:26:26',5018.0,'N/A',1,NULL,1,2,1,'8001'),(493,'2011-11-01 08:20:38',4998.0,'N/A',1,NULL,1,2,1,'8001'),(494,'2011-11-01 08:21:24',4898.0,'N/A',1,NULL,1,2,1,'8001'),(495,'2011-11-01 15:44:27',4998.0,'N/A',1,NULL,1,2,1,'8001'),(496,'2011-11-01 20:50:37',20.0,'N/A',1,NULL,1,2,1,'8001'),(497,'2011-11-01 21:53:34',4898.0,'N/A',1,NULL,1,2,1,'8001'),(498,'2011-11-01 21:55:34',4898.0,'N/A',1,NULL,1,2,1,'8001'),(499,'2011-11-01 21:59:24',4898.0,'N/A',1,NULL,1,2,1,'8001'),(500,'2011-11-01 22:05:45',4898.0,'N/A',1,NULL,1,2,1,'8001'),(501,'2011-11-01 22:14:44',4898.0,'N/A',1,NULL,1,2,1,'8001'),(502,'2011-11-01 22:15:29',4898.0,'N/A',1,NULL,1,2,1,'8001'),(503,'2011-11-01 22:16:39',4898.0,'N/A',1,NULL,1,2,1,'8001'),(504,'2011-11-01 22:20:47',4898.0,'N/A',1,NULL,1,2,1,'8001'),(505,'2011-11-01 22:24:56',4898.0,'N/A',1,NULL,1,2,1,'8001'),(506,'2011-11-01 22:25:29',4898.0,'N/A',1,NULL,1,2,1,'8001'),(507,'2011-11-01 22:27:42',4898.0,'N/A',1,NULL,1,2,1,'8001'),(508,'2011-11-01 22:28:11',4898.0,'N/A',1,NULL,1,2,1,'8001'),(509,'2011-11-01 22:30:02',4898.0,'N/A',1,NULL,1,2,1,'8001'),(510,'2011-11-01 22:30:51',4898.0,'N/A',1,NULL,1,2,1,'8001'),(511,'2011-11-02 03:33:27',4898.0,'N/A',1,NULL,1,2,1,'8001'),(512,'2011-11-02 03:34:47',4898.0,'N/A',1,NULL,1,2,1,'8001'),(513,'2011-11-02 03:52:32',4898.0,'N/A',1,NULL,1,2,1,'8001'),(514,'2011-11-02 03:55:15',4898.0,'N/A',1,NULL,1,2,1,'8001'),(515,'2011-11-02 03:55:51',4898.0,'N/A',1,NULL,1,2,1,'8001'),(516,'2011-11-02 03:57:34',4898.0,'N/A',1,NULL,1,2,1,'8001'),(517,'2011-11-02 04:06:32',4898.0,'N/A',1,NULL,1,2,1,'8001'),(518,'2011-11-02 04:07:52',4898.0,'N/A',1,NULL,1,2,1,'8001'),(519,'2011-11-02 04:08:39',4898.0,'N/A',1,NULL,1,2,1,'8001'),(520,'2011-11-02 04:09:43',4898.0,'N/A',1,NULL,1,2,1,'8001'),(521,'2011-11-02 04:19:07',4898.0,'N/A',1,NULL,1,2,1,'8001'),(522,'2011-11-02 04:19:40',4898.0,'N/A',1,NULL,1,2,1,'8001'),(523,'2011-11-02 04:20:53',4898.0,'N/A',1,NULL,1,2,1,'8001'),(524,'2011-11-02 04:21:33',4898.0,'N/A',1,NULL,1,2,1,'8001'),(525,'2011-11-02 04:23:10',4898.0,'N/A',1,NULL,1,2,1,'8001'),(526,'2011-11-02 04:25:14',4898.0,'N/A',1,NULL,1,2,1,'8001'),(527,'2011-11-02 04:26:59',4898.0,'N/A',1,NULL,1,2,1,'8001'),(528,'2011-11-02 04:27:40',4898.0,'N/A',1,NULL,1,2,1,'8001'),(529,'2011-11-02 04:28:26',4898.0,'N/A',1,NULL,1,2,1,'8001'),(530,'2011-11-02 04:31:07',4898.0,'N/A',1,NULL,1,2,1,'8001'),(531,'2011-11-02 04:35:22',4998.0,'N/A',1,NULL,1,2,1,'8001'),(532,'2011-11-02 04:37:52',4898.0,'N/A',1,NULL,1,2,1,'8001'),(533,'2011-11-02 04:43:38',4998.0,'N/A',1,NULL,1,2,1,'8001'),(534,'2011-11-02 04:47:48',4898.0,'N/A',1,NULL,1,2,1,'8001'),(535,'2011-11-02 04:49:00',4998.0,'N/A',1,NULL,1,2,1,'8001'),(536,'2011-11-02 04:50:20',4898.0,'N/A',1,NULL,1,2,1,'8001'),(537,'2011-11-02 04:51:51',4998.0,'N/A',1,NULL,1,2,1,'8001'),(538,'2011-11-02 04:54:07',4898.0,'N/A',1,NULL,1,2,1,'8001'),(539,'2011-11-02 04:55:21',4998.0,'N/A',1,NULL,1,2,1,'8001'),(540,'2011-11-02 04:56:35',4898.0,'N/A',1,NULL,1,2,1,'8001'),(541,'2011-11-02 05:00:23',4998.0,'N/A',1,NULL,1,2,1,'8001'),(542,'2011-11-02 05:01:29',4898.0,'N/A',1,NULL,1,2,1,'8001'),(543,'2011-11-02 05:02:10',4998.0,'N/A',1,NULL,1,2,1,'8001'),(544,'2011-11-02 05:02:48',4898.0,'N/A',1,NULL,1,2,1,'8001'),(545,'2011-11-02 05:03:25',4998.0,'N/A',1,NULL,1,2,1,'8001'),(546,'2011-11-02 05:08:10',4898.0,'N/A',1,NULL,1,2,1,'8001'),(547,'2011-11-02 05:29:16',4998.0,'N/A',1,NULL,1,2,1,'8001'),(548,'2011-11-02 05:30:12',4898.0,'N/A',1,NULL,1,2,1,'8001'),(549,'2011-11-02 05:33:06',4998.0,'N/A',1,NULL,1,2,1,'8001'),(550,'2011-11-02 05:52:28',4898.0,'N/A',1,NULL,1,2,1,'8001'),(551,'2011-11-02 05:53:38',4898.0,'N/A',1,NULL,1,2,1,'8001'),(552,'2011-11-02 06:03:09',4898.0,'N/A',1,NULL,1,2,1,'8001'),(553,'2011-11-02 06:09:14',4898.0,'N/A',1,NULL,1,2,1,'8001'),(554,'2011-11-02 06:10:35',4898.0,'N/A',1,NULL,1,2,1,'8001'),(555,'2011-11-02 06:12:52',4898.0,'N/A',1,NULL,1,2,1,'8001'),(556,'2011-11-02 06:13:28',4898.0,'N/A',1,NULL,1,2,1,'8001'),(557,'2011-11-02 06:14:39',4898.0,'N/A',1,NULL,1,2,1,'8001'),(558,'2011-11-02 06:15:53',4898.0,'N/A',1,NULL,1,2,1,'8001'),(559,'2011-11-02 06:16:06',4898.0,'N/A',1,NULL,1,2,1,'8001'),(560,'2011-11-02 06:17:33',4898.0,'N/A',1,NULL,1,2,1,'8001'),(561,'2011-11-02 06:20:08',4898.0,'N/A',1,NULL,1,2,1,'8001'),(563,'2011-11-02 06:21:05',4898.0,'N/A',1,NULL,1,2,1,'8001'),(564,'2011-11-02 06:21:40',4898.0,'N/A',1,NULL,1,2,1,'8001'),(569,'2011-11-02 06:44:38',4898.0,'N/A',1,NULL,1,2,1,'8001'),(570,'2011-11-02 06:48:29',4898.0,'N/A',1,NULL,1,2,1,'8001'),(571,'2011-11-02 06:51:17',4898.0,'N/A',1,NULL,1,2,1,'8001'),(572,'2011-11-02 06:55:49',4898.0,'N/A',1,NULL,1,2,1,'8001'),(573,'2011-11-02 06:58:16',4898.0,'N/A',1,NULL,1,2,1,'8001'),(574,'2011-11-02 06:59:36',4898.0,'N/A',1,NULL,1,2,1,'8001'),(575,'2011-11-02 07:01:46',4898.0,'N/A',1,NULL,1,2,1,'8001'),(576,'2011-11-02 07:03:02',4898.0,'N/A',1,NULL,1,2,1,'8001'),(577,'2011-11-02 07:04:27',4898.0,'N/A',1,NULL,1,2,1,'8001'),(578,'2011-11-02 07:05:52',4898.0,'N/A',1,NULL,1,2,1,'8001'),(579,'2011-11-02 07:07:08',4898.0,'N/A',1,NULL,1,2,1,'8001'),(580,'2011-11-02 07:08:55',4898.0,'N/A',1,NULL,1,2,1,'8001'),(581,'2011-11-02 07:15:48',4998.0,'N/A',1,NULL,1,1,1,'8001'),(583,'2011-11-02 08:03:57',4998.0,'N/A',1,NULL,1,2,1,'8001'),(584,'2011-11-02 20:09:40',4898.0,'N/A',1,NULL,1,2,1,'8001'),(585,'2011-11-02 20:30:13',4898.0,'N/A',1,NULL,1,2,1,'8001'),(586,'2011-11-02 20:30:44',4898.0,'N/A',1,NULL,1,2,1,'8001'),(588,'2011-11-02 22:36:44',20.0,'N/A',1,NULL,1,2,1,'8001'),(589,'2011-11-02 22:37:10',80.0,'N/A',1,NULL,1,2,1,'8001'),(591,'2011-11-02 22:38:03',60.0,'N/A',1,NULL,1,2,1,'8001'),(593,'2011-11-02 22:38:21',40.0,'N/A',1,NULL,1,2,1,'8001'),(594,'2011-11-03 04:08:33',20.0,'N/A',1,NULL,1,2,1,'8001'),(595,'2011-11-03 04:11:39',20.0,'N/A',1,NULL,1,2,1,'8001'),(596,'2011-11-03 04:13:43',20.0,'N/A',1,NULL,1,2,1,'8001'),(597,'2011-11-03 04:16:27',20.0,'N/A',1,NULL,1,2,1,'8001'),(598,'2011-11-03 04:17:31',20.0,'N/A',1,NULL,1,2,1,'8001'),(599,'2011-11-03 04:19:11',20.0,'N/A',1,NULL,1,2,1,'8001'),(600,'2011-11-03 04:19:58',20.0,'N/A',1,NULL,1,2,1,'8001'),(601,'2011-11-03 04:32:19',20.0,'N/A',1,NULL,1,2,1,'8001'),(602,'2011-11-03 05:15:48',240.0,'N/A',1,NULL,1,2,1,'8001'),(603,'2011-11-03 05:16:39',260.0,'N/A',1,NULL,1,2,1,'8001'),(604,'2011-11-03 05:17:06',60.0,'N/A',1,NULL,1,2,4,'8001'),(605,'2011-11-03 05:17:31',260.0,'N/A',1,NULL,1,2,2,'8001'),(606,'2011-11-03 05:45:09',60.0,'604',2,NULL,1,1,3,'8001'),(607,'2011-11-03 05:51:47',20.0,'N/A',1,NULL,1,2,1,'8001'),(608,'2011-11-03 05:52:15',20.0,'N/A',1,NULL,1,2,1,'8001'),(609,'2011-11-03 05:53:29',60.0,'N/A',1,NULL,1,2,1,'8001'),(610,'2011-11-03 05:53:43',20.0,'N/A',1,NULL,1,2,1,'8001'),(611,'2011-11-03 05:54:27',20.0,'N/A',1,NULL,1,2,1,'8001'),(612,'2011-11-03 05:54:38',20.0,'N/A',1,NULL,1,2,1,'8001'),(613,'2011-11-03 05:55:18',20.0,'N/A',1,NULL,1,2,1,'8001'),(614,'2011-11-03 05:55:25',20.0,'N/A',1,NULL,1,2,1,'8001'),(615,'2011-11-03 05:59:47',20.0,'N/A',1,NULL,1,2,1,'8001'),(616,'2011-11-03 06:00:17',20.0,'N/A',1,NULL,1,2,1,'8001'),(617,'2011-11-03 06:03:22',20.0,'N/A',1,NULL,1,2,1,'8001'),(618,'2011-11-03 06:03:44',20.0,'N/A',1,NULL,1,2,1,'8001'),(619,'2011-11-03 06:04:47',20.0,'N/A',1,NULL,1,2,1,'8001'),(620,'2011-11-03 06:06:25',20.0,'N/A',1,NULL,1,2,1,'8001'),(621,'2011-11-03 06:08:20',20.0,'N/A',1,NULL,1,2,1,'8001'),(622,'2011-11-03 06:09:01',20.0,'N/A',1,NULL,1,2,1,'8001'),(623,'2011-11-03 06:13:10',20.0,'N/A',1,NULL,1,2,1,'8001'),(624,'2011-11-03 06:14:53',20.0,'N/A',1,NULL,1,2,1,'8001'),(625,'2011-11-03 06:18:10',20.0,'N/A',1,NULL,1,2,1,'8001'),(626,'2011-11-03 06:18:19',20.0,'N/A',1,NULL,1,2,1,'8001'),(627,'2011-11-03 06:37:55',20.0,'N/A',1,NULL,1,2,1,'8001'),(628,'2011-11-03 06:38:16',20.0,'N/A',1,NULL,1,2,1,'8001'),(629,'2011-11-03 06:38:35',20.0,'N/A',1,NULL,1,2,1,'8001'),(630,'2011-11-03 06:38:53',20.0,'N/A',1,NULL,1,2,1,'8001'),(631,'2011-11-03 06:39:03',40.0,'N/A',1,NULL,1,2,1,'8001'),(632,'2011-11-03 06:39:19',160.0,'N/A',1,NULL,1,2,1,'8001'),(633,'2011-11-03 06:40:40',20.0,'N/A',1,NULL,1,2,1,'8001'),(634,'2011-11-03 06:47:53',20.0,'N/A',1,NULL,1,2,1,'8001'),(635,'2011-11-03 06:49:03',280.0,'N/A',1,NULL,1,2,1,'8001'),(636,'2011-11-03 06:54:17',280.0,'N/A',1,NULL,1,2,1,'8001'),(637,'2011-11-03 06:55:53',280.0,'N/A',1,NULL,1,2,1,'8001'),(638,'2011-11-03 06:59:16',280.0,'N/A',1,NULL,1,2,1,'8001'),(639,'2011-11-03 07:01:27',280.0,'N/A',1,NULL,1,2,1,'8001'),(641,'2011-11-03 07:02:43',280.0,'N/A',1,NULL,1,2,1,'8001'),(643,'2011-11-03 07:04:09',280.0,'N/A',1,NULL,1,2,1,'8001'),(644,'2011-11-03 07:05:32',280.0,'N/A',1,NULL,1,2,1,'8001'),(645,'2011-11-03 07:06:35',280.0,'N/A',1,NULL,1,2,1,'8001'),(646,'2011-11-03 07:39:52',280.0,'N/A',1,NULL,1,2,1,'8001'),(647,'2011-11-03 07:47:00',280.0,'N/A',1,NULL,1,2,1,'8001'),(648,'2011-11-03 07:47:41',280.0,'N/A',1,NULL,1,2,1,'8001'),(649,'2011-11-03 07:49:29',280.0,'N/A',1,NULL,1,2,1,'8001'),(650,'2011-11-03 07:52:33',280.0,'N/A',1,NULL,1,2,1,'8001'),(651,'2011-11-03 07:54:16',280.0,'N/A',1,NULL,1,2,1,'8001'),(652,'2011-11-03 07:55:04',280.0,'N/A',1,NULL,1,2,1,'8001'),(653,'2011-11-03 07:55:50',280.0,'N/A',1,NULL,1,2,1,'8001'),(655,'2011-11-03 08:19:18',280.0,'N/A',1,NULL,1,2,1,'8001'),(659,'2011-11-03 08:38:50',280.0,'N/A',1,NULL,1,2,1,'8001'),(660,'2011-11-03 08:40:02',280.0,'N/A',1,NULL,1,2,1,'8001'),(661,'2011-11-03 08:41:16',280.0,'N/A',1,NULL,1,2,1,'8001'),(662,'2011-11-03 08:41:57',280.0,'N/A',1,NULL,1,2,1,'8001'),(663,'2011-11-03 08:42:28',280.0,'N/A',1,NULL,1,2,1,'8001'),(664,'2011-11-03 08:43:07',280.0,'N/A',1,NULL,1,2,1,'8001'),(666,'2011-11-03 08:44:37',280.0,'N/A',1,NULL,1,2,1,'8001'),(670,'2011-11-03 08:53:38',280.0,'N/A',1,NULL,1,2,1,'8001'),(671,'2011-11-03 08:58:22',280.0,'N/A',1,NULL,1,2,1,'8001'),(672,'2011-11-03 09:00:51',280.0,'N/A',1,NULL,1,2,1,'8001'),(673,'2011-11-03 09:02:17',280.0,'N/A',1,NULL,1,2,1,'8001'),(674,'2011-11-03 09:05:38',280.0,'N/A',1,NULL,1,2,1,'8001'),(675,'2011-11-03 09:07:30',280.0,'N/A',1,NULL,1,2,1,'8001'),(676,'2011-11-03 09:08:12',20.0,'N/A',1,NULL,1,2,1,'8001'),(677,'2011-11-03 09:10:23',280.0,'N/A',1,NULL,1,2,1,'8001'),(678,'2011-11-03 09:12:13',280.0,'N/A',1,NULL,1,2,1,'8001'),(679,'2011-11-03 09:12:26',280.0,'N/A',1,NULL,1,2,1,'8001'),(680,'2011-11-03 09:12:49',280.0,'N/A',1,NULL,1,2,1,'8001'),(681,'2011-11-03 09:23:05',260.0,'N/A',1,NULL,1,2,1,'8001'),(682,'2011-11-03 09:28:00',260.0,'N/A',1,NULL,1,2,1,'8001'),(683,'2011-11-03 09:29:35',280.0,'N/A',1,NULL,1,2,1,'8001'),(684,'2011-11-03 09:31:32',280.0,'N/A',1,NULL,1,2,1,'8001'),(687,'2011-11-03 09:39:08',260.0,'N/A',1,NULL,1,2,1,'8001'),(688,'2011-11-03 10:13:35',20.0,'N/A',1,NULL,1,2,2,'8001'),(689,'2011-11-03 11:41:34',20.0,'N/A',1,NULL,1,2,1,'8001'),(690,'2011-11-03 11:42:59',20.0,'N/A',1,NULL,1,2,2,'8001'),(691,'2011-11-03 11:43:48',20.0,'N/A',1,NULL,1,2,1,'8001'),(692,'2011-11-03 11:44:48',20.0,'N/A',1,NULL,1,2,2,'8001'),(693,'2011-11-03 12:45:34',220.0,'N/A',1,NULL,1,2,2,'8001'),(694,'2011-11-03 12:48:58',220.0,'693',2,NULL,1,1,3,'8001'),(695,'2011-11-03 12:50:59',220.0,'N/A',1,NULL,1,2,2,'8001'),(696,'2011-11-03 12:55:55',220.0,'N/A',1,NULL,1,2,2,'8001'),(697,'2011-11-03 13:32:30',220.0,'N/A',1,NULL,1,2,2,'8001'),(698,'2011-11-03 13:33:06',220.0,'N/A',1,NULL,1,2,2,'8001'),(699,'2011-11-03 13:37:19',4898.0,'N/A',1,NULL,1,2,2,'8001'),(700,'2011-11-03 13:38:47',9896.0,'N/A',1,NULL,1,2,2,'8001'),(702,'2011-11-03 18:16:46',220.0,'N/A',1,NULL,1,2,1,'8001'),(703,'2011-11-03 18:17:23',20.0,'N/A',1,NULL,1,2,2,'8001'),(704,'2011-11-03 18:38:52',4898.0,'N/A',1,NULL,1,2,1,'8001'),(705,'2011-11-04 21:00:10',20.0,'N/A',1,NULL,1,2,1,'8001'),(706,'2011-11-04 21:00:29',20.0,'N/A',1,NULL,1,2,1,'8001'),(707,'2011-11-04 21:14:55',2.0,'N/A',1,NULL,1,2,1,'8001'),(708,'2011-11-04 21:15:26',2.0,'N/A',1,NULL,1,2,1,'8001'),(709,'2011-11-04 21:16:50',2.0,'N/A',1,NULL,1,2,1,'8001'),(710,'2011-11-04 21:19:01',20.0,'N/A',1,NULL,1,2,1,'8001'),(712,'2011-11-04 21:20:31',20.0,'N/A',1,NULL,1,2,2,'8001'),(713,'2011-11-04 21:48:49',20.0,'N/A',1,NULL,1,2,4,'8001'),(714,'2011-11-04 21:49:00',20.0,'713',2,NULL,1,1,3,'8001'),(715,'2011-11-04 21:49:25',2.0,'N/A',1,NULL,1,2,2,'8001'),(716,'2011-11-04 21:50:23',20.0,'N/A',1,NULL,1,2,1,'8001'),(717,'2011-11-04 21:51:04',4998.0,'N/A',1,NULL,1,2,2,'8001'),(718,'2011-11-04 21:53:22',2.0,'N/A',1,NULL,1,2,1,'8001'),(719,'2011-11-04 21:54:04',2.0,'N/A',1,NULL,1,2,1,'8001'),(720,'2011-11-04 21:54:12',2.0,'N/A',1,NULL,1,2,1,'8001'),(721,'2011-11-04 21:54:34',20.0,'N/A',1,NULL,1,2,1,'8001'),(722,'2011-11-04 21:55:54',2.0,'N/A',1,NULL,1,2,2,'8001'),(723,'2011-11-04 21:56:51',2.0,'N/A',1,NULL,1,2,4,'8001'),(724,'2011-11-04 21:56:57',2.0,'723',2,NULL,1,1,3,'8001'),(725,'2011-11-04 22:18:49',2.0,'N/A',1,NULL,1,2,1,'8001'),(726,'2011-11-04 22:19:13',2.0,'N/A',1,NULL,1,2,2,'8001'),(729,'2011-11-04 22:21:08',22.0,'N/A',1,NULL,1,2,2,'8001'),(731,'2011-11-04 23:27:22',20.0,'N/A',1,NULL,1,2,2,'8001'),(732,'2011-11-04 23:27:48',24.0,'N/A',1,NULL,1,2,2,'8001'),(734,'2011-11-04 23:29:19',40.0,'N/A',1,NULL,1,2,2,'8001'),(736,'2011-11-04 23:30:26',40.0,'N/A',1,NULL,1,2,2,'8001'),(738,'2011-11-04 23:33:21',40.0,'N/A',1,NULL,1,2,2,'8001'),(742,'2011-11-04 23:39:03',40.0,'N/A',1,NULL,1,2,2,'8001'),(743,'2011-11-04 23:39:27',40.0,'N/A',1,NULL,1,2,2,'8001'),(745,'2011-11-04 23:40:24',40.0,'N/A',1,NULL,1,2,2,'8001'),(747,'2011-11-04 23:40:50',40.0,'N/A',1,NULL,1,2,2,'8001'),(751,'2011-11-04 23:45:04',40.0,'N/A',1,NULL,1,2,2,'8001'),(752,'2011-11-04 23:47:06',40.0,'N/A',1,NULL,1,2,2,'8001'),(755,'2011-11-09 10:47:40',20.0,'N/A',1,NULL,1,2,2,'8001'),(756,'2011-11-09 12:19:49',4.0,'N/A',1,NULL,1,2,4,'8001'),(757,'2011-11-13 15:27:37',4.0,'756',2,NULL,1,1,3,'8001'),(759,'2011-11-13 22:24:51',200.0,'N/A',1,NULL,1,2,4,'8001'),(760,'2011-11-13 22:30:53',200.0,'759',2,NULL,1,1,3,'8001'),(761,'2011-11-14 10:02:08',400.0,'N/A',1,NULL,1,2,4,'8001'),(762,'2011-11-14 10:05:36',400.0,'761',2,NULL,1,1,3,'8001'),(763,'2011-11-14 10:06:09',200.0,'N/A',1,NULL,1,2,4,'8001'),(764,'2011-11-14 10:06:19',200.0,'763',2,NULL,1,1,3,'8001'),(765,'2011-11-14 10:29:58',120.0,'763',2,NULL,1,1,3,'8001'),(766,'2011-11-14 10:42:18',200.0,'763',2,NULL,1,1,3,'8001'),(767,'2011-11-14 10:45:36',0.0,'763',2,NULL,1,1,3,'8001'),(768,'2011-11-14 10:55:28',400.0,'N/A',1,NULL,1,2,4,'8001'),(769,'2011-11-14 10:58:42',200.0,'768',2,NULL,1,1,3,'8001'),(770,'2011-11-14 10:58:59',100.0,'768',2,NULL,1,1,3,'8001'),(771,'2011-11-14 11:01:55',80.0,'768',2,NULL,1,1,3,'8001'),(772,'2011-11-14 11:03:00',20.0,'768',2,NULL,1,1,3,'8001'),(773,'2011-11-14 11:03:34',200.0,'N/A',1,NULL,1,2,4,'8001'),(774,'2011-11-14 11:03:41',120.0,'773',2,NULL,1,1,3,'8001'),(775,'2011-11-14 11:37:00',204.0,'N/A',1,NULL,1,2,4,'8001'),(776,'2011-11-14 11:37:08',2.0,'775',2,NULL,1,1,3,'8001'),(777,'2011-11-14 11:37:20',100.0,'775',2,NULL,1,1,3,'8001'),(778,'2011-11-14 11:39:07',100.0,'775',2,NULL,1,1,3,'8001'),(779,'2011-11-14 11:42:15',20.0,'N/A',1,NULL,1,2,4,'8001'),(780,'2011-11-14 11:42:25',20.0,'779',2,NULL,1,1,3,'8001'),(781,'2011-11-14 11:44:08',2.0,'775',2,NULL,1,1,3,'8001'),(782,'2011-11-14 17:41:01',20.0,'N/A',1,NULL,1,2,4,'8001'),(784,'2011-11-14 17:41:28',20.0,'N/A',1,NULL,1,2,4,'8001'),(789,'2011-11-14 17:46:08',20.0,'784',2,NULL,3,2,3,'7777'),(790,'2011-11-14 17:49:32',20.0,'N/A',1,NULL,1,2,4,'8001'),(791,'2011-11-14 17:49:44',20.0,'790',2,NULL,3,2,3,'7777'),(792,'2011-11-14 18:34:40',20.0,'790',2,NULL,3,2,3,'7777'),(793,'2011-11-14 18:38:22',20.0,'N/A',1,NULL,1,2,4,'8001'),(794,'2011-11-14 20:11:27',20.0,'793',2,NULL,3,2,3,'7777'),(795,'2011-11-14 20:18:27',20.0,'N/A',1,NULL,1,2,4,'8001'),(796,'2011-11-14 20:18:38',20.0,'795',2,NULL,3,2,3,'7777'),(797,'2011-11-14 22:17:15',20.0,'N/A',1,NULL,1,2,4,'8001'),(798,'2011-11-14 22:19:52',20.0,'797',2,NULL,3,2,3,'7777'),(799,'2011-11-15 11:30:08',20.0,'N/A',1,NULL,1,1,4,'8001'),(800,'2011-11-15 11:30:14',20.0,'799',2,NULL,3,1,3,'7777'),(801,'2011-11-15 11:32:39',20.0,'N/A',1,NULL,1,1,4,'8001'),(802,'2011-11-15 11:32:49',20.0,'801',2,NULL,3,1,3,'7777'),(803,'2011-11-15 11:39:32',20.0,'N/A',1,NULL,1,1,4,'8001'),(804,'2011-11-15 11:39:40',20.0,'803',2,NULL,3,1,3,'7777'),(805,'2011-11-15 12:00:43',20.0,'N/A',1,NULL,1,1,2,'8001'),(806,'2011-11-15 12:04:17',20.0,'N/A',1,NULL,1,1,2,'8001'),(807,'2011-11-15 12:05:18',20.0,'N/A',1,NULL,1,1,4,'8001'),(808,'2011-11-15 12:05:26',20.0,'807',2,NULL,3,1,3,'7777'),(809,'2011-11-15 12:08:48',20.0,'807',2,NULL,3,1,3,'7777'),(810,'2011-11-15 12:09:50',20.0,'N/A',1,NULL,1,1,4,'8001'),(811,'2011-11-15 12:10:11',20.0,'810',2,NULL,3,1,3,'7777'),(812,'2011-11-15 12:11:36',20.0,'N/A',1,NULL,1,1,4,'8001'),(813,'2011-11-15 12:11:40',20.0,'812',2,NULL,3,1,3,'7777'),(814,'2011-11-15 12:12:19',20.0,'812',2,NULL,3,1,3,'7777'),(815,'2011-11-15 12:12:59',20.0,'812',2,NULL,3,1,3,'7777'),(816,'2011-11-15 12:14:13',20.0,'812',2,NULL,3,1,3,'7777'),(817,'2011-11-15 12:15:07',20.0,'812',2,NULL,3,1,3,'7777'),(818,'2011-11-15 12:23:57',20.0,'N/A',1,NULL,1,1,4,'8001'),(819,'2011-11-15 12:24:20',20.0,'818',2,NULL,3,1,3,'7777'),(820,'2011-11-15 12:24:44',580.0,'N/A',1,NULL,1,1,4,'8001'),(821,'2011-11-15 12:24:58',580.0,'820',2,NULL,3,1,3,'7777'),(822,'2011-11-15 12:26:00',620.0,'N/A',1,NULL,1,1,4,'8001'),(823,'2011-11-15 12:26:13',620.0,'822',2,NULL,3,1,3,'7777'),(824,'2011-11-15 12:37:17',20.0,'N/A',1,NULL,1,1,2,'8001'),(825,'2011-11-15 12:39:28',20.0,'N/A',1,NULL,1,1,1,'8001'),(826,'2011-11-16 22:28:27',10.0,'N/A',1,NULL,1,1,2,'8001'),(827,'2011-11-16 22:30:15',20.0,'N/A',1,NULL,1,1,2,'8001'),(828,'2011-11-16 22:33:07',20.0,'N/A',1,NULL,1,1,2,'8001'),(829,'2011-11-16 22:34:02',12.0,'N/A',1,NULL,1,1,4,'8001'),(830,'2011-11-16 22:34:26',12.0,'829',2,NULL,3,1,3,'7777'),(831,'2011-11-16 22:35:51',12.0,'N/A',1,NULL,1,1,4,'8001'),(832,'2011-11-16 22:33:18',12.0,'831',2,NULL,1,1,3,'root'),(833,'2011-11-16 22:38:51',8.0,'N/A',1,NULL,1,1,4,'8100'),(834,'2011-11-16 22:39:22',8.0,'833',2,NULL,3,1,3,'7777'),(835,'2011-11-21 19:31:47',20.0,'N/A',1,NULL,1,1,1,'8001'),(836,'2011-11-21 19:34:16',20.0,'N/A',1,NULL,1,1,1,'8001'),(837,'2011-11-23 15:40:30',20.0,'N/A',1,NULL,1,1,1,'8001'),(838,'2011-11-23 15:41:33',20.0,'N/A',1,NULL,1,1,1,'8001'),(839,'2011-11-23 15:42:20',20.0,'N/A',1,NULL,1,1,1,'8001'),(840,'2011-11-23 15:43:25',20.0,'N/A',1,NULL,1,1,1,'8001'),(841,'2011-11-23 15:43:34',20.0,'N/A',1,NULL,1,1,1,'8001'),(842,'2011-11-23 15:45:30',20.0,'N/A',1,NULL,1,1,1,'8001'),(843,'2011-11-23 16:59:56',20.0,'N/A',1,NULL,1,1,1,'8001'),(844,'2011-11-23 17:00:46',20.0,'N/A',1,NULL,1,1,1,'8001'),(845,'2011-11-23 17:01:34',20.0,'N/A',1,NULL,1,1,1,'8001'),(846,'2011-11-23 17:02:49',20.0,'N/A',1,NULL,1,2,2,'8001'),(847,'2011-11-23 17:03:18',20.0,'N/A',1,NULL,1,2,1,'8001'),(848,'2011-11-23 18:00:34',20.0,'N/A',1,NULL,1,1,1,'8001'),(849,'2011-11-23 19:07:45',20.0,'N/A',1,NULL,1,2,1,'8001'),(850,'2011-11-23 19:59:44',20.0,'N/A',1,NULL,1,2,1,'8001'),(851,'2011-11-23 20:02:52',20.0,'N/A',1,NULL,1,2,1,'8001'),(852,'2011-11-23 20:05:12',20.0,'N/A',1,NULL,1,2,1,'8001'),(853,'2011-11-23 20:05:49',20.0,'N/A',1,NULL,1,2,1,'8001'),(854,'2011-11-23 20:07:45',20.0,'N/A',1,NULL,1,2,1,'8001'),(855,'2011-11-23 20:07:55',20.0,'N/A',1,NULL,1,2,1,'8001'),(856,'2011-11-23 21:20:18',20.0,'N/A',1,NULL,1,2,1,'8001'),(857,'2011-11-23 21:20:27',20.0,'N/A',1,NULL,1,2,1,'8001'),(858,'2011-11-23 21:20:27',20.0,'N/A',1,NULL,1,2,1,'8001'),(859,'2011-11-23 21:21:10',20.0,'N/A',1,NULL,1,2,1,'8001'),(860,'2011-11-23 23:39:59',20.0,'N/A',1,NULL,1,2,1,'8001'),(861,'2011-11-24 00:36:30',20.0,'N/A',1,NULL,1,2,1,'8001'),(862,'2011-11-24 00:37:56',20.0,'N/A',1,NULL,1,2,1,'8001'),(863,'2011-11-24 00:41:33',20.0,'N/A',1,NULL,1,2,1,'8001'),(864,'2011-11-24 00:41:39',20.0,'N/A',1,NULL,1,2,1,'8001'),(865,'2011-11-24 00:41:47',20.0,'N/A',1,NULL,1,2,1,'8001'),(866,'2011-11-24 00:41:55',20.0,'N/A',1,NULL,1,2,1,'8001'),(867,'2011-11-24 00:42:40',20.0,'N/A',1,NULL,1,2,1,'8001'),(868,'2011-11-24 00:42:54',20.0,'N/A',1,NULL,1,2,1,'8001');
/*!40000 ALTER TABLE `invoice` ENABLE KEYS */;
UNLOCK TABLES;

--
-- Table structure for table `invoicedetail`
--

DROP TABLE IF EXISTS `invoicedetail`;
/*!40101 SET @saved_cs_client     = @@character_set_client */;
/*!40101 SET character_set_client = utf8 */;
CREATE TABLE `invoicedetail` (
  `invoiceDetail_no` int(10) NOT NULL AUTO_INCREMENT,
  `product_no` varchar(15) DEFAULT NULL,
  `description` varchar(45) DEFAULT NULL,
  `qty` smallint(5) DEFAULT NULL,
  `discount` int(10) DEFAULT NULL,
  `price` decimal(7,1) DEFAULT NULL,
  `invoice_no` int(10) DEFAULT NULL,
  `goodsType` smallint(1) DEFAULT NULL,
  `modifyBy` varchar(4) DEFAULT NULL,
  `pastIDV` int(10) DEFAULT NULL,
  `modifyDate` datetime DEFAULT NULL,
  PRIMARY KEY (`invoiceDetail_no`),
  KEY `ind_fk_invoice` (`invoice_no`),
  KEY `ind_fk_acc` (`goodsType`),
  CONSTRAINT `ind_fk_invoice` FOREIGN KEY (`invoice_no`) REFERENCES `invoice` (`invoice_no`) ON DELETE NO ACTION ON UPDATE CASCADE
) ENGINE=InnoDB AUTO_INCREMENT=4200 DEFAULT CHARSET=utf8;
/*!40101 SET character_set_client = @saved_cs_client */;

--
-- Dumping data for table `invoicedetail`
--

LOCK TABLES `invoicedetail` WRITE;
/*!40000 ALTER TABLE `invoicedetail` DISABLE KEYS */;
INSERT INTO `invoicedetail` VALUES (1,'3633633666969',NULL,1,0,20.0,1,NULL,'1',2,NULL),(2,'3633633666969',NULL,1,0,20.0,1,NULL,'1',3,NULL),(3,'3633633666969',NULL,1,0,20.0,1,NULL,'1',4,NULL),(4,'3633633666969',NULL,1,0,20.0,2,NULL,'1',1,NULL),(5,'3633633666969',NULL,1,0,20.0,3,NULL,'1',2,NULL),(6,'3633633666969',NULL,1,0,20.0,4,NULL,'1',3,NULL),(16,'3633633666969',NULL,1,0,20.0,6,NULL,'1',10,NULL),(17,'3633633666969',NULL,1,0,20.0,7,NULL,'1',9,NULL),(18,'3633633666969',NULL,1,0,20.0,8,NULL,'1',8,NULL),(19,'3633633666969',NULL,1,0,20.0,9,NULL,'1',7,NULL),(20,'3633633666969',NULL,1,0,20.0,10,NULL,'1',11,NULL),(21,'3633633666969',NULL,1,0,20.0,11,NULL,'1',12,NULL),(22,'3633633666969',NULL,1,0,20.0,12,NULL,'1',13,NULL),(23,'',NULL,0,0,0.0,13,NULL,'1',0,NULL),(24,'',NULL,0,0,0.0,14,NULL,'1',0,NULL),(25,'',NULL,0,0,0.0,15,NULL,'1',0,NULL),(26,'',NULL,0,0,0.0,16,NULL,'1',0,NULL),(27,'',NULL,0,0,0.0,17,NULL,'1',0,NULL),(28,'3633633666969',NULL,1,0,20.0,18,NULL,'1',NULL,NULL),(29,'',NULL,0,0,0.0,19,NULL,'1',0,NULL),(30,'',NULL,0,0,0.0,20,NULL,'1',0,NULL),(31,'',NULL,0,0,0.0,21,NULL,'1',0,NULL),(32,'',NULL,0,0,0.0,22,NULL,'1',0,NULL),(33,'',NULL,0,0,0.0,23,NULL,'1',0,NULL),(34,'',NULL,0,0,0.0,24,NULL,'1',0,NULL),(35,'',NULL,0,0,0.0,25,NULL,'1',0,NULL),(36,'3633633666969',NULL,1,0,20.0,26,NULL,'1',NULL,NULL),(53,'3633633666969',NULL,1,0,20.0,28,NULL,'1',NULL,NULL),(54,'3633633666968',NULL,1,0,20.0,28,NULL,'1',NULL,NULL),(55,'3633633666969',NULL,1,0,20.0,29,NULL,'1',NULL,NULL),(56,'3633633666968',NULL,1,0,20.0,29,NULL,'1',NULL,NULL),(57,'1234567890123',NULL,1,0,4998.0,30,NULL,'1',NULL,NULL),(58,'1234567890123',NULL,1,0,4998.0,31,NULL,'1',NULL,NULL),(59,'123456789012345','SAMSUNG GALAXY NOTE',1,0,4998.0,40,NULL,'1',NULL,NULL),(60,'3633633666969','ABC SSEE 保護貼 ',1,0,20.0,41,NULL,'1',NULL,NULL),(61,'123456789012345','',1,0,4998.0,37,NULL,'1',NULL,NULL),(62,'3633633666969','ABC SSEE 保護貼 ',1,0,20.0,42,NULL,'1',NULL,NULL),(63,'3633633666969','ABC SSEE 保護貼 ',1,0,20.0,43,NULL,'1',44,NULL),(64,'3633633666969',NULL,1,0,20.0,44,NULL,'1',63,NULL),(65,'123456789012345','SAMSUNG GALAXY NOTE',1,0,4998.0,45,NULL,'1',NULL,NULL),(66,'123456789012345','SAMSUNG GALAXY NOTE',1,0,4998.0,46,NULL,'1',47,NULL),(67,'3633633666969','ABC SSEE 保護貼 ',1,0,20.0,46,NULL,'1',48,NULL),(68,'',NULL,0,0,0.0,47,NULL,'1',0,NULL),(69,'3633633666969',NULL,1,0,20.0,48,NULL,'1',67,NULL),(70,'123456789012345','SAMSUNG GALAXY NOTE',1,0,4998.0,49,NULL,'1',50,NULL),(71,'',NULL,0,0,0.0,50,NULL,'1',0,NULL),(72,'123456789012345','SAMSUNG GALAXY NOTE',1,0,4998.0,51,NULL,'1',52,NULL),(73,'123456789012345','SAMSUNG GALAXY NOTE',1,0,4998.0,52,NULL,'1',72,NULL),(74,'123456789012345','SAMSUNG GALAXY NOTE',1,0,4998.0,53,NULL,'1',54,NULL),(75,'123456789012345','SAMSUNG GALAXY NOTE',1,0,4998.0,54,NULL,'1',74,NULL),(76,'123456789012345','SAMSUNG GALAXY NOTE',1,0,4998.0,55,NULL,'1',56,NULL),(77,'123456789012345','SAMSUNG GALAXY NOTE',1,0,4998.0,56,NULL,'1',76,NULL),(78,'123456789012345','SAMSUNG GALAXY NOTE',1,0,4998.0,57,NULL,'1',NULL,NULL),(79,'123456789012345','SAMSUNG GALAXY NOTE',1,0,4998.0,58,NULL,'1',NULL,NULL),(80,'3633633666969','ABC SSEE 保護貼 ',1,0,30.0,59,NULL,'1',NULL,NULL),(81,'3633633666969','ABC SSEE 保護貼 ',1,0,20.0,59,NULL,'1',60,NULL),(82,'3633633666969','ABC SSEE 保護貼 ',1,0,20.0,60,NULL,'1',81,NULL),(83,'3633633666969','ABC SSEE 保護貼 ',1,0,20.0,62,NULL,'1',NULL,NULL),(84,'123456789012345','SAMSUNG GALAXY NOTE',1,0,4998.0,63,NULL,'1',NULL,NULL),(85,'123456789012345','SAMSUNG GALAXY NOTE',1,0,4998.0,64,NULL,'1',NULL,NULL),(86,'123456789012345','SAMSUNG GALAXY NOTE',1,0,4998.0,64,NULL,'1',NULL,NULL),(87,'123456789012345','SAMSUNG GALAXY NOTE',1,0,4998.0,64,NULL,'1',NULL,NULL),(88,'654565456545654','APPLE IPHONE 4S',1,0,4898.0,64,NULL,'1',NULL,NULL),(89,'654565456545654','APPLE IPHONE 4S',1,0,4898.0,64,NULL,'1',NULL,NULL),(90,'654565456545654','APPLE IPHONE 4S',1,0,4898.0,64,NULL,'1',NULL,NULL),(91,'654565456545654','APPLE IPHONE 4S',1,0,4898.0,64,NULL,'1',NULL,NULL),(92,'654565456545654','APPLE IPHONE 4S',1,0,4898.0,64,NULL,'1',NULL,NULL),(93,'123456789012345','SAMSUNG GALAXY NOTE',1,0,4998.0,64,NULL,'1',NULL,NULL),(94,'3633633666968','GGFG DDS 保護貼',1,0,20.0,65,NULL,'1',NULL,NULL),(95,'3633633666969','ABC SSEE 保護貼 ',1,0,20.0,65,NULL,'1',NULL,NULL),(96,'3633633666969','ABC SSEE 保護貼 ',1,0,20.0,65,NULL,'1',NULL,NULL),(97,'3633633666968','GGFG DDS 保護貼',1,0,20.0,65,NULL,'1',NULL,NULL),(98,'123456789012345','SAMSUNG GALAXY NOTE',1,0,4998.0,65,NULL,'1',66,NULL),(99,'3633633666969','ABC SSEE 保護貼 ',1,0,20.0,65,NULL,'1',NULL,NULL),(100,'654565456545654','APPLE IPHONE 4S',1,0,4898.0,65,NULL,'1',NULL,NULL),(101,'123456789012345','SAMSUNG GALAXY NOTE',1,0,4998.0,65,NULL,'1',NULL,NULL),(102,'654565456545654','APPLE IPHONE 4S',1,0,4898.0,65,NULL,'1',NULL,NULL),(103,'123456789012345','SAMSUNG GALAXY NOTE',1,0,4998.0,66,NULL,'1',98,NULL),(104,'123456789012345','SAMSUNG GALAXY NOTE',1,0,4998.0,67,NULL,'1',NULL,NULL),(105,'123456789012345','SAMSUNG GALAXY NOTE',1,0,4998.0,67,NULL,'1',NULL,NULL),(106,'123456789012345','SAMSUNG GALAXY NOTE',1,0,4998.0,67,NULL,'1',NULL,NULL),(107,'123456789012345','SAMSUNG GALAXY NOTE',1,0,4998.0,67,NULL,'1',NULL,NULL),(108,'123456789012345','SAMSUNG GALAXY NOTE',1,0,4998.0,67,NULL,'1',NULL,NULL),(109,'3633633666969','ABC SSEE 保護貼 ',1,0,20.0,68,NULL,'1',NULL,NULL),(110,'3633633666969','ABC SSEE 保護貼 ',6,0,30.0,69,NULL,'1',NULL,NULL),(111,'3633633666969','ABC SSEE 保護貼 ',1,0,30.0,69,NULL,'1',NULL,NULL),(112,'3633633666969','ABC SSEE 保護貼 ',1,0,20.0,69,NULL,'1',NULL,NULL),(113,'123456789012345','SAMSUNG GALAXY NOTE',1,0,4998.0,70,NULL,'1',NULL,NULL),(114,'3633633666969','ABC SSEE 保護貼 ',1,0,20.0,71,NULL,'1',NULL,NULL),(115,'3633633666969','ABC SSEE 保護貼 ',1,0,20.0,72,NULL,'1',NULL,NULL),(116,'654565456545654','APPLE IPHONE 4S',1,1000,4898.0,72,NULL,'1',NULL,NULL),(117,'654565456545654','APPLE IPHONE 4S',1,100,4898.0,73,NULL,'1',NULL,NULL),(118,'123456789012345','SAMSUNG GALAXY NOTE',1,3000,4998.0,74,NULL,'1',NULL,NULL),(119,'3633633666969','ABC SSEE 保護貼 ',1,20,20.0,75,NULL,'1',NULL,NULL),(120,'123456789012345','SAMSUNG GALAXY NOTE',1,4800,4998.0,75,NULL,'1',NULL,NULL),(121,'123456789012345','SAMSUNG GALAXY NOTE',1,0,4998.0,75,NULL,'1',NULL,NULL),(122,'3633633666968','GGFG DDS 保護貼',1,0,20.0,76,NULL,'1',NULL,NULL),(123,'654565456545654','APPLE IPHONE 4S',1,0,4898.0,76,NULL,'1',NULL,NULL),(124,'3633633666969','ABC SSEE 保護貼 ',1,20,20.0,76,NULL,'1',NULL,NULL),(125,'3633633666969','ABC SSEE 保護貼 ',1,20,20.0,77,NULL,'1',NULL,NULL),(126,'654565456545654','APPLE IPHONE 4S',1,0,4898.0,77,NULL,'1',NULL,NULL),(127,'3633633666968','GGFG DDS 保護貼',1,0,20.0,77,NULL,'1',NULL,NULL),(128,'654565456545654','APPLE IPHONE 4S',1,0,4898.0,78,NULL,'1',NULL,NULL),(129,'3633633666968','GGFG DDS 保護貼',1,0,20.0,78,NULL,'1',NULL,NULL),(130,'3633633666969','ABC SSEE 保護貼 ',1,20,20.0,78,NULL,'1',NULL,NULL),(131,'3633633666969','ABC SSEE 保護貼 ',1,20,20.0,79,NULL,'1',NULL,NULL),(132,'3633633666969','ABC SSEE 保護貼 ',1,0,20.0,79,NULL,'1',NULL,NULL),(133,'3633633666969','ABC SSEE 保護貼 ',1,0,20.0,80,NULL,'1',NULL,NULL),(134,'3633633666969','ABC SSEE 保護貼 ',1,20,20.0,80,NULL,'1',NULL,NULL),(135,'654565456545654','APPLE IPHONE 4S',1,4000,4898.0,81,NULL,'1',NULL,NULL),(136,'654565456545654','APPLE IPHONE 4S',1,0,4898.0,81,NULL,'1',NULL,NULL),(137,'3633633666969','ABC SSEE 保護貼 ',1,20,20.0,81,NULL,'1',NULL,NULL),(138,'123456789012345','SAMSUNG GALAXY NOTE',1,0,4998.0,81,NULL,'1',NULL,NULL),(139,'123456789012345','SAMSUNG GALAXY NOTE',1,0,4998.0,82,NULL,'1',NULL,NULL),(140,'654565456545654','APPLE IPHONE 4S',1,0,4898.0,83,NULL,'1',NULL,NULL),(141,'3633633666969','ABC SSEE 保護貼 ',1,0,20.0,84,NULL,'1',NULL,NULL),(142,'654565456545654','APPLE IPHONE 4S',1,0,4898.0,85,NULL,'1',NULL,NULL),(143,'3633633666969','ABC SSEE 保護貼 ',1,0,20.0,86,NULL,'1',NULL,NULL),(144,'3633633666969','ABC SSEE 保護貼 ',1,0,20.0,87,NULL,'1',NULL,NULL),(145,'3633633666969','ABC SSEE 保護貼 ',1,0,20.0,88,NULL,'1',NULL,NULL),(146,'3633633666969','ABC SSEE 保護貼 ',1,0,20.0,89,NULL,'1',NULL,NULL),(147,'3633633666969','ABC SSEE 保護貼 ',1,0,20.0,90,NULL,'1',NULL,NULL),(148,'3633633666969','ABC SSEE 保護貼 ',1,0,20.0,91,NULL,'1',NULL,NULL),(149,'3633633666969','ABC SSEE 保護貼 ',1,0,20.0,92,NULL,'1',NULL,NULL),(150,'3633633666969','ABC SSEE 保護貼 ',1,0,20.0,93,NULL,'1',NULL,NULL),(151,'3633633666969','ABC SSEE 保護貼 ',1,0,20.0,94,NULL,'1',NULL,NULL),(152,'3633633666969','ABC SSEE 保護貼 ',1,0,20.0,95,NULL,'1',NULL,NULL),(153,'3633633666969','ABC SSEE 保護貼 ',1,0,20.0,96,NULL,'1',NULL,NULL),(154,'3633633666969','ABC SSEE 保護貼 ',1,0,20.0,97,NULL,'1',NULL,NULL),(155,'3633633666969','ABC SSEE 保護貼 ',1,0,20.0,99,NULL,'1',NULL,NULL),(156,'3633633666969','ABC SSEE 保護貼 ',1,0,20.0,100,NULL,'1',NULL,NULL),(157,'3633633666969','ABC SSEE 保護貼 ',1,0,20.0,101,NULL,'1',NULL,NULL),(158,'3633633666969','ABC SSEE 保護貼 ',1,0,20.0,103,NULL,'1',NULL,NULL),(159,'3633633666969','ABC SSEE 保護貼 ',1,0,20.0,104,NULL,'1',NULL,NULL),(160,'3633633666969','ABC SSEE 保護貼 ',1,0,20.0,105,NULL,'1',NULL,NULL),(161,'3633633666969','ABC SSEE 保護貼 ',1,0,20.0,106,NULL,'1',NULL,NULL),(162,'3633633666969','ABC SSEE 保護貼 ',1,0,20.0,109,NULL,'1',NULL,NULL),(163,'3633633666969','ABC SSEE 保護貼 ',1,0,20.0,110,NULL,'1',NULL,NULL),(164,'3633633666969','ABC SSEE 保護貼 ',1,0,20.0,111,NULL,'1',NULL,NULL),(165,'3633633666969','ABC SSEE 保護貼 ',1,0,20.0,112,NULL,'1',NULL,NULL),(166,'3633633666969','ABC SSEE 保護貼 ',1,0,20.0,113,NULL,'1',NULL,NULL),(167,'3633633666969','ABC SSEE 保護貼 ',1,0,20.0,114,NULL,'1',NULL,NULL),(168,'3633633666969','ABC SSEE 保護貼 ',1,0,20.0,116,NULL,'1',NULL,NULL),(169,'3633633666969','ABC SSEE 保護貼 ',1,0,20.0,117,NULL,'1',NULL,NULL),(170,'3633633666969','ABC SSEE 保護貼 ',1,0,20.0,118,NULL,'1',NULL,NULL),(171,'3633633666969','ABC SSEE 保護貼 ',1,0,20.0,119,NULL,'1',NULL,NULL),(172,'3633633666969','ABC SSEE 保護貼 ',1,0,20.0,120,NULL,'1',NULL,NULL),(173,'3633633666969','ABC SSEE 保護貼 ',1,0,20.0,123,NULL,'1',NULL,NULL),(174,'3633633666969','ABC SSEE 保護貼 ',1,0,20.0,124,NULL,'1',NULL,NULL),(175,'3633633666969','ABC SSEE 保護貼 ',1,0,20.0,125,NULL,'1',NULL,NULL),(176,'3633633666969','ABC SSEE 保護貼 ',1,0,20.0,126,NULL,'1',NULL,NULL),(177,'3633633666969','ABC SSEE 保護貼 ',1,0,20.0,127,NULL,'1',NULL,NULL),(178,'3633633666969','ABC SSEE 保護貼 ',1,0,20.0,128,NULL,'1',NULL,NULL),(179,'3633633666969','ABC SSEE 保護貼 ',1,0,20.0,129,NULL,'1',NULL,NULL),(180,'3633633666969','ABC SSEE 保護貼 ',1,0,20.0,130,NULL,'1',NULL,NULL),(181,'3633633666969','ABC SSEE 保護貼 ',1,0,20.0,131,NULL,'1',132,NULL),(182,'3633633666969','ABC SSEE 保護貼 ',1,0,20.0,132,NULL,'1',181,NULL),(183,'123456789012345','SAMSUNG GALAXY NOTE',1,0,4998.0,133,NULL,'1',NULL,NULL),(184,'123456789012345','SAMSUNG GALAXY NOTE',1,0,4998.0,134,NULL,'1',NULL,NULL),(185,'3633633666969','ABC SSEE 保護貼 ',1,0,20.0,135,NULL,'1',NULL,NULL),(186,'3633633666969','ABC SSEE 保護貼 ',1,0,20.0,136,NULL,'1',NULL,NULL),(187,'3633633666969','ABC SSEE 保護貼 ',1,0,20.0,138,NULL,'1',NULL,NULL),(188,'3633633666969','ABC SSEE 保護貼 ',1,0,20.0,139,NULL,'1',NULL,NULL),(189,'3633633666968','GGFG DDS 保護貼',1,0,20.0,140,NULL,'1',NULL,NULL),(190,'3633633666969','ABC SSEE 保護貼 ',1,0,20.0,141,NULL,'1',NULL,NULL),(191,'3633633666969','ABC SSEE 保護貼 ',1,0,20.0,142,NULL,'1',NULL,NULL),(192,'3633633666969','ABC SSEE 保護貼 ',1,0,20.0,144,NULL,'1',NULL,NULL),(193,'654565456545654','APPLE IPHONE 4S',1,0,4898.0,147,NULL,'1',NULL,NULL),(194,'3633633666969','ABC SSEE 保護貼 ',1,0,20.0,148,NULL,'1',NULL,NULL),(195,'3633633666969','ABC SSEE 保護貼 ',1,0,20.0,149,NULL,'1',NULL,NULL),(196,'3633633666969','ABC SSEE 保護貼 ',1,0,20.0,150,NULL,'1',NULL,NULL),(197,'654565456545654','APPLE IPHONE 4S',1,0,4898.0,151,NULL,'1',NULL,NULL),(198,'3633633666969','ABC SSEE 保護貼 ',1,0,20.0,152,NULL,'1',NULL,NULL),(199,'3633633666969','ABC SSEE 保護貼 ',1,0,20.0,153,NULL,'1',NULL,NULL),(200,'3633633666969','ABC SSEE 保護貼 ',1,0,20.0,154,NULL,'1',NULL,NULL),(201,'3633633666969','ABC SSEE 保護貼 ',1,0,20.0,155,NULL,'1',NULL,NULL),(202,'3633633666969','ABC SSEE 保護貼 ',1,0,20.0,157,NULL,'1',NULL,NULL),(203,'3633633666969','ABC SSEE 保護貼 ',1,0,20.0,158,NULL,'1',NULL,NULL),(204,'3633633666969','ABC SSEE 保護貼 ',1,0,20.0,159,NULL,'1',NULL,NULL),(205,'3633633666969','ABC SSEE 保護貼 ',1,0,20.0,160,NULL,'1',NULL,NULL),(206,'3633633666969','ABC SSEE 保護貼 ',1,0,20.0,161,NULL,'1',NULL,NULL),(207,'3633633666969','ABC SSEE 保護貼 ',1,0,20.0,162,NULL,'1',NULL,NULL),(208,'3633633666969','ABC SSEE 保護貼 ',1,0,20.0,163,NULL,'1',NULL,NULL),(209,'3633633666969','ABC SSEE 保護貼 ',1,0,20.0,164,NULL,'1',NULL,NULL),(210,'3633633666969','ABC SSEE 保護貼 ',1,0,20.0,164,NULL,'1',NULL,NULL),(211,'3633633666969','ABC SSEE 保護貼 ',1,0,20.0,165,NULL,'1',NULL,NULL),(212,'3633633666969','ABC SSEE 保護貼 ',1,0,20.0,165,NULL,'1',NULL,NULL),(213,'3633633666969','ABC SSEE 保護貼 ',1,0,20.0,166,NULL,'1',NULL,NULL),(214,'3633633666969','ABC SSEE 保護貼 ',1,0,20.0,166,NULL,'1',NULL,NULL),(215,'3633633666969','ABC SSEE 保護貼 ',1,0,20.0,167,NULL,'1',NULL,NULL),(216,'3633633666969','ABC SSEE 保護貼 ',1,0,20.0,168,NULL,'1',NULL,NULL),(217,'3633633666969','ABC SSEE 保護貼 ',1,0,20.0,169,NULL,'1',NULL,NULL),(218,'3633633666969','ABC SSEE 保護貼 ',1,0,20.0,170,NULL,'1',NULL,NULL),(219,'3633633666969','ABC SSEE 保護貼 ',1,0,20.0,171,NULL,'1',NULL,NULL),(220,'3633633666969','ABC SSEE 保護貼 ',1,0,20.0,172,NULL,'1',NULL,NULL),(221,'3633633666969','ABC SSEE 保護貼 ',1,0,20.0,173,NULL,'1',NULL,NULL),(222,'3633633666969','ABC SSEE 保護貼 ',1,0,20.0,174,NULL,'1',NULL,NULL),(223,'3633633666969','ABC SSEE 保護貼 ',1,0,20.0,175,NULL,'1',NULL,NULL),(224,'3633633666969','ABC SSEE 保護貼 ',1,0,20.0,176,NULL,'1',NULL,NULL),(225,'3633633666969','ABC SSEE 保護貼 ',1,0,20.0,177,NULL,'1',NULL,NULL),(226,'3633633666969','ABC SSEE 保護貼 ',1,0,20.0,178,NULL,'1',NULL,NULL),(227,'3633633666969','ABC SSEE 保護貼 ',1,0,20.0,179,NULL,'1',NULL,NULL),(228,'3633633666969','ABC SSEE 保護貼 ',1,0,20.0,180,NULL,'1',NULL,NULL),(229,'3633633666969','ABC SSEE 保護貼 ',1,0,20.0,181,NULL,'1',NULL,NULL),(230,'3633633666969','ABC SSEE 保護貼 ',1,0,20.0,182,NULL,'1',NULL,NULL),(231,'3633633666969','ABC SSEE 保護貼 ',1,0,20.0,183,NULL,'1',NULL,NULL),(232,'3633633666969','ABC SSEE 保護貼 ',1,0,20.0,184,NULL,'1',NULL,NULL),(233,'3633633666969','ABC SSEE 保護貼 ',1,0,20.0,185,NULL,'1',NULL,NULL),(234,'3633633666969','ABC SSEE 保護貼 ',1,0,20.0,186,NULL,'1',NULL,NULL),(235,'3633633666969','ABC SSEE 保護貼 ',1,0,20.0,187,NULL,'1',NULL,NULL),(236,'3633633666969','ABC SSEE 保護貼 ',1,0,20.0,188,NULL,'1',NULL,NULL),(237,'3633633666969','ABC SSEE 保護貼 ',1,0,20.0,189,NULL,'1',NULL,NULL),(238,'3633633666969','ABC SSEE 保護貼 ',1,0,20.0,190,NULL,'1',NULL,NULL),(239,'3633633666969','ABC SSEE 保護貼 ',1,0,20.0,191,NULL,'1',NULL,NULL),(240,'3633633666969','ABC SSEE 保護貼 ',1,0,30.0,192,NULL,'1',NULL,NULL),(241,'3633633666969','ABC SSEE 保護貼 ',1,0,20.0,192,NULL,'1',NULL,NULL),(242,'3633633666969','ABC SSEE 保護貼 ',1,0,20.0,192,NULL,'1',NULL,NULL),(243,'3633633666969','ABC SSEE 保護貼 ',1,0,20.0,192,NULL,'1',NULL,NULL),(244,'3633633666969','ABC SSEE 保護貼 ',1,0,20.0,193,NULL,'1',NULL,NULL),(245,'3633633666969','ABC SSEE 保護貼 ',1,0,20.0,194,NULL,'1',NULL,NULL),(246,'3633633666969','ABC SSEE 保護貼 ',1,0,20.0,195,NULL,'1',NULL,NULL),(247,'3633633666969','ABC SSEE 保護貼 ',1,0,20.0,196,NULL,'1',NULL,NULL),(248,'3633633666969','ABC SSEE 保護貼 ',1,0,20.0,196,NULL,'1',NULL,NULL),(249,'3633633666969','ABC SSEE 保護貼 ',1,0,20.0,197,NULL,'1',NULL,NULL),(250,'3633633666969','ABC SSEE 保護貼 ',1,0,20.0,198,NULL,'1',NULL,NULL),(251,'3633633666969','ABC SSEE 保護貼 ',1,0,20.0,199,NULL,'1',NULL,NULL),(252,'3633633666969','ABC SSEE 保護貼 ',1,0,20.0,199,NULL,'1',NULL,NULL),(253,'3633633666969','ABC SSEE 保護貼 ',1,0,20.0,199,NULL,'1',NULL,NULL),(254,'3633633666969','ABC SSEE 保護貼 ',1,10,20.0,200,NULL,'1',NULL,NULL),(255,'3633633666969','ABC SSEE 保護貼 ',1,0,20.0,200,NULL,'1',NULL,NULL),(256,'3633633666969','ABC SSEE 保護貼 ',1,10,20.0,201,NULL,'1',NULL,NULL),(257,'3633633666969','ABC SSEE 保護貼 ',1,0,20.0,202,NULL,'1',NULL,NULL),(258,'3633633666969','ABC SSEE 保護貼 ',1,0,20.0,203,NULL,'1',NULL,NULL),(259,'3633633666969','ABC SSEE 保護貼 ',1,0,20.0,204,NULL,'1',NULL,NULL),(260,'3633633666969','ABC SSEE 保護貼 ',1,0,20.0,205,NULL,'1',NULL,NULL),(261,'3633633666969','ABC SSEE 保護貼 ',1,0,20.0,206,NULL,'1',NULL,NULL),(262,'3633633666969','ABC SSEE 保護貼 ',1,0,20.0,207,NULL,'1',NULL,NULL),(263,'3633633666969','ABC SSEE 保護貼 ',1,0,20.0,208,NULL,'1',NULL,NULL),(264,'3633633666969','ABC SSEE 保護貼 ',1,0,20.0,209,NULL,'1',NULL,NULL),(265,'3633633666969','ABC SSEE 保護貼 ',1,0,20.0,210,NULL,'1',NULL,NULL),(266,'3633633666969','ABC SSEE 保護貼 ',1,0,20.0,211,NULL,'1',NULL,NULL),(267,'3633633666969','ABC SSEE 保護貼 ',1,0,20.0,212,NULL,'1',NULL,NULL),(268,'3633633666969','ABC SSEE 保護貼 ',1,0,20.0,213,NULL,'1',NULL,NULL),(269,'3633633666969','ABC SSEE 保護貼 ',1,0,20.0,214,NULL,'1',NULL,NULL),(270,'3633633666969','ABC SSEE 保護貼 ',1,0,20.0,215,NULL,'1',NULL,NULL),(271,'3633633666969','ABC SSEE 保護貼 ',1,0,20.0,216,NULL,'1',NULL,NULL),(272,'3633633666969','ABC SSEE 保護貼 ',1,0,20.0,217,NULL,'1',NULL,NULL),(273,'3633633666969','ABC SSEE 保護貼 ',1,0,20.0,218,NULL,'1',NULL,NULL),(274,'3633633666969','ABC SSEE 保護貼 ',1,0,20.0,219,NULL,'1',NULL,NULL),(275,'3633633666969','ABC SSEE 保護貼 ',1,0,20.0,220,NULL,'1',NULL,NULL),(276,'123456789012345','SAMSUNG GALAXY NOTE',1,60,4998.0,220,NULL,'1',NULL,NULL),(277,'3633633666969','ABC SSEE 保護貼 ',1,0,20.0,221,NULL,'1',NULL,NULL),(278,'3633633666969','ABC SSEE 保護貼 ',1,0,20.0,221,NULL,'1',NULL,NULL),(279,'3633633666969','ABC SSEE 保護貼 ',1,0,20.0,221,NULL,'1',NULL,NULL),(280,'3633633666969','ABC SSEE 保護貼 ',1,0,20.0,221,NULL,'1',NULL,NULL),(281,'3633633666969','ABC SSEE 保護貼 ',1,0,20.0,221,NULL,'1',NULL,NULL),(282,'3633633666969','ABC SSEE 保護貼 ',1,0,20.0,221,NULL,'1',NULL,NULL),(283,'3633633666969','ABC SSEE 保護貼 ',1,0,20.0,221,NULL,'1',NULL,NULL),(284,'3633633666969','ABC SSEE 保護貼 ',1,0,20.0,221,NULL,'1',NULL,NULL),(285,'3633633666969','ABC SSEE 保護貼 ',1,0,20.0,221,NULL,'1',NULL,NULL),(286,'3633633666969','ABC SSEE 保護貼 ',1,0,20.0,221,NULL,'1',NULL,NULL),(287,'3633633666969','ABC SSEE 保護貼 ',1,0,20.0,221,NULL,'1',NULL,NULL),(288,'3633633666969','ABC SSEE 保護貼 ',1,0,20.0,221,NULL,'1',NULL,NULL),(289,'3633633666969','ABC SSEE 保護貼 ',1,0,20.0,221,NULL,'1',NULL,NULL),(290,'3633633666969','ABC SSEE 保護貼 ',1,0,20.0,221,NULL,'1',NULL,NULL),(291,'3633633666969','ABC SSEE 保護貼 ',1,0,20.0,221,NULL,'1',NULL,NULL),(292,'123456789012345','SAMSUNG GALAXY NOTE',1,0,4998.0,222,NULL,'1',225,NULL),(293,'123456789012345','SAMSUNG GALAXY NOTE',1,0,4998.0,222,NULL,'1',226,NULL),(294,'123456789012345','SAMSUNG GALAXY NOTE',1,0,4998.0,222,NULL,'1',NULL,NULL),(295,'123456789012345','SAMSUNG GALAXY NOTE',1,0,4998.0,222,NULL,'1',NULL,NULL),(296,'123456789012345','SAMSUNG GALAXY NOTE',1,0,4998.0,222,NULL,'1',NULL,NULL),(297,'123456789012345','SAMSUNG GALAXY NOTE',1,0,4998.0,222,NULL,'1',NULL,NULL),(298,'123456789012345','SAMSUNG GALAXY NOTE',1,0,4998.0,222,NULL,'1',NULL,NULL),(299,'123456789012345','SAMSUNG GALAXY NOTE',1,0,4998.0,222,NULL,'1',NULL,NULL),(300,'123456789012345','SAMSUNG GALAXY NOTE',1,0,4998.0,222,NULL,'1',NULL,NULL),(301,'123456789012345','SAMSUNG GALAXY NOTE',1,0,4998.0,222,NULL,'1',NULL,NULL),(302,'123456789012345','SAMSUNG GALAXY NOTE',1,0,4998.0,222,NULL,'1',NULL,NULL),(303,'123456789012345','SAMSUNG GALAXY NOTE',1,0,4998.0,222,NULL,'1',NULL,NULL),(304,'123456789012345','SAMSUNG GALAXY NOTE',1,0,4998.0,222,NULL,'1',NULL,NULL),(305,'123456789012345','SAMSUNG GALAXY NOTE',1,0,4998.0,222,NULL,'1',NULL,NULL),(306,'123456789012345','SAMSUNG GALAXY NOTE',1,0,4998.0,222,NULL,'1',NULL,NULL),(307,'123456789012345','SAMSUNG GALAXY NOTE',1,0,4998.0,222,NULL,'1',NULL,NULL),(308,'123456789012345','SAMSUNG GALAXY NOTE',1,0,4998.0,222,NULL,'1',NULL,NULL),(309,'123456789012345','SAMSUNG GALAXY NOTE',1,0,4998.0,222,NULL,'1',NULL,NULL),(310,'123456789012345','SAMSUNG GALAXY NOTE',1,0,4998.0,222,NULL,'1',NULL,NULL),(311,'123456789012345','SAMSUNG GALAXY NOTE',1,0,4998.0,222,NULL,'1',NULL,NULL),(312,'123456789012345','SAMSUNG GALAXY NOTE',1,0,4998.0,222,NULL,'1',NULL,NULL),(313,'123456789012345','SAMSUNG GALAXY NOTE',1,0,4998.0,222,NULL,'1',NULL,NULL),(314,'123456789012345','SAMSUNG GALAXY NOTE',1,0,4998.0,222,NULL,'1',NULL,NULL),(315,'123456789012345','SAMSUNG GALAXY NOTE',1,0,4998.0,222,NULL,'1',NULL,NULL),(316,'123456789012345','SAMSUNG GALAXY NOTE',1,0,4998.0,222,NULL,'1',NULL,NULL),(317,'123456789012345','SAMSUNG GALAXY NOTE',1,0,4998.0,222,NULL,'1',NULL,NULL),(318,'123456789012345','SAMSUNG GALAXY NOTE',1,0,4998.0,222,NULL,'1',NULL,NULL),(319,'123456789012345','SAMSUNG GALAXY NOTE',1,0,4998.0,222,NULL,'1',NULL,NULL),(320,'123456789012345','SAMSUNG GALAXY NOTE',1,0,4998.0,222,NULL,'1',NULL,NULL),(321,'123456789012345','SAMSUNG GALAXY NOTE',1,0,4998.0,222,NULL,'1',NULL,NULL),(322,'123456789012345','SAMSUNG GALAXY NOTE',1,0,4998.0,222,NULL,'1',NULL,NULL),(323,'3633633666969','ABC SSEE 保護貼 ',1,0,20.0,223,NULL,'1',NULL,NULL),(324,'3633633666969','ABC SSEE 保護貼 ',1,0,20.0,224,NULL,'1',NULL,NULL),(325,'3633633666969','ABC SSEE 保護貼 ',1,0,20.0,224,NULL,'1',NULL,NULL),(326,'3633633666969','ABC SSEE 保護貼 ',1,0,20.0,224,NULL,'1',NULL,NULL),(327,'3633633666969','ABC SSEE 保護貼 ',1,0,20.0,224,NULL,'1',NULL,NULL),(328,'123456789012345','SAMSUNG GALAXY NOTE',1,0,4998.0,225,NULL,'1',292,NULL),(329,'123456789012345','SAMSUNG GALAXY NOTE',1,0,4998.0,226,NULL,'1',293,NULL),(330,'3633633666969','ABC SSEE 保護貼 ',1,0,20.0,227,NULL,'1',NULL,NULL),(331,'3633633666969','ABC SSEE 保護貼 ',1,0,20.0,228,NULL,'1',NULL,NULL),(332,'3633633666969','ABC SSEE 保護貼 ',1,0,20.0,228,NULL,'1',NULL,NULL),(333,'3633633666969','ABC SSEE 保護貼 ',1,0,20.0,228,NULL,'1',NULL,NULL),(334,'3633633666969','ABC SSEE 保護貼 ',1,0,20.0,228,NULL,'1',NULL,NULL),(335,'3633633666969','ABC SSEE 保護貼 ',1,0,20.0,228,NULL,'1',NULL,NULL),(336,'3633633666969','ABC SSEE 保護貼 ',1,0,20.0,228,NULL,'1',NULL,NULL),(337,'3633633666969','ABC SSEE 保護貼 ',1,0,20.0,228,NULL,'1',NULL,NULL),(338,'123456789012345','SAMSUNG GALAXY NOTE',1,0,4998.0,228,NULL,'1',NULL,NULL),(339,'123456789012345','SAMSUNG GALAXY NOTE',1,0,4998.0,228,NULL,'1',NULL,NULL),(340,'123456789012345','SAMSUNG GALAXY NOTE',1,0,4998.0,228,NULL,'1',NULL,NULL),(341,'123456789012345','SAMSUNG GALAXY NOTE',1,0,4998.0,228,NULL,'1',NULL,NULL),(342,'123456789012345','SAMSUNG GALAXY NOTE',1,0,4998.0,228,NULL,'1',NULL,NULL),(343,'123456789012345','SAMSUNG GALAXY NOTE',1,0,4998.0,228,NULL,'1',NULL,NULL),(344,'123456789012345','SAMSUNG GALAXY NOTE',1,0,4998.0,228,NULL,'1',NULL,NULL),(345,'123456789012345','SAMSUNG GALAXY NOTE',1,0,4998.0,228,NULL,'1',NULL,NULL),(346,'123456789012345','SAMSUNG GALAXY NOTE',1,0,4998.0,228,NULL,'1',NULL,NULL),(347,'123456789012345','SAMSUNG GALAXY NOTE',1,0,4998.0,228,NULL,'1',NULL,NULL),(348,'123456789012345','SAMSUNG GALAXY NOTE',1,0,4998.0,228,NULL,'1',NULL,NULL),(349,'123456789012345','SAMSUNG GALAXY NOTE',1,0,4998.0,228,NULL,'1',NULL,NULL),(350,'123456789012345','SAMSUNG GALAXY NOTE',1,0,4998.0,228,NULL,'1',NULL,NULL),(351,'123456789012345','SAMSUNG GALAXY NOTE',1,0,4998.0,228,NULL,'1',NULL,NULL),(352,'123456789012345','SAMSUNG GALAXY NOTE',1,0,4998.0,228,NULL,'1',NULL,NULL),(353,'123456789012345','SAMSUNG GALAXY NOTE',1,0,4998.0,228,NULL,'1',NULL,NULL),(354,'123456789012345','SAMSUNG GALAXY NOTE',1,0,4998.0,228,NULL,'1',NULL,NULL),(355,'123456789012345','SAMSUNG GALAXY NOTE',1,0,4998.0,228,NULL,'1',NULL,NULL),(356,'123456789012345','SAMSUNG GALAXY NOTE',1,0,4998.0,228,NULL,'1',NULL,NULL),(357,'123456789012345','SAMSUNG GALAXY NOTE',1,0,4998.0,228,NULL,'1',NULL,NULL),(358,'123456789012345','SAMSUNG GALAXY NOTE',1,0,4998.0,228,NULL,'1',NULL,NULL),(359,'123456789012345','SAMSUNG GALAXY NOTE',1,0,4998.0,228,NULL,'1',NULL,NULL),(360,'123456789012345','SAMSUNG GALAXY NOTE',1,0,4998.0,228,NULL,'1',NULL,NULL),(361,'123456789012345','SAMSUNG GALAXY NOTE',1,0,4998.0,228,NULL,'1',NULL,NULL),(362,'123456789012345','SAMSUNG GALAXY NOTE',1,0,4998.0,228,NULL,'1',NULL,NULL),(363,'123456789012345','SAMSUNG GALAXY NOTE',1,0,4998.0,228,NULL,'1',NULL,NULL),(364,'123456789012345','SAMSUNG GALAXY NOTE',1,0,4998.0,228,NULL,'1',NULL,NULL),(365,'123456789012345','SAMSUNG GALAXY NOTE',1,0,4998.0,228,NULL,'1',NULL,NULL),(366,'123456789012345','SAMSUNG GALAXY NOTE',1,0,4998.0,228,NULL,'1',NULL,NULL),(367,'123456789012345','SAMSUNG GALAXY NOTE',1,0,4998.0,228,NULL,'1',NULL,NULL),(368,'3633633666969','ABC SSEE 保護貼 ',1,0,20.0,228,NULL,'1',NULL,NULL),(369,'123456789012345','SAMSUNG GALAXY NOTE',1,0,4998.0,228,NULL,'1',NULL,NULL),(370,'123456789012345','SAMSUNG GALAXY NOTE',1,0,4998.0,228,NULL,'1',NULL,NULL),(371,'123456789012345','SAMSUNG GALAXY NOTE',1,0,4998.0,228,NULL,'1',NULL,NULL),(372,'3633633666969','ABC SSEE 保護貼 ',1,0,20.0,229,NULL,'1',NULL,NULL),(373,'123456789012345','SAMSUNG GALAXY NOTE',1,0,4998.0,230,NULL,'1',NULL,NULL),(374,'123456789012345','SAMSUNG GALAXY NOTE',1,0,4998.0,230,NULL,'1',NULL,NULL),(375,'123456789012345','SAMSUNG GALAXY NOTE',1,0,4998.0,230,NULL,'1',NULL,NULL),(376,'123456789012345','SAMSUNG GALAXY NOTE',1,0,4998.0,230,NULL,'1',NULL,NULL),(377,'123456789012345','SAMSUNG GALAXY NOTE',1,0,4998.0,230,NULL,'1',NULL,NULL),(378,'123456789012345','SAMSUNG GALAXY NOTE',1,0,4998.0,230,NULL,'1',NULL,NULL),(379,'123456789012345','SAMSUNG GALAXY NOTE',1,0,4998.0,230,NULL,'1',NULL,NULL),(380,'123456789012345','SAMSUNG GALAXY NOTE',1,0,4998.0,230,NULL,'1',NULL,NULL),(381,'123456789012345','SAMSUNG GALAXY NOTE',1,0,4998.0,230,NULL,'1',NULL,NULL),(382,'123456789012345','SAMSUNG GALAXY NOTE',1,0,4998.0,230,NULL,'1',NULL,NULL),(383,'123456789012345','SAMSUNG GALAXY NOTE',1,0,4998.0,230,NULL,'1',NULL,NULL),(384,'123456789012345','SAMSUNG GALAXY NOTE',1,0,4998.0,230,NULL,'1',NULL,NULL),(385,'123456789012345','SAMSUNG GALAXY NOTE',1,0,4998.0,230,NULL,'1',NULL,NULL),(386,'123456789012345','SAMSUNG GALAXY NOTE',1,0,4998.0,230,NULL,'1',NULL,NULL),(387,'123456789012345','SAMSUNG GALAXY NOTE',1,0,4998.0,230,NULL,'1',NULL,NULL),(388,'123456789012345','SAMSUNG GALAXY NOTE',1,0,4998.0,230,NULL,'1',NULL,NULL),(389,'123456789012345','SAMSUNG GALAXY NOTE',1,0,4998.0,230,NULL,'1',NULL,NULL),(390,'123456789012345','SAMSUNG GALAXY NOTE',1,0,4998.0,230,NULL,'1',NULL,NULL),(391,'123456789012345','SAMSUNG GALAXY NOTE',1,0,4998.0,230,NULL,'1',NULL,NULL),(392,'123456789012345','SAMSUNG GALAXY NOTE',1,0,4998.0,230,NULL,'1',NULL,NULL),(393,'123456789012345','SAMSUNG GALAXY NOTE',1,0,4998.0,230,NULL,'1',NULL,NULL),(394,'123456789012345','SAMSUNG GALAXY NOTE',1,0,4998.0,230,NULL,'1',NULL,NULL),(395,'123456789012345','SAMSUNG GALAXY NOTE',1,0,4998.0,230,NULL,'1',NULL,NULL),(396,'123456789012345','SAMSUNG GALAXY NOTE',1,0,4998.0,230,NULL,'1',NULL,NULL),(397,'123456789012345','SAMSUNG GALAXY NOTE',1,0,4998.0,230,NULL,'1',NULL,NULL),(398,'123456789012345','SAMSUNG GALAXY NOTE',1,0,4998.0,230,NULL,'1',NULL,NULL),(399,'123456789012345','SAMSUNG GALAXY NOTE',1,0,4998.0,230,NULL,'1',NULL,NULL),(400,'123456789012345','SAMSUNG GALAXY NOTE',1,0,4998.0,230,NULL,'1',NULL,NULL),(401,'123456789012345','SAMSUNG GALAXY NOTE',1,0,4998.0,230,NULL,'1',NULL,NULL),(402,'123456789012345','SAMSUNG GALAXY NOTE',1,0,4998.0,230,NULL,'1',NULL,NULL),(403,'123456789012345','SAMSUNG GALAXY NOTE',1,0,4998.0,230,NULL,'1',NULL,NULL),(404,'123456789012345','SAMSUNG GALAXY NOTE',1,0,4998.0,230,NULL,'1',NULL,NULL),(405,'123456789012345','SAMSUNG GALAXY NOTE',1,0,4998.0,230,NULL,'1',NULL,NULL),(406,'123456789012345','SAMSUNG GALAXY NOTE',1,0,4998.0,230,NULL,'1',NULL,NULL),(407,'123456789012345','SAMSUNG GALAXY NOTE',1,0,4998.0,230,NULL,'1',NULL,NULL),(408,'123456789012345','SAMSUNG GALAXY NOTE',1,0,4998.0,230,NULL,'1',NULL,NULL),(409,'123456789012345','SAMSUNG GALAXY NOTE',1,0,4998.0,230,NULL,'1',NULL,NULL),(410,'123456789012345','SAMSUNG GALAXY NOTE',1,0,4998.0,230,NULL,'1',NULL,NULL),(411,'123456789012345','SAMSUNG GALAXY NOTE',1,0,4998.0,230,NULL,'1',NULL,NULL),(412,'123456789012345','SAMSUNG GALAXY NOTE',1,0,4998.0,230,NULL,'1',NULL,NULL),(413,'123456789012345','SAMSUNG GALAXY NOTE',1,0,4998.0,230,NULL,'1',NULL,NULL),(414,'123456789012345','SAMSUNG GALAXY NOTE',1,0,4998.0,230,NULL,'1',NULL,NULL),(415,'123456789012345','SAMSUNG GALAXY NOTE',1,0,4998.0,230,NULL,'1',NULL,NULL),(416,'123456789012345','SAMSUNG GALAXY NOTE',1,0,4998.0,230,NULL,'1',NULL,NULL),(417,'123456789012345','SAMSUNG GALAXY NOTE',1,0,4998.0,230,NULL,'1',NULL,NULL),(418,'123456789012345','SAMSUNG GALAXY NOTE',1,0,4998.0,230,NULL,'1',NULL,NULL),(419,'123456789012345','SAMSUNG GALAXY NOTE',1,0,4998.0,230,NULL,'1',NULL,NULL),(420,'123456789012345','SAMSUNG GALAXY NOTE',1,0,4998.0,230,NULL,'1',NULL,NULL),(421,'123456789012345','SAMSUNG GALAXY NOTE',1,0,4998.0,230,NULL,'1',NULL,NULL),(422,'123456789012345','SAMSUNG GALAXY NOTE',1,0,4998.0,230,NULL,'1',NULL,NULL),(423,'123456789012345','SAMSUNG GALAXY NOTE',1,0,4998.0,231,NULL,'1',NULL,NULL),(424,'3633633666969','ABC SSEE 保護貼 ',1,0,20.0,232,NULL,'1',NULL,NULL),(425,'3633633666969','ABC SSEE 保護貼 ',1,0,20.0,233,NULL,'1',NULL,NULL),(426,'3633633666969','ABC SSEE 保護貼 ',1,0,20.0,234,NULL,'1',NULL,NULL),(427,'3633633666969','ABC SSEE 保護貼 ',1,0,20.0,235,NULL,'1',NULL,NULL),(428,'3633633666969','ABC SSEE 保護貼 ',1,0,20.0,236,NULL,'1',NULL,NULL),(429,'3633633666969','ABC SSEE 保護貼 ',1,0,20.0,237,NULL,'1',NULL,NULL),(430,'3633633666969','ABC SSEE 保護貼 ',1,0,20.0,238,NULL,'1',NULL,NULL),(431,'3633633666969','ABC SSEE 保護貼 ',1,0,20.0,238,NULL,'1',NULL,NULL),(432,'3633633666969','ABC SSEE 保護貼 ',1,0,20.0,239,NULL,'1',NULL,NULL),(433,'3633633666969','ABC SSEE 保護貼 ',1,0,20.0,240,NULL,'1',NULL,NULL),(434,'3633633666969','ABC SSEE 保護貼 ',1,0,20.0,241,NULL,'1',NULL,NULL),(435,'3633633666969','ABC SSEE 保護貼 ',1,0,20.0,242,NULL,'1',NULL,NULL),(436,'3633633666969','ABC SSEE 保護貼 ',1,0,20.0,243,NULL,'1',NULL,NULL),(437,'3633633666969','ABC SSEE 保護貼 ',1,0,20.0,244,NULL,'1',NULL,NULL),(438,'3633633666969','ABC SSEE 保護貼 ',1,0,20.0,245,NULL,'1',NULL,NULL),(439,'3633633666969','ABC SSEE 保護貼 ',1,0,20.0,246,NULL,'1',NULL,NULL),(440,'3633633666969','ABC SSEE 保護貼 ',1,0,20.0,247,NULL,'1',NULL,NULL),(441,'3633633666969','ABC SSEE 保護貼 ',1,0,20.0,248,NULL,'1',NULL,NULL),(442,'3633633666969','ABC SSEE 保護貼 ',1,0,20.0,249,NULL,'1',NULL,NULL),(443,'3633633666969','ABC SSEE 保護貼 ',1,0,20.0,250,NULL,'1',NULL,NULL),(444,'3633633666969','ABC SSEE 保護貼 ',1,0,20.0,251,NULL,'1',NULL,NULL),(445,'3633633666969','ABC SSEE 保護貼 ',1,0,20.0,252,NULL,'1',NULL,NULL),(446,'123456789012345','SAMSUNG GALAXY NOTE',1,0,4998.0,253,NULL,'1',NULL,NULL),(447,'123456789012345','SAMSUNG GALAXY NOTE',1,0,4998.0,253,NULL,'1',NULL,NULL),(448,'123456789012345','SAMSUNG GALAXY NOTE',1,0,4998.0,253,NULL,'1',NULL,NULL),(449,'123456789012345','SAMSUNG GALAXY NOTE',1,0,4998.0,253,NULL,'1',NULL,NULL),(450,'3633633666969','ABC SSEE 保護貼 ',1,0,20.0,254,NULL,'1',NULL,NULL),(451,'3633633666969','ABC SSEE 保護貼 ',1,0,20.0,255,NULL,'1',NULL,NULL),(452,'3633633666969','ABC SSEE 保護貼 ',1,0,20.0,256,NULL,'1',NULL,NULL),(453,'3633633666969','ABC SSEE 保護貼 ',1,0,20.0,257,NULL,'1',NULL,NULL),(454,'3633633666969','ABC SSEE 保護貼 ',1,0,20.0,258,NULL,'1',NULL,NULL),(455,'123456789012345','SAMSUNG GALAXY NOTE',1,0,4998.0,259,NULL,'1',NULL,NULL),(456,'3633633666969','ABC SSEE 保護貼 ',1,0,20.0,260,NULL,'1',NULL,NULL),(457,'3633633666969','ABC SSEE 保護貼 ',1,0,20.0,261,NULL,'1',NULL,NULL),(458,'3633633666969','ABC SSEE 保護貼 ',1,0,20.0,262,NULL,'1',NULL,NULL),(459,'3633633666969','ABC SSEE 保護貼 ',1,0,20.0,263,NULL,'1',NULL,NULL),(460,'3633633666969','ABC SSEE 保護貼 ',1,0,20.0,264,NULL,'1',NULL,NULL),(461,'3633633666969','ABC SSEE 保護貼 ',1,0,20.0,265,NULL,'1',NULL,NULL),(462,'3633633666969','ABC SSEE 保護貼 ',1,0,20.0,266,NULL,'1',NULL,NULL),(463,'3633633666969','ABC SSEE 保護貼 ',1,0,20.0,267,NULL,'1',NULL,NULL),(464,'3633633666969','ABC SSEE 保護貼 ',1,0,20.0,268,NULL,'1',NULL,NULL),(465,'3633633666969','ABC SSEE 保護貼 ',1,0,20.0,269,NULL,'1',NULL,NULL),(466,'3633633666969','ABC SSEE 保護貼 ',1,0,20.0,270,NULL,'1',NULL,NULL),(467,'3633633666969','ABC SSEE 保護貼 ',1,0,20.0,271,NULL,'1',NULL,NULL),(468,'3633633666969','ABC SSEE 保護貼 ',1,0,20.0,272,NULL,'1',NULL,NULL),(469,'3633633666969','ABC SSEE 保護貼 ',1,0,20.0,273,NULL,'1',NULL,NULL),(470,'3633633666969','ABC SSEE 保護貼 ',1,0,20.0,274,NULL,'1',NULL,NULL),(471,'3633633666969','ABC SSEE 保護貼 ',1,0,20.0,275,NULL,'1',NULL,NULL),(472,'3633633666969','ABC SSEE 保護貼 ',1,0,20.0,276,NULL,'1',NULL,NULL),(473,'3633633666969','ABC SSEE 保護貼 ',1,0,20.0,277,NULL,'1',NULL,NULL),(474,'3633633666969','ABC SSEE 保護貼 ',1,0,20.0,278,NULL,'1',NULL,NULL),(475,'3633633666969','ABC SSEE 保護貼 ',1,0,20.0,279,NULL,'1',NULL,NULL),(476,'3633633666969','ABC SSEE 保護貼 ',1,0,20.0,280,NULL,'1',NULL,NULL),(477,'3633633666969','ABC SSEE 保護貼 ',1,0,20.0,281,NULL,'1',NULL,NULL),(478,'3633633666969','ABC SSEE 保護貼 ',1,0,20.0,282,NULL,'1',NULL,NULL),(479,'3633633666969','ABC SSEE 保護貼 ',1,0,20.0,282,NULL,'1',NULL,NULL),(480,'3633633666969','ABC SSEE 保護貼 ',1,0,20.0,282,NULL,'1',NULL,NULL),(481,'3633633666969','ABC SSEE 保護貼 ',1,0,20.0,282,NULL,'1',NULL,NULL),(482,'3633633666969','ABC SSEE 保護貼 ',1,0,20.0,282,NULL,'1',NULL,NULL),(483,'3633633666969','ABC SSEE 保護貼 ',1,0,20.0,282,NULL,'1',NULL,NULL),(484,'3633633666969','ABC SSEE 保護貼 ',1,0,20.0,282,NULL,'1',NULL,NULL),(485,'3633633666969','ABC SSEE 保護貼 ',1,0,20.0,283,NULL,'1',NULL,NULL),(486,'123456789012345','SAMSUNG GALAXY NOTE',1,0,4998.0,284,NULL,'1',NULL,NULL),(487,'3633633666969','ABC SSEE 保護貼 ',1,0,20.0,284,NULL,'1',NULL,NULL),(488,'123456789012345','SAMSUNG GALAXY NOTE',1,0,4998.0,284,NULL,'1',NULL,NULL),(489,'123456789012345','SAMSUNG GALAXY NOTE',1,0,4998.0,284,NULL,'1',NULL,NULL),(490,'3633633666969','ABC SSEE 保護貼 ',1,0,20.0,284,NULL,'1',NULL,NULL),(491,'123456789012345','SAMSUNG GALAXY NOTE',1,0,4998.0,284,NULL,'1',NULL,NULL),(492,'123456789012345','SAMSUNG GALAXY NOTE',1,0,4998.0,284,NULL,'1',NULL,NULL),(493,'123456789012345','SAMSUNG GALAXY NOTE',1,0,4998.0,284,NULL,'1',NULL,NULL),(494,'123456789012345','SAMSUNG GALAXY NOTE',1,0,4998.0,284,NULL,'1',NULL,NULL),(495,'123456789012345','SAMSUNG GALAXY NOTE',1,0,4998.0,284,NULL,'1',NULL,NULL),(496,'123456789012345','SAMSUNG GALAXY NOTE',1,0,4998.0,284,NULL,'1',NULL,NULL),(497,'123456789012345','SAMSUNG GALAXY NOTE',1,0,4998.0,284,NULL,'1',NULL,NULL),(498,'123456789012345','SAMSUNG GALAXY NOTE',1,0,4998.0,284,NULL,'1',NULL,NULL),(499,'123456789012345','SAMSUNG GALAXY NOTE',1,0,4998.0,284,NULL,'1',NULL,NULL),(500,'123456789012345','SAMSUNG GALAXY NOTE',1,0,4998.0,284,NULL,'1',NULL,NULL),(501,'123456789012345','SAMSUNG GALAXY NOTE',1,0,4998.0,285,NULL,'1',NULL,NULL),(502,'123456789012345','SAMSUNG GALAXY NOTE',1,0,4998.0,285,NULL,'1',NULL,NULL),(503,'123456789012345','SAMSUNG GALAXY NOTE',1,0,4998.0,285,NULL,'1',NULL,NULL),(504,'123456789012345','SAMSUNG GALAXY NOTE',1,0,4998.0,285,NULL,'1',NULL,NULL),(505,'123456789012345','SAMSUNG GALAXY NOTE',1,0,4998.0,285,NULL,'1',NULL,NULL),(506,'123456789012345','SAMSUNG GALAXY NOTE',1,0,4998.0,285,NULL,'1',NULL,NULL),(507,'123456789012345','SAMSUNG GALAXY NOTE',1,0,4998.0,285,NULL,'1',NULL,NULL),(508,'123456789012345','SAMSUNG GALAXY NOTE',1,0,4998.0,285,NULL,'1',NULL,NULL),(509,'123456789012345','SAMSUNG GALAXY NOTE',1,0,4998.0,285,NULL,'1',NULL,NULL),(510,'123456789012345','SAMSUNG GALAXY NOTE',1,0,4998.0,285,NULL,'1',NULL,NULL),(511,'123456789012345','SAMSUNG GALAXY NOTE',1,0,4998.0,285,NULL,'1',NULL,NULL),(512,'123456789012345','SAMSUNG GALAXY NOTE',1,0,4998.0,285,NULL,'1',NULL,NULL),(513,'123456789012345','SAMSUNG GALAXY NOTE',1,0,4998.0,285,NULL,'1',NULL,NULL),(514,'123456789012345','SAMSUNG GALAXY NOTE',1,0,4998.0,285,NULL,'1',NULL,NULL),(515,'123456789012345','SAMSUNG GALAXY NOTE',1,0,4998.0,285,NULL,'1',NULL,NULL),(516,'123456789012345','SAMSUNG GALAXY NOTE',1,0,4998.0,285,NULL,'1',NULL,NULL),(517,'123456789012345','SAMSUNG GALAXY NOTE',1,0,4998.0,285,NULL,'1',NULL,NULL),(518,'3633633666969','ABC SSEE 保護貼 ',1,0,20.0,286,NULL,'1',NULL,NULL),(519,'3633633666969','ABC SSEE 保護貼 ',1,0,20.0,287,NULL,'1',NULL,NULL),(520,'3633633666969','ABC SSEE 保護貼 ',1,0,20.0,288,NULL,'1',NULL,NULL),(521,'3633633666969','ABC SSEE 保護貼 ',1,0,20.0,289,NULL,'1',NULL,NULL),(522,'3633633666969','ABC SSEE 保護貼 ',1,0,20.0,290,NULL,'1',NULL,NULL),(523,'3633633666969','ABC SSEE 保護貼 ',1,0,20.0,290,NULL,'1',NULL,NULL),(524,'123456789012345','SAMSUNG GALAXY NOTE',1,0,4998.0,291,NULL,'1',NULL,NULL),(525,'123456789012345','SAMSUNG GALAXY NOTE',1,0,4998.0,291,NULL,'1',NULL,NULL),(526,'123456789012345','SAMSUNG GALAXY NOTE',1,0,4998.0,291,NULL,'1',NULL,NULL),(527,'3633633666969','ABC SSEE 保護貼 ',1,0,20.0,291,NULL,'1',NULL,NULL),(528,'123456789012345','SAMSUNG GALAXY NOTE',1,0,4998.0,291,NULL,'1',NULL,NULL),(529,'123456789012345','SAMSUNG GALAXY NOTE',1,0,4998.0,291,NULL,'1',NULL,NULL),(530,'123456789012345','SAMSUNG GALAXY NOTE',1,0,4998.0,291,NULL,'1',NULL,NULL),(531,'123456789012345','SAMSUNG GALAXY NOTE',1,0,4998.0,291,NULL,'1',NULL,NULL),(532,'123456789012345','SAMSUNG GALAXY NOTE',1,0,4998.0,291,NULL,'1',NULL,NULL),(533,'123456789012345','SAMSUNG GALAXY NOTE',1,0,4998.0,291,NULL,'1',NULL,NULL),(534,'123456789012345','SAMSUNG GALAXY NOTE',1,0,4998.0,291,NULL,'1',NULL,NULL),(535,'123456789012345','SAMSUNG GALAXY NOTE',1,0,4998.0,291,NULL,'1',NULL,NULL),(536,'123456789012345','SAMSUNG GALAXY NOTE',1,0,4998.0,291,NULL,'1',NULL,NULL),(537,'123456789012345','SAMSUNG GALAXY NOTE',1,0,4998.0,291,NULL,'1',NULL,NULL),(538,'123456789012345','SAMSUNG GALAXY NOTE',1,0,4998.0,291,NULL,'1',NULL,NULL),(539,'123456789012345','SAMSUNG GALAXY NOTE',1,0,4998.0,291,NULL,'1',NULL,NULL),(540,'123456789012345','SAMSUNG GALAXY NOTE',1,0,4998.0,291,NULL,'1',NULL,NULL),(541,'123456789012345','SAMSUNG GALAXY NOTE',1,0,4998.0,291,NULL,'1',NULL,NULL),(542,'123456789012345','SAMSUNG GALAXY NOTE',1,0,4998.0,291,NULL,'1',NULL,NULL),(543,'123456789012345','SAMSUNG GALAXY NOTE',1,0,4998.0,291,NULL,'1',NULL,NULL),(544,'123456789012345','SAMSUNG GALAXY NOTE',1,0,4998.0,291,NULL,'1',NULL,NULL),(545,'123456789012345','SAMSUNG GALAXY NOTE',1,0,4998.0,291,NULL,'1',NULL,NULL),(546,'123456789012345','SAMSUNG GALAXY NOTE',1,0,4998.0,292,NULL,'1',NULL,NULL),(547,'123456789012345','SAMSUNG GALAXY NOTE',1,0,4998.0,292,NULL,'1',NULL,NULL),(548,'123456789012345','SAMSUNG GALAXY NOTE',1,0,4998.0,292,NULL,'1',NULL,NULL),(549,'123456789012345','SAMSUNG GALAXY NOTE',1,0,4998.0,292,NULL,'1',NULL,NULL),(550,'123456789012345','SAMSUNG GALAXY NOTE',1,0,4998.0,292,NULL,'1',NULL,NULL),(551,'123456789012345','SAMSUNG GALAXY NOTE',1,0,4998.0,292,NULL,'1',NULL,NULL),(552,'123456789012345','SAMSUNG GALAXY NOTE',1,0,4998.0,292,NULL,'1',NULL,NULL),(553,'123456789012345','SAMSUNG GALAXY NOTE',1,0,4998.0,292,NULL,'1',NULL,NULL),(554,'123456789012345','SAMSUNG GALAXY NOTE',1,0,4998.0,292,NULL,'1',NULL,NULL),(555,'123456789012345','SAMSUNG GALAXY NOTE',1,0,4998.0,292,NULL,'1',NULL,NULL),(556,'123456789012345','SAMSUNG GALAXY NOTE',1,0,4998.0,292,NULL,'1',NULL,NULL),(557,'123456789012345','SAMSUNG GALAXY NOTE',1,0,4998.0,292,NULL,'1',NULL,NULL),(558,'123456789012345','SAMSUNG GALAXY NOTE',1,0,4998.0,292,NULL,'1',NULL,NULL),(559,'123456789012345','SAMSUNG GALAXY NOTE',1,0,4998.0,292,NULL,'1',NULL,NULL),(560,'123456789012345','SAMSUNG GALAXY NOTE',1,0,4998.0,292,NULL,'1',NULL,NULL),(561,'3633633666969','ABC SSEE 保護貼 ',1,0,20.0,293,NULL,'1',NULL,NULL),(562,'3633633666969','ABC SSEE 保護貼 ',1,0,20.0,294,NULL,'1',NULL,NULL),(563,'3633633666969','ABC SSEE 保護貼 ',1,0,20.0,294,NULL,'1',NULL,NULL),(564,'3633633666969','ABC SSEE 保護貼 ',1,0,20.0,295,NULL,'1',NULL,NULL),(565,'3633633666969','ABC SSEE 保護貼 ',1,0,20.0,296,NULL,'1',NULL,NULL),(566,'123456789012345','SAMSUNG GALAXY NOTE',1,0,4998.0,297,NULL,'1',NULL,NULL),(567,'3633633666969','ABC SSEE 保護貼 ',1,0,20.0,297,NULL,'1',NULL,NULL),(568,'123456789012345','SAMSUNG GALAXY NOTE',1,0,4998.0,297,NULL,'1',NULL,NULL),(569,'123456789012345','SAMSUNG GALAXY NOTE',1,0,4998.0,297,NULL,'1',NULL,NULL),(570,'123456789012345','SAMSUNG GALAXY NOTE',1,0,4998.0,297,NULL,'1',NULL,NULL),(571,'123456789012345','SAMSUNG GALAXY NOTE',1,0,4998.0,297,NULL,'1',NULL,NULL),(572,'123456789012345','SAMSUNG GALAXY NOTE',1,0,4998.0,297,NULL,'1',NULL,NULL),(573,'123456789012345','SAMSUNG GALAXY NOTE',1,0,4998.0,297,NULL,'1',NULL,NULL),(574,'123456789012345','SAMSUNG GALAXY NOTE',1,0,4998.0,297,NULL,'1',NULL,NULL),(575,'123456789012345','SAMSUNG GALAXY NOTE',1,0,4998.0,297,NULL,'1',NULL,NULL),(576,'123456789012345','SAMSUNG GALAXY NOTE',1,0,4998.0,297,NULL,'1',NULL,NULL),(577,'123456789012345','SAMSUNG GALAXY NOTE',1,0,4998.0,297,NULL,'1',NULL,NULL),(578,'123456789012345','SAMSUNG GALAXY NOTE',1,0,4998.0,297,NULL,'1',NULL,NULL),(579,'123456789012345','SAMSUNG GALAXY NOTE',1,0,4998.0,297,NULL,'1',NULL,NULL),(580,'123456789012345','SAMSUNG GALAXY NOTE',1,0,4998.0,297,NULL,'1',NULL,NULL),(581,'123456789012345','SAMSUNG GALAXY NOTE',1,0,4998.0,297,NULL,'1',NULL,NULL),(582,'123456789012345','SAMSUNG GALAXY NOTE',1,0,4998.0,297,NULL,'1',NULL,NULL),(583,'123456789012345','SAMSUNG GALAXY NOTE',1,0,4998.0,298,NULL,'1',NULL,NULL),(584,'123456789012345','SAMSUNG GALAXY NOTE',1,0,4998.0,298,NULL,'1',NULL,NULL),(585,'3633633666969','ABC SSEE 保護貼 ',1,0,20.0,298,NULL,'1',NULL,NULL),(586,'123456789012345','SAMSUNG GALAXY NOTE',1,0,4998.0,298,NULL,'1',NULL,NULL),(587,'123456789012345','SAMSUNG GALAXY NOTE',1,0,4998.0,298,NULL,'1',NULL,NULL),(588,'123456789012345','SAMSUNG GALAXY NOTE',1,0,4998.0,298,NULL,'1',NULL,NULL),(589,'123456789012345','SAMSUNG GALAXY NOTE',1,0,4998.0,298,NULL,'1',NULL,NULL),(590,'123456789012345','SAMSUNG GALAXY NOTE',1,0,4998.0,298,NULL,'1',NULL,NULL),(591,'123456789012345','SAMSUNG GALAXY NOTE',1,0,4998.0,298,NULL,'1',NULL,NULL),(592,'123456789012345','SAMSUNG GALAXY NOTE',1,0,4998.0,298,NULL,'1',NULL,NULL),(593,'123456789012345','SAMSUNG GALAXY NOTE',1,0,4998.0,298,NULL,'1',NULL,NULL),(594,'123456789012345','SAMSUNG GALAXY NOTE',1,0,4998.0,298,NULL,'1',NULL,NULL),(595,'123456789012345','SAMSUNG GALAXY NOTE',1,0,4998.0,298,NULL,'1',NULL,NULL),(596,'123456789012345','SAMSUNG GALAXY NOTE',1,0,4998.0,298,NULL,'1',NULL,NULL),(597,'123456789012345','SAMSUNG GALAXY NOTE',1,0,4998.0,298,NULL,'1',NULL,NULL),(598,'123456789012345','SAMSUNG GALAXY NOTE',1,0,4998.0,298,NULL,'1',NULL,NULL),(599,'123456789012345','SAMSUNG GALAXY NOTE',1,0,4998.0,298,NULL,'1',NULL,NULL),(600,'123456789012345','SAMSUNG GALAXY NOTE',1,0,4998.0,298,NULL,'1',NULL,NULL),(601,'123456789012345','SAMSUNG GALAXY NOTE',1,0,4998.0,298,NULL,'1',NULL,NULL),(602,'123456789012345','SAMSUNG GALAXY NOTE',1,0,4998.0,298,NULL,'1',NULL,NULL),(603,'123456789012345','SAMSUNG GALAXY NOTE',1,0,4998.0,298,NULL,'1',NULL,NULL),(604,'123456789012345','SAMSUNG GALAXY NOTE',1,0,4998.0,298,NULL,'1',NULL,NULL),(605,'123456789012345','SAMSUNG GALAXY NOTE',1,0,4998.0,298,NULL,'1',NULL,NULL),(606,'3633633666969','ABC SSEE 保護貼 ',1,0,20.0,299,NULL,'1',NULL,NULL),(607,'3633633666969','ABC SSEE 保護貼 ',1,0,20.0,299,NULL,'1',NULL,NULL),(608,'3633633666969','ABC SSEE 保護貼 ',1,0,20.0,300,NULL,'1',NULL,NULL),(609,'123456789012345','SAMSUNG GALAXY NOTE',1,0,4998.0,301,NULL,'1',NULL,NULL),(610,'123456789012345','SAMSUNG GALAXY NOTE',1,0,4998.0,301,NULL,'1',NULL,NULL),(611,'123456789012345','SAMSUNG GALAXY NOTE',1,0,4998.0,301,NULL,'1',NULL,NULL),(612,'3633633666969','ABC SSEE 保護貼 ',1,0,20.0,301,NULL,'1',NULL,NULL),(613,'123456789012345','SAMSUNG GALAXY NOTE',1,0,4998.0,301,NULL,'1',NULL,NULL),(614,'123456789012345','SAMSUNG GALAXY NOTE',1,0,4998.0,301,NULL,'1',NULL,NULL),(615,'123456789012345','SAMSUNG GALAXY NOTE',1,0,4998.0,301,NULL,'1',NULL,NULL),(616,'123456789012345','SAMSUNG GALAXY NOTE',1,0,4998.0,301,NULL,'1',NULL,NULL),(617,'123456789012345','SAMSUNG GALAXY NOTE',1,0,4998.0,301,NULL,'1',NULL,NULL),(618,'123456789012345','SAMSUNG GALAXY NOTE',1,0,4998.0,301,NULL,'1',NULL,NULL),(619,'123456789012345','SAMSUNG GALAXY NOTE',1,0,4998.0,301,NULL,'1',NULL,NULL),(620,'123456789012345','SAMSUNG GALAXY NOTE',1,0,4998.0,301,NULL,'1',NULL,NULL),(621,'123456789012345','SAMSUNG GALAXY NOTE',1,0,4998.0,301,NULL,'1',NULL,NULL),(622,'123456789012345','SAMSUNG GALAXY NOTE',1,0,4998.0,301,NULL,'1',NULL,NULL),(623,'123456789012345','SAMSUNG GALAXY NOTE',1,0,4998.0,301,NULL,'1',NULL,NULL),(624,'123456789012345','SAMSUNG GALAXY NOTE',1,0,4998.0,301,NULL,'1',NULL,NULL),(625,'123456789012345','SAMSUNG GALAXY NOTE',1,0,4998.0,302,NULL,'1',NULL,NULL),(626,'123456789012345','SAMSUNG GALAXY NOTE',1,0,4998.0,302,NULL,'1',NULL,NULL),(627,'3633633666969','ABC SSEE 保護貼 ',1,0,20.0,302,NULL,'1',NULL,NULL),(628,'123456789012345','SAMSUNG GALAXY NOTE',1,0,4998.0,302,NULL,'1',NULL,NULL),(629,'123456789012345','SAMSUNG GALAXY NOTE',1,0,4998.0,302,NULL,'1',NULL,NULL),(630,'123456789012345','SAMSUNG GALAXY NOTE',1,0,4998.0,302,NULL,'1',NULL,NULL),(631,'123456789012345','SAMSUNG GALAXY NOTE',1,0,4998.0,302,NULL,'1',NULL,NULL),(632,'3633633666969','ABC SSEE 保護貼 ',1,0,20.0,302,NULL,'1',NULL,NULL),(633,'123456789012345','SAMSUNG GALAXY NOTE',1,0,4998.0,302,NULL,'1',NULL,NULL),(634,'123456789012345','SAMSUNG GALAXY NOTE',1,0,4998.0,302,NULL,'1',NULL,NULL),(635,'123456789012345','SAMSUNG GALAXY NOTE',1,0,4998.0,302,NULL,'1',NULL,NULL),(636,'123456789012345','SAMSUNG GALAXY NOTE',1,0,4998.0,302,NULL,'1',NULL,NULL),(637,'123456789012345','SAMSUNG GALAXY NOTE',1,0,4998.0,302,NULL,'1',NULL,NULL),(638,'123456789012345','SAMSUNG GALAXY NOTE',1,0,4998.0,302,NULL,'1',NULL,NULL),(639,'123456789012345','SAMSUNG GALAXY NOTE',1,0,4998.0,302,NULL,'1',NULL,NULL),(640,'123456789012345','SAMSUNG GALAXY NOTE',1,0,4998.0,302,NULL,'1',NULL,NULL),(641,'123456789012345','SAMSUNG GALAXY NOTE',1,0,4998.0,302,NULL,'1',NULL,NULL),(642,'123456789012345','SAMSUNG GALAXY NOTE',1,0,4998.0,302,NULL,'1',NULL,NULL),(643,'123456789012345','SAMSUNG GALAXY NOTE',1,0,4998.0,302,NULL,'1',NULL,NULL),(644,'123456789012345','SAMSUNG GALAXY NOTE',1,0,4998.0,303,NULL,'1',NULL,NULL),(645,'123456789012345','SAMSUNG GALAXY NOTE',1,0,4998.0,303,NULL,'1',NULL,NULL),(646,'123456789012345','SAMSUNG GALAXY NOTE',1,0,4998.0,303,NULL,'1',NULL,NULL),(647,'123456789012345','SAMSUNG GALAXY NOTE',1,0,4998.0,303,NULL,'1',NULL,NULL),(648,'123456789012345','SAMSUNG GALAXY NOTE',1,0,4998.0,303,NULL,'1',NULL,NULL),(649,'123456789012345','SAMSUNG GALAXY NOTE',1,0,4998.0,303,NULL,'1',NULL,NULL),(650,'123456789012345','SAMSUNG GALAXY NOTE',1,0,4998.0,303,NULL,'1',NULL,NULL),(651,'123456789012345','SAMSUNG GALAXY NOTE',1,0,4998.0,303,NULL,'1',NULL,NULL),(652,'123456789012345','SAMSUNG GALAXY NOTE',1,0,4998.0,303,NULL,'1',NULL,NULL),(653,'123456789012345','SAMSUNG GALAXY NOTE',1,0,4998.0,303,NULL,'1',NULL,NULL),(654,'123456789012345','SAMSUNG GALAXY NOTE',1,0,4998.0,303,NULL,'1',NULL,NULL),(655,'123456789012345','SAMSUNG GALAXY NOTE',1,0,4998.0,303,NULL,'1',NULL,NULL),(656,'123456789012345','SAMSUNG GALAXY NOTE',1,0,4998.0,303,NULL,'1',NULL,NULL),(657,'123456789012345','SAMSUNG GALAXY NOTE',1,0,4998.0,303,NULL,'1',NULL,NULL),(658,'123456789012345','SAMSUNG GALAXY NOTE',1,0,4998.0,303,NULL,'1',NULL,NULL),(659,'123456789012345','SAMSUNG GALAXY NOTE',1,0,4998.0,303,NULL,'1',NULL,NULL),(660,'123456789012345','SAMSUNG GALAXY NOTE',1,0,4998.0,303,NULL,'1',NULL,NULL),(661,'123456789012345','SAMSUNG GALAXY NOTE',1,0,4998.0,303,NULL,'1',NULL,NULL),(662,'123456789012345','SAMSUNG GALAXY NOTE',1,0,4998.0,303,NULL,'1',NULL,NULL),(663,'123456789012345','SAMSUNG GALAXY NOTE',1,0,4998.0,303,NULL,'1',NULL,NULL),(664,'3633633666969','ABC SSEE 保護貼 ',1,0,20.0,304,NULL,'1',NULL,NULL),(665,'3633633666969','ABC SSEE 保護貼 ',1,0,20.0,305,NULL,'1',NULL,NULL),(666,'3633633666969','ABC SSEE 保護貼 ',1,0,20.0,306,NULL,'1',NULL,NULL),(667,'3633633666969','ABC SSEE 保護貼 ',1,0,20.0,307,NULL,'1',NULL,NULL),(668,'3633633666969','ABC SSEE 保護貼 ',1,0,20.0,308,NULL,'1',NULL,NULL),(669,'123456789012345','SAMSUNG GALAXY NOTE',1,0,4998.0,308,NULL,'1',NULL,NULL),(670,'123456789012345','SAMSUNG GALAXY NOTE',1,0,4998.0,308,NULL,'1',NULL,NULL),(671,'123456789012345','SAMSUNG GALAXY NOTE',1,0,4998.0,308,NULL,'1',NULL,NULL),(672,'123456789012345','SAMSUNG GALAXY NOTE',1,0,4998.0,308,NULL,'1',NULL,NULL),(673,'123456789012345','SAMSUNG GALAXY NOTE',1,0,4998.0,308,NULL,'1',NULL,NULL),(674,'123456789012345','SAMSUNG GALAXY NOTE',1,0,4998.0,308,NULL,'1',NULL,NULL),(675,'123456789012345','SAMSUNG GALAXY NOTE',1,0,4998.0,308,NULL,'1',NULL,NULL),(676,'123456789012345','SAMSUNG GALAXY NOTE',1,0,4998.0,308,NULL,'1',NULL,NULL),(677,'123456789012345','SAMSUNG GALAXY NOTE',1,0,4998.0,308,NULL,'1',NULL,NULL),(678,'123456789012345','SAMSUNG GALAXY NOTE',1,0,4998.0,308,NULL,'1',NULL,NULL),(679,'3633633666969','ABC SSEE 保護貼 ',1,0,20.0,308,NULL,'1',NULL,NULL),(680,'3633633666969','ABC SSEE 保護貼 ',1,0,20.0,308,NULL,'1',NULL,NULL),(681,'3633633666969','ABC SSEE 保護貼 ',1,0,20.0,308,NULL,'1',NULL,NULL),(682,'123456789012345','SAMSUNG GALAXY NOTE',1,0,4998.0,308,NULL,'1',NULL,NULL),(683,'123456789012345','SAMSUNG GALAXY NOTE',1,0,4998.0,308,NULL,'1',NULL,NULL),(684,'123456789012345','SAMSUNG GALAXY NOTE',1,0,4998.0,308,NULL,'1',NULL,NULL),(685,'123456789012345','SAMSUNG GALAXY NOTE',1,0,4998.0,308,NULL,'1',NULL,NULL),(686,'123456789012345','SAMSUNG GALAXY NOTE',1,0,4998.0,308,NULL,'1',NULL,NULL),(687,'123456789012345','SAMSUNG GALAXY NOTE',1,0,4998.0,309,NULL,'1',NULL,NULL),(688,'123456789012345','SAMSUNG GALAXY NOTE',1,0,4998.0,309,NULL,'1',NULL,NULL),(689,'123456789012345','SAMSUNG GALAXY NOTE',1,0,4998.0,309,NULL,'1',NULL,NULL),(690,'123456789012345','SAMSUNG GALAXY NOTE',1,0,4998.0,309,NULL,'1',NULL,NULL),(691,'123456789012345','SAMSUNG GALAXY NOTE',1,0,4998.0,309,NULL,'1',NULL,NULL),(692,'123456789012345','SAMSUNG GALAXY NOTE',1,0,4998.0,309,NULL,'1',NULL,NULL),(693,'123456789012345','SAMSUNG GALAXY NOTE',1,0,4998.0,309,NULL,'1',NULL,NULL),(694,'123456789012345','SAMSUNG GALAXY NOTE',1,0,4998.0,309,NULL,'1',NULL,NULL),(695,'123456789012345','SAMSUNG GALAXY NOTE',1,0,4998.0,309,NULL,'1',NULL,NULL),(696,'123456789012345','SAMSUNG GALAXY NOTE',1,0,4998.0,309,NULL,'1',NULL,NULL),(697,'123456789012345','SAMSUNG GALAXY NOTE',1,0,4998.0,309,NULL,'1',NULL,NULL),(698,'123456789012345','SAMSUNG GALAXY NOTE',1,0,4998.0,309,NULL,'1',NULL,NULL),(699,'123456789012345','SAMSUNG GALAXY NOTE',1,0,4998.0,309,NULL,'1',NULL,NULL),(700,'123456789012345','SAMSUNG GALAXY NOTE',1,0,4998.0,309,NULL,'1',NULL,NULL),(701,'123456789012345','SAMSUNG GALAXY NOTE',1,0,4998.0,309,NULL,'1',NULL,NULL),(702,'123456789012345','SAMSUNG GALAXY NOTE',1,0,4998.0,309,NULL,'1',NULL,NULL),(703,'123456789012345','SAMSUNG GALAXY NOTE',1,0,4998.0,309,NULL,'1',NULL,NULL),(704,'123456789012345','SAMSUNG GALAXY NOTE',1,0,4998.0,309,NULL,'1',NULL,NULL),(705,'123456789012345','SAMSUNG GALAXY NOTE',1,0,4998.0,309,NULL,'1',NULL,NULL),(706,'123456789012345','SAMSUNG GALAXY NOTE',1,0,4998.0,309,NULL,'1',NULL,NULL),(707,'123456789012345','SAMSUNG GALAXY NOTE',1,0,4998.0,309,NULL,'1',NULL,NULL),(708,'123456789012345','SAMSUNG GALAXY NOTE',1,0,4998.0,309,NULL,'1',NULL,NULL),(709,'123456789012345','SAMSUNG GALAXY NOTE',1,0,4998.0,309,NULL,'1',NULL,NULL),(710,'123456789012345','SAMSUNG GALAXY NOTE',1,0,4998.0,309,NULL,'1',NULL,NULL),(711,'123456789012345','SAMSUNG GALAXY NOTE',1,0,4998.0,309,NULL,'1',NULL,NULL),(712,'123456789012345','SAMSUNG GALAXY NOTE',1,0,4998.0,309,NULL,'1',NULL,NULL),(713,'123456789012345','SAMSUNG GALAXY NOTE',1,0,4998.0,309,NULL,'1',NULL,NULL),(714,'3633633666969','ABC SSEE 保護貼 ',1,0,20.0,309,NULL,'1',NULL,NULL),(715,'123456789012345','SAMSUNG GALAXY NOTE',1,0,4998.0,310,NULL,'1',NULL,NULL),(716,'3633633666969','ABC SSEE 保護貼 ',1,0,20.0,310,NULL,'1',NULL,NULL),(717,'123456789012345','SAMSUNG GALAXY NOTE',1,0,4998.0,310,NULL,'1',NULL,NULL),(718,'123456789012345','SAMSUNG GALAXY NOTE',1,0,4998.0,310,NULL,'1',NULL,NULL),(719,'123456789012345','SAMSUNG GALAXY NOTE',1,0,4998.0,310,NULL,'1',NULL,NULL),(720,'123456789012345','SAMSUNG GALAXY NOTE',1,0,4998.0,310,NULL,'1',NULL,NULL),(721,'123456789012345','SAMSUNG GALAXY NOTE',1,0,4998.0,310,NULL,'1',NULL,NULL),(722,'123456789012345','SAMSUNG GALAXY NOTE',1,0,4998.0,310,NULL,'1',NULL,NULL),(723,'123456789012345','SAMSUNG GALAXY NOTE',1,0,4998.0,310,NULL,'1',NULL,NULL),(724,'123456789012345','SAMSUNG GALAXY NOTE',1,0,4998.0,310,NULL,'1',NULL,NULL),(725,'123456789012345','SAMSUNG GALAXY NOTE',1,0,4998.0,310,NULL,'1',NULL,NULL),(726,'123456789012345','SAMSUNG GALAXY NOTE',1,0,4998.0,310,NULL,'1',NULL,NULL),(727,'123456789012345','SAMSUNG GALAXY NOTE',1,0,4998.0,310,NULL,'1',NULL,NULL),(728,'123456789012345','SAMSUNG GALAXY NOTE',1,0,4998.0,310,NULL,'1',NULL,NULL),(729,'123456789012345','SAMSUNG GALAXY NOTE',1,0,4998.0,310,NULL,'1',NULL,NULL),(730,'123456789012345','SAMSUNG GALAXY NOTE',1,0,4998.0,310,NULL,'1',NULL,NULL),(731,'123456789012345','SAMSUNG GALAXY NOTE',1,0,4998.0,310,NULL,'1',NULL,NULL),(732,'123456789012345','SAMSUNG GALAXY NOTE',1,0,4998.0,310,NULL,'1',NULL,NULL),(733,'123456789012345','SAMSUNG GALAXY NOTE',1,0,4998.0,310,NULL,'1',NULL,NULL),(734,'123456789012345','SAMSUNG GALAXY NOTE',1,0,4998.0,310,NULL,'1',NULL,NULL),(735,'123456789012345','SAMSUNG GALAXY NOTE',1,0,4998.0,310,NULL,'1',NULL,NULL),(736,'123456789012345','SAMSUNG GALAXY NOTE',1,0,4998.0,310,NULL,'1',NULL,NULL),(737,'123456789012345','SAMSUNG GALAXY NOTE',1,0,4998.0,310,NULL,'1',NULL,NULL),(738,'123456789012345','SAMSUNG GALAXY NOTE',1,0,4998.0,310,NULL,'1',NULL,NULL),(739,'123456789012345','SAMSUNG GALAXY NOTE',1,0,4998.0,310,NULL,'1',NULL,NULL),(740,'123456789012345','SAMSUNG GALAXY NOTE',1,0,4998.0,310,NULL,'1',NULL,NULL),(741,'123456789012345','SAMSUNG GALAXY NOTE',1,0,4998.0,310,NULL,'1',NULL,NULL),(742,'123456789012345','SAMSUNG GALAXY NOTE',1,0,4998.0,310,NULL,'1',NULL,NULL),(743,'123456789012345','SAMSUNG GALAXY NOTE',1,0,4998.0,310,NULL,'1',NULL,NULL),(744,'3633633666969','ABC SSEE 保護貼 ',1,0,20.0,310,NULL,'1',NULL,NULL),(745,'123456789012345','SAMSUNG GALAXY NOTE',1,0,4998.0,310,NULL,'1',NULL,NULL),(746,'123456789012345','SAMSUNG GALAXY NOTE',1,0,4998.0,311,NULL,'1',NULL,NULL),(747,'123456789012345','SAMSUNG GALAXY NOTE',1,0,4998.0,311,NULL,'1',NULL,NULL),(748,'123456789012345','SAMSUNG GALAXY NOTE',1,0,4998.0,311,NULL,'1',NULL,NULL),(749,'123456789012345','SAMSUNG GALAXY NOTE',1,0,4998.0,311,NULL,'1',NULL,NULL),(750,'123456789012345','SAMSUNG GALAXY NOTE',1,0,4998.0,311,NULL,'1',NULL,NULL),(751,'123456789012345','SAMSUNG GALAXY NOTE',1,0,4998.0,311,NULL,'1',NULL,NULL),(752,'123456789012345','SAMSUNG GALAXY NOTE',1,0,4998.0,311,NULL,'1',NULL,NULL),(753,'123456789012345','SAMSUNG GALAXY NOTE',1,0,4998.0,311,NULL,'1',NULL,NULL),(754,'123456789012345','SAMSUNG GALAXY NOTE',1,0,4998.0,311,NULL,'1',NULL,NULL),(755,'123456789012345','SAMSUNG GALAXY NOTE',1,0,4998.0,311,NULL,'1',NULL,NULL),(756,'123456789012345','SAMSUNG GALAXY NOTE',1,0,4998.0,311,NULL,'1',NULL,NULL),(757,'123456789012345','SAMSUNG GALAXY NOTE',1,0,4998.0,311,NULL,'1',NULL,NULL),(758,'123456789012345','SAMSUNG GALAXY NOTE',1,0,4998.0,311,NULL,'1',NULL,NULL),(759,'123456789012345','SAMSUNG GALAXY NOTE',1,0,4998.0,311,NULL,'1',NULL,NULL),(760,'123456789012345','SAMSUNG GALAXY NOTE',1,0,4998.0,311,NULL,'1',NULL,NULL),(761,'123456789012345','SAMSUNG GALAXY NOTE',1,0,4998.0,311,NULL,'1',NULL,NULL),(762,'123456789012345','SAMSUNG GALAXY NOTE',1,0,4998.0,311,NULL,'1',NULL,NULL),(763,'123456789012345','SAMSUNG GALAXY NOTE',1,0,4998.0,311,NULL,'1',NULL,NULL),(764,'123456789012345','SAMSUNG GALAXY NOTE',1,0,4998.0,311,NULL,'1',NULL,NULL),(765,'123456789012345','SAMSUNG GALAXY NOTE',1,0,4998.0,311,NULL,'1',NULL,NULL),(766,'123456789012345','SAMSUNG GALAXY NOTE',1,0,4998.0,311,NULL,'1',NULL,NULL),(767,'123456789012345','SAMSUNG GALAXY NOTE',1,0,4998.0,311,NULL,'1',NULL,NULL),(768,'123456789012345','SAMSUNG GALAXY NOTE',1,0,4998.0,311,NULL,'1',NULL,NULL),(769,'123456789012345','SAMSUNG GALAXY NOTE',1,0,4998.0,311,NULL,'1',NULL,NULL),(770,'123456789012345','SAMSUNG GALAXY NOTE',1,0,4998.0,311,NULL,'1',NULL,NULL),(771,'123456789012345','SAMSUNG GALAXY NOTE',1,0,4998.0,311,NULL,'1',NULL,NULL),(772,'123456789012345','SAMSUNG GALAXY NOTE',1,0,4998.0,311,NULL,'1',NULL,NULL),(773,'123456789012345','SAMSUNG GALAXY NOTE',1,0,4998.0,311,NULL,'1',NULL,NULL),(774,'123456789012345','SAMSUNG GALAXY NOTE',1,0,4998.0,311,NULL,'1',NULL,NULL),(775,'123456789012345','SAMSUNG GALAXY NOTE',1,0,4998.0,311,NULL,'1',NULL,NULL),(776,'123456789012345','SAMSUNG GALAXY NOTE',1,0,4998.0,311,NULL,'1',NULL,NULL),(777,'123456789012345','SAMSUNG GALAXY NOTE',1,0,4998.0,311,NULL,'1',NULL,NULL),(778,'123456789012345','SAMSUNG GALAXY NOTE',1,0,4998.0,311,NULL,'1',NULL,NULL),(779,'123456789012345','SAMSUNG GALAXY NOTE',1,0,4998.0,311,NULL,'1',NULL,NULL),(780,'123456789012345','SAMSUNG GALAXY NOTE',1,0,4998.0,311,NULL,'1',NULL,NULL),(781,'123456789012345','SAMSUNG GALAXY NOTE',1,0,4998.0,311,NULL,'1',NULL,NULL),(782,'123456789012345','SAMSUNG GALAXY NOTE',1,0,4998.0,311,NULL,'1',NULL,NULL),(783,'123456789012345','SAMSUNG GALAXY NOTE',1,0,4998.0,311,NULL,'1',NULL,NULL),(784,'123456789012345','SAMSUNG GALAXY NOTE',1,0,4998.0,311,NULL,'1',NULL,NULL),(785,'123456789012345','SAMSUNG GALAXY NOTE',1,0,4998.0,311,NULL,'1',NULL,NULL),(786,'123456789012345','SAMSUNG GALAXY NOTE',1,0,4998.0,311,NULL,'1',NULL,NULL),(787,'123456789012345','SAMSUNG GALAXY NOTE',1,0,4998.0,311,NULL,'1',NULL,NULL),(788,'123456789012345','SAMSUNG GALAXY NOTE',1,0,4998.0,311,NULL,'1',NULL,NULL),(789,'123456789012345','SAMSUNG GALAXY NOTE',1,0,4998.0,311,NULL,'1',NULL,NULL),(790,'123456789012345','SAMSUNG GALAXY NOTE',1,0,4998.0,311,NULL,'1',NULL,NULL),(791,'123456789012345','SAMSUNG GALAXY NOTE',1,0,4998.0,311,NULL,'1',NULL,NULL),(792,'123456789012345','SAMSUNG GALAXY NOTE',1,0,4998.0,311,NULL,'1',NULL,NULL),(793,'123456789012345','SAMSUNG GALAXY NOTE',1,0,4998.0,311,NULL,'1',NULL,NULL),(794,'123456789012345','SAMSUNG GALAXY NOTE',1,0,4998.0,311,NULL,'1',NULL,NULL),(795,'123456789012345','SAMSUNG GALAXY NOTE',1,0,4998.0,311,NULL,'1',NULL,NULL),(796,'123456789012345','SAMSUNG GALAXY NOTE',1,0,4998.0,311,NULL,'1',NULL,NULL),(797,'123456789012345','SAMSUNG GALAXY NOTE',1,0,4998.0,311,NULL,'1',NULL,NULL),(798,'123456789012345','SAMSUNG GALAXY NOTE',1,0,4998.0,311,NULL,'1',NULL,NULL),(799,'123456789012345','SAMSUNG GALAXY NOTE',1,0,4998.0,311,NULL,'1',NULL,NULL),(800,'123456789012345','SAMSUNG GALAXY NOTE',1,0,4998.0,311,NULL,'1',NULL,NULL),(801,'123456789012345','SAMSUNG GALAXY NOTE',1,0,4998.0,311,NULL,'1',NULL,NULL),(802,'123456789012345','SAMSUNG GALAXY NOTE',1,0,4998.0,311,NULL,'1',NULL,NULL),(803,'3633633666969','ABC SSEE 保護貼 ',1,0,20.0,311,NULL,'1',NULL,NULL),(804,'123456789012345','SAMSUNG GALAXY NOTE',1,0,4998.0,312,NULL,'1',NULL,NULL),(805,'123456789012345','SAMSUNG GALAXY NOTE',1,0,4998.0,312,NULL,'1',NULL,NULL),(806,'123456789012345','SAMSUNG GALAXY NOTE',1,0,4998.0,312,NULL,'1',NULL,NULL),(807,'123456789012345','SAMSUNG GALAXY NOTE',1,0,4998.0,312,NULL,'1',NULL,NULL),(808,'123456789012345','SAMSUNG GALAXY NOTE',1,0,4998.0,312,NULL,'1',NULL,NULL),(809,'123456789012345','SAMSUNG GALAXY NOTE',1,0,4998.0,312,NULL,'1',NULL,NULL),(810,'123456789012345','SAMSUNG GALAXY NOTE',1,0,4998.0,312,NULL,'1',NULL,NULL),(811,'123456789012345','SAMSUNG GALAXY NOTE',1,0,4998.0,312,NULL,'1',NULL,NULL),(812,'123456789012345','SAMSUNG GALAXY NOTE',1,0,4998.0,312,NULL,'1',NULL,NULL),(813,'123456789012345','SAMSUNG GALAXY NOTE',1,0,4998.0,312,NULL,'1',NULL,NULL),(814,'123456789012345','SAMSUNG GALAXY NOTE',1,0,4998.0,312,NULL,'1',NULL,NULL),(815,'123456789012345','SAMSUNG GALAXY NOTE',1,0,4998.0,312,NULL,'1',NULL,NULL),(816,'123456789012345','SAMSUNG GALAXY NOTE',1,0,4998.0,312,NULL,'1',NULL,NULL),(817,'123456789012345','SAMSUNG GALAXY NOTE',1,0,4998.0,312,NULL,'1',NULL,NULL),(818,'123456789012345','SAMSUNG GALAXY NOTE',1,0,4998.0,312,NULL,'1',NULL,NULL),(819,'123456789012345','SAMSUNG GALAXY NOTE',1,0,4998.0,312,NULL,'1',NULL,NULL),(820,'123456789012345','SAMSUNG GALAXY NOTE',1,0,4998.0,312,NULL,'1',NULL,NULL),(821,'123456789012345','SAMSUNG GALAXY NOTE',1,0,4998.0,312,NULL,'1',NULL,NULL),(822,'123456789012345','SAMSUNG GALAXY NOTE',1,0,4998.0,312,NULL,'1',NULL,NULL),(823,'123456789012345','SAMSUNG GALAXY NOTE',1,0,4998.0,312,NULL,'1',NULL,NULL),(824,'123456789012345','SAMSUNG GALAXY NOTE',1,0,4998.0,312,NULL,'1',NULL,NULL),(825,'123456789012345','SAMSUNG GALAXY NOTE',1,0,4998.0,312,NULL,'1',NULL,NULL),(826,'123456789012345','SAMSUNG GALAXY NOTE',1,0,4998.0,312,NULL,'1',NULL,NULL),(827,'123456789012345','SAMSUNG GALAXY NOTE',1,0,4998.0,312,NULL,'1',NULL,NULL),(828,'123456789012345','SAMSUNG GALAXY NOTE',1,0,4998.0,312,NULL,'1',NULL,NULL),(829,'123456789012345','SAMSUNG GALAXY NOTE',1,0,4998.0,312,NULL,'1',NULL,NULL),(830,'123456789012345','SAMSUNG GALAXY NOTE',1,0,4998.0,312,NULL,'1',NULL,NULL),(831,'123456789012345','SAMSUNG GALAXY NOTE',1,0,4998.0,312,NULL,'1',NULL,NULL),(832,'3633633666969','ABC SSEE 保護貼 ',1,0,20.0,312,NULL,'1',NULL,NULL),(833,'123456789012345','SAMSUNG GALAXY NOTE',1,0,4998.0,312,NULL,'1',NULL,NULL),(834,'123456789012345','SAMSUNG GALAXY NOTE',1,0,4998.0,313,NULL,'1',NULL,NULL),(835,'3633633666969','ABC SSEE 保護貼 ',1,0,20.0,313,NULL,'1',NULL,NULL),(836,'123456789012345','SAMSUNG GALAXY NOTE',1,0,4998.0,313,NULL,'1',NULL,NULL),(837,'123456789012345','SAMSUNG GALAXY NOTE',1,0,4998.0,313,NULL,'1',NULL,NULL),(838,'123456789012345','SAMSUNG GALAXY NOTE',1,0,4998.0,313,NULL,'1',NULL,NULL),(839,'123456789012345','SAMSUNG GALAXY NOTE',1,0,4998.0,313,NULL,'1',NULL,NULL),(840,'123456789012345','SAMSUNG GALAXY NOTE',1,0,4998.0,313,NULL,'1',NULL,NULL),(841,'123456789012345','SAMSUNG GALAXY NOTE',1,0,4998.0,313,NULL,'1',NULL,NULL),(842,'123456789012345','SAMSUNG GALAXY NOTE',1,0,4998.0,313,NULL,'1',NULL,NULL),(843,'123456789012345','SAMSUNG GALAXY NOTE',1,0,4998.0,313,NULL,'1',NULL,NULL),(844,'3633633666969','ABC SSEE 保護貼 ',1,0,20.0,313,NULL,'1',NULL,NULL),(845,'123456789012345','SAMSUNG GALAXY NOTE',1,0,4998.0,313,NULL,'1',NULL,NULL),(846,'123456789012345','SAMSUNG GALAXY NOTE',1,0,4998.0,313,NULL,'1',NULL,NULL),(847,'123456789012345','SAMSUNG GALAXY NOTE',1,0,4998.0,313,NULL,'1',NULL,NULL),(848,'123456789012345','SAMSUNG GALAXY NOTE',1,0,4998.0,313,NULL,'1',NULL,NULL),(849,'123456789012345','SAMSUNG GALAXY NOTE',1,0,4998.0,313,NULL,'1',NULL,NULL),(850,'123456789012345','SAMSUNG GALAXY NOTE',1,0,4998.0,313,NULL,'1',NULL,NULL),(851,'123456789012345','SAMSUNG GALAXY NOTE',1,0,4998.0,313,NULL,'1',NULL,NULL),(852,'123456789012345','SAMSUNG GALAXY NOTE',1,0,4998.0,313,NULL,'1',NULL,NULL),(853,'123456789012345','SAMSUNG GALAXY NOTE',1,0,4998.0,313,NULL,'1',NULL,NULL),(854,'123456789012345','SAMSUNG GALAXY NOTE',1,0,4998.0,313,NULL,'1',NULL,NULL),(855,'123456789012345','SAMSUNG GALAXY NOTE',1,0,4998.0,314,NULL,'1',NULL,NULL),(856,'123456789012345','SAMSUNG GALAXY NOTE',1,0,4998.0,314,NULL,'1',NULL,NULL),(857,'123456789012345','SAMSUNG GALAXY NOTE',1,0,4998.0,314,NULL,'1',NULL,NULL),(858,'123456789012345','SAMSUNG GALAXY NOTE',1,0,4998.0,314,NULL,'1',NULL,NULL),(859,'123456789012345','SAMSUNG GALAXY NOTE',1,0,4998.0,314,NULL,'1',NULL,NULL),(860,'123456789012345','SAMSUNG GALAXY NOTE',1,0,4998.0,314,NULL,'1',NULL,NULL),(861,'123456789012345','SAMSUNG GALAXY NOTE',1,0,4998.0,314,NULL,'1',NULL,NULL),(862,'123456789012345','SAMSUNG GALAXY NOTE',1,0,4998.0,314,NULL,'1',NULL,NULL),(863,'123456789012345','SAMSUNG GALAXY NOTE',1,0,4998.0,314,NULL,'1',NULL,NULL),(864,'123456789012345','SAMSUNG GALAXY NOTE',1,0,4998.0,314,NULL,'1',NULL,NULL),(865,'123456789012345','SAMSUNG GALAXY NOTE',1,0,4998.0,314,NULL,'1',NULL,NULL),(866,'123456789012345','SAMSUNG GALAXY NOTE',1,0,4998.0,314,NULL,'1',NULL,NULL),(867,'123456789012345','SAMSUNG GALAXY NOTE',1,0,4998.0,314,NULL,'1',NULL,NULL),(868,'123456789012345','SAMSUNG GALAXY NOTE',1,0,4998.0,314,NULL,'1',NULL,NULL),(869,'123456789012345','SAMSUNG GALAXY NOTE',1,0,4998.0,314,NULL,'1',NULL,NULL),(870,'123456789012345','SAMSUNG GALAXY NOTE',1,0,4998.0,314,NULL,'1',NULL,NULL),(871,'123456789012345','SAMSUNG GALAXY NOTE',1,0,4998.0,314,NULL,'1',NULL,NULL),(872,'123456789012345','SAMSUNG GALAXY NOTE',1,0,4998.0,314,NULL,'1',NULL,NULL),(873,'123456789012345','SAMSUNG GALAXY NOTE',1,0,4998.0,314,NULL,'1',NULL,NULL),(874,'123456789012345','SAMSUNG GALAXY NOTE',1,0,4998.0,314,NULL,'1',NULL,NULL),(875,'123456789012345','SAMSUNG GALAXY NOTE',1,0,4998.0,314,NULL,'1',NULL,NULL),(876,'123456789012345','SAMSUNG GALAXY NOTE',1,0,4998.0,314,NULL,'1',NULL,NULL),(877,'123456789012345','SAMSUNG GALAXY NOTE',1,0,4998.0,314,NULL,'1',NULL,NULL),(878,'123456789012345','SAMSUNG GALAXY NOTE',1,0,4998.0,314,NULL,'1',NULL,NULL),(879,'123456789012345','SAMSUNG GALAXY NOTE',1,0,4998.0,314,NULL,'1',NULL,NULL),(880,'123456789012345','SAMSUNG GALAXY NOTE',1,0,4998.0,314,NULL,'1',NULL,NULL),(881,'123456789012345','SAMSUNG GALAXY NOTE',1,0,4998.0,314,NULL,'1',NULL,NULL),(882,'123456789012345','SAMSUNG GALAXY NOTE',1,0,4998.0,314,NULL,'1',NULL,NULL),(883,'123456789012345','SAMSUNG GALAXY NOTE',1,0,4998.0,314,NULL,'1',NULL,NULL),(884,'123456789012345','SAMSUNG GALAXY NOTE',1,0,4998.0,314,NULL,'1',NULL,NULL),(885,'3633633666969','ABC SSEE 保護貼 ',1,0,20.0,315,NULL,'1',NULL,NULL),(886,'123456789012345','SAMSUNG GALAXY NOTE',1,0,4998.0,315,NULL,'1',NULL,NULL),(887,'123456789012345','SAMSUNG GALAXY NOTE',1,0,4998.0,315,NULL,'1',NULL,NULL),(888,'123456789012345','SAMSUNG GALAXY NOTE',1,0,4998.0,315,NULL,'1',NULL,NULL),(889,'123456789012345','SAMSUNG GALAXY NOTE',1,0,4998.0,315,NULL,'1',NULL,NULL),(890,'123456789012345','SAMSUNG GALAXY NOTE',1,0,4998.0,315,NULL,'1',NULL,NULL),(891,'123456789012345','SAMSUNG GALAXY NOTE',1,0,4998.0,315,NULL,'1',NULL,NULL),(892,'123456789012345','SAMSUNG GALAXY NOTE',1,0,4998.0,315,NULL,'1',NULL,NULL),(893,'123456789012345','SAMSUNG GALAXY NOTE',1,0,4998.0,315,NULL,'1',NULL,NULL),(894,'123456789012345','SAMSUNG GALAXY NOTE',1,0,4998.0,315,NULL,'1',NULL,NULL),(895,'123456789012345','SAMSUNG GALAXY NOTE',1,0,4998.0,315,NULL,'1',NULL,NULL),(896,'123456789012345','SAMSUNG GALAXY NOTE',1,0,4998.0,315,NULL,'1',NULL,NULL),(897,'123456789012345','SAMSUNG GALAXY NOTE',1,0,4998.0,315,NULL,'1',NULL,NULL),(898,'123456789012345','SAMSUNG GALAXY NOTE',1,0,4998.0,315,NULL,'1',NULL,NULL),(899,'123456789012345','SAMSUNG GALAXY NOTE',1,0,4998.0,315,NULL,'1',NULL,NULL),(900,'123456789012345','SAMSUNG GALAXY NOTE',1,0,4998.0,315,NULL,'1',NULL,NULL),(901,'123456789012345','SAMSUNG GALAXY NOTE',1,0,4998.0,315,NULL,'1',NULL,NULL),(902,'123456789012345','SAMSUNG GALAXY NOTE',1,0,4998.0,315,NULL,'1',NULL,NULL),(903,'123456789012345','SAMSUNG GALAXY NOTE',1,0,4998.0,315,NULL,'1',NULL,NULL),(904,'123456789012345','SAMSUNG GALAXY NOTE',1,0,4998.0,315,NULL,'1',NULL,NULL),(905,'123456789012345','SAMSUNG GALAXY NOTE',1,0,4998.0,315,NULL,'1',NULL,NULL),(906,'123456789012345','SAMSUNG GALAXY NOTE',1,0,4998.0,315,NULL,'1',NULL,NULL),(907,'123456789012345','SAMSUNG GALAXY NOTE',1,0,4998.0,315,NULL,'1',NULL,NULL),(908,'123456789012345','SAMSUNG GALAXY NOTE',1,0,4998.0,315,NULL,'1',NULL,NULL),(909,'123456789012345','SAMSUNG GALAXY NOTE',1,0,4998.0,315,NULL,'1',NULL,NULL),(910,'123456789012345','SAMSUNG GALAXY NOTE',1,0,4998.0,315,NULL,'1',NULL,NULL),(911,'123456789012345','SAMSUNG GALAXY NOTE',1,0,4998.0,315,NULL,'1',NULL,NULL),(912,'123456789012345','SAMSUNG GALAXY NOTE',1,0,4998.0,315,NULL,'1',NULL,NULL),(913,'123456789012345','SAMSUNG GALAXY NOTE',1,0,4998.0,315,NULL,'1',NULL,NULL),(914,'3633633666969','ABC SSEE 保護貼 ',1,0,20.0,316,NULL,'1',NULL,NULL),(915,'123456789012345','SAMSUNG GALAXY NOTE',1,0,4998.0,317,NULL,'1',NULL,NULL),(916,'123456789012345','SAMSUNG GALAXY NOTE',1,0,4998.0,317,NULL,'1',NULL,NULL),(917,'123456789012345','SAMSUNG GALAXY NOTE',1,0,4998.0,317,NULL,'1',NULL,NULL),(918,'123456789012345','SAMSUNG GALAXY NOTE',1,0,4998.0,317,NULL,'1',NULL,NULL),(919,'123456789012345','SAMSUNG GALAXY NOTE',1,0,4998.0,317,NULL,'1',NULL,NULL),(920,'123456789012345','SAMSUNG GALAXY NOTE',1,0,4998.0,317,NULL,'1',NULL,NULL),(921,'123456789012345','SAMSUNG GALAXY NOTE',1,0,4998.0,317,NULL,'1',NULL,NULL),(922,'123456789012345','SAMSUNG GALAXY NOTE',1,0,4998.0,317,NULL,'1',NULL,NULL),(923,'123456789012345','SAMSUNG GALAXY NOTE',1,0,4998.0,317,NULL,'1',NULL,NULL),(924,'123456789012345','SAMSUNG GALAXY NOTE',1,0,4998.0,317,NULL,'1',NULL,NULL),(925,'123456789012345','SAMSUNG GALAXY NOTE',1,0,4998.0,317,NULL,'1',NULL,NULL),(926,'123456789012345','SAMSUNG GALAXY NOTE',1,0,4998.0,317,NULL,'1',NULL,NULL),(927,'123456789012345','SAMSUNG GALAXY NOTE',1,0,4998.0,317,NULL,'1',NULL,NULL),(928,'123456789012345','SAMSUNG GALAXY NOTE',1,0,4998.0,317,NULL,'1',NULL,NULL),(929,'123456789012345','SAMSUNG GALAXY NOTE',1,0,4998.0,317,NULL,'1',NULL,NULL),(930,'123456789012345','SAMSUNG GALAXY NOTE',1,0,4998.0,317,NULL,'1',NULL,NULL),(931,'123456789012345','SAMSUNG GALAXY NOTE',1,0,4998.0,317,NULL,'1',NULL,NULL),(932,'123456789012345','SAMSUNG GALAXY NOTE',1,0,4998.0,317,NULL,'1',NULL,NULL),(933,'123456789012345','SAMSUNG GALAXY NOTE',1,0,4998.0,317,NULL,'1',NULL,NULL),(934,'123456789012345','SAMSUNG GALAXY NOTE',1,0,4998.0,317,NULL,'1',NULL,NULL),(935,'123456789012345','SAMSUNG GALAXY NOTE',1,0,4998.0,317,NULL,'1',NULL,NULL),(936,'123456789012345','SAMSUNG GALAXY NOTE',1,0,4998.0,317,NULL,'1',NULL,NULL),(937,'123456789012345','SAMSUNG GALAXY NOTE',1,0,4998.0,317,NULL,'1',NULL,NULL),(938,'123456789012345','SAMSUNG GALAXY NOTE',1,0,4998.0,317,NULL,'1',NULL,NULL),(939,'123456789012345','SAMSUNG GALAXY NOTE',1,0,4998.0,317,NULL,'1',NULL,NULL),(940,'123456789012345','SAMSUNG GALAXY NOTE',1,0,4998.0,318,NULL,'1',NULL,NULL),(941,'123456789012345','SAMSUNG GALAXY NOTE',1,0,4998.0,318,NULL,'1',NULL,NULL),(942,'123456789012345','SAMSUNG GALAXY NOTE',1,0,4998.0,318,NULL,'1',NULL,NULL),(943,'123456789012345','SAMSUNG GALAXY NOTE',1,0,4998.0,318,NULL,'1',NULL,NULL),(944,'123456789012345','SAMSUNG GALAXY NOTE',1,0,4998.0,318,NULL,'1',NULL,NULL),(945,'123456789012345','SAMSUNG GALAXY NOTE',1,0,4998.0,318,NULL,'1',NULL,NULL),(946,'123456789012345','SAMSUNG GALAXY NOTE',1,0,4998.0,318,NULL,'1',NULL,NULL),(947,'123456789012345','SAMSUNG GALAXY NOTE',1,0,4998.0,318,NULL,'1',NULL,NULL),(948,'123456789012345','SAMSUNG GALAXY NOTE',1,0,4998.0,318,NULL,'1',NULL,NULL),(949,'123456789012345','SAMSUNG GALAXY NOTE',1,0,4998.0,318,NULL,'1',NULL,NULL),(950,'123456789012345','SAMSUNG GALAXY NOTE',1,0,4998.0,318,NULL,'1',NULL,NULL),(951,'123456789012345','SAMSUNG GALAXY NOTE',1,0,4998.0,318,NULL,'1',NULL,NULL),(952,'123456789012345','SAMSUNG GALAXY NOTE',1,0,4998.0,318,NULL,'1',NULL,NULL),(953,'123456789012345','SAMSUNG GALAXY NOTE',1,0,4998.0,318,NULL,'1',NULL,NULL),(954,'123456789012345','SAMSUNG GALAXY NOTE',1,0,4998.0,318,NULL,'1',NULL,NULL),(955,'123456789012345','SAMSUNG GALAXY NOTE',1,0,4998.0,318,NULL,'1',NULL,NULL),(956,'123456789012345','SAMSUNG GALAXY NOTE',1,0,4998.0,318,NULL,'1',NULL,NULL),(957,'123456789012345','SAMSUNG GALAXY NOTE',1,0,4998.0,319,NULL,'1',NULL,NULL),(958,'123456789012345','SAMSUNG GALAXY NOTE',1,0,4998.0,319,NULL,'1',NULL,NULL),(959,'123456789012345','SAMSUNG GALAXY NOTE',1,0,4998.0,319,NULL,'1',NULL,NULL),(960,'123456789012345','SAMSUNG GALAXY NOTE',1,0,4998.0,319,NULL,'1',NULL,NULL),(961,'123456789012345','SAMSUNG GALAXY NOTE',1,0,4998.0,319,NULL,'1',NULL,NULL),(962,'123456789012345','SAMSUNG GALAXY NOTE',1,0,4998.0,319,NULL,'1',NULL,NULL),(963,'123456789012345','SAMSUNG GALAXY NOTE',1,0,4998.0,319,NULL,'1',NULL,NULL),(964,'123456789012345','SAMSUNG GALAXY NOTE',1,0,4998.0,319,NULL,'1',NULL,NULL),(965,'123456789012345','SAMSUNG GALAXY NOTE',1,0,4998.0,319,NULL,'1',NULL,NULL),(966,'123456789012345','SAMSUNG GALAXY NOTE',1,0,4998.0,319,NULL,'1',NULL,NULL),(967,'123456789012345','SAMSUNG GALAXY NOTE',1,0,4998.0,319,NULL,'1',NULL,NULL),(968,'123456789012345','SAMSUNG GALAXY NOTE',1,0,4998.0,319,NULL,'1',NULL,NULL),(969,'123456789012345','SAMSUNG GALAXY NOTE',1,0,4998.0,319,NULL,'1',NULL,NULL),(970,'123456789012345','SAMSUNG GALAXY NOTE',1,0,4998.0,319,NULL,'1',NULL,NULL),(971,'123456789012345','SAMSUNG GALAXY NOTE',1,0,4998.0,319,NULL,'1',NULL,NULL),(972,'123456789012345','SAMSUNG GALAXY NOTE',1,0,4998.0,319,NULL,'1',NULL,NULL),(973,'123456789012345','SAMSUNG GALAXY NOTE',1,0,4998.0,319,NULL,'1',NULL,NULL),(974,'123456789012345','SAMSUNG GALAXY NOTE',1,0,4998.0,320,NULL,'1',NULL,NULL),(975,'123456789012345','SAMSUNG GALAXY NOTE',1,0,4998.0,320,NULL,'1',NULL,NULL),(976,'123456789012345','SAMSUNG GALAXY NOTE',1,0,4998.0,320,NULL,'1',NULL,NULL),(977,'123456789012345','SAMSUNG GALAXY NOTE',1,0,4998.0,320,NULL,'1',NULL,NULL),(978,'123456789012345','SAMSUNG GALAXY NOTE',1,0,4998.0,320,NULL,'1',NULL,NULL),(979,'123456789012345','SAMSUNG GALAXY NOTE',1,0,4998.0,320,NULL,'1',NULL,NULL),(980,'123456789012345','SAMSUNG GALAXY NOTE',1,0,4998.0,320,NULL,'1',NULL,NULL),(981,'123456789012345','SAMSUNG GALAXY NOTE',1,0,4998.0,320,NULL,'1',NULL,NULL),(982,'123456789012345','SAMSUNG GALAXY NOTE',1,0,4998.0,320,NULL,'1',NULL,NULL),(983,'123456789012345','SAMSUNG GALAXY NOTE',1,0,4998.0,320,NULL,'1',NULL,NULL),(984,'123456789012345','SAMSUNG GALAXY NOTE',1,0,4998.0,320,NULL,'1',NULL,NULL),(985,'123456789012345','SAMSUNG GALAXY NOTE',1,0,4998.0,320,NULL,'1',NULL,NULL),(986,'123456789012345','SAMSUNG GALAXY NOTE',1,0,4998.0,320,NULL,'1',NULL,NULL),(987,'123456789012345','SAMSUNG GALAXY NOTE',1,0,4998.0,320,NULL,'1',NULL,NULL),(988,'123456789012345','SAMSUNG GALAXY NOTE',1,0,4998.0,320,NULL,'1',NULL,NULL),(989,'123456789012345','SAMSUNG GALAXY NOTE',1,0,4998.0,320,NULL,'1',NULL,NULL),(990,'123456789012345','SAMSUNG GALAXY NOTE',1,0,4998.0,320,NULL,'1',NULL,NULL),(991,'123456789012345','SAMSUNG GALAXY NOTE',1,0,4998.0,320,NULL,'1',NULL,NULL),(992,'123456789012345','SAMSUNG GALAXY NOTE',1,0,4998.0,321,NULL,'1',NULL,NULL),(993,'123456789012345','SAMSUNG GALAXY NOTE',1,0,4998.0,321,NULL,'1',NULL,NULL),(994,'123456789012345','SAMSUNG GALAXY NOTE',1,0,4998.0,321,NULL,'1',NULL,NULL),(995,'123456789012345','SAMSUNG GALAXY NOTE',1,0,4998.0,321,NULL,'1',NULL,NULL),(996,'123456789012345','SAMSUNG GALAXY NOTE',1,0,4998.0,321,NULL,'1',NULL,NULL),(997,'123456789012345','SAMSUNG GALAXY NOTE',1,0,4998.0,321,NULL,'1',NULL,NULL),(998,'123456789012345','SAMSUNG GALAXY NOTE',1,0,4998.0,321,NULL,'1',NULL,NULL),(999,'123456789012345','SAMSUNG GALAXY NOTE',1,0,4998.0,321,NULL,'1',NULL,NULL),(1000,'123456789012345','SAMSUNG GALAXY NOTE',1,0,4998.0,321,NULL,'1',NULL,NULL),(1001,'3633633666969','ABC SSEE 保護貼 ',1,0,20.0,321,NULL,'1',NULL,NULL),(1002,'123456789012345','SAMSUNG GALAXY NOTE',1,0,4998.0,321,NULL,'1',NULL,NULL),(1003,'123456789012345','SAMSUNG GALAXY NOTE',1,0,4998.0,321,NULL,'1',NULL,NULL),(1004,'123456789012345','SAMSUNG GALAXY NOTE',1,0,4998.0,321,NULL,'1',NULL,NULL),(1005,'123456789012345','SAMSUNG GALAXY NOTE',1,0,4998.0,321,NULL,'1',NULL,NULL),(1006,'123456789012345','SAMSUNG GALAXY NOTE',1,0,4998.0,321,NULL,'1',NULL,NULL),(1007,'123456789012345','SAMSUNG GALAXY NOTE',1,0,4998.0,321,NULL,'1',NULL,NULL),(1008,'123456789012345','SAMSUNG GALAXY NOTE',1,0,4998.0,321,NULL,'1',NULL,NULL),(1009,'123456789012345','SAMSUNG GALAXY NOTE',1,0,4998.0,321,NULL,'1',NULL,NULL),(1010,'123456789012345','SAMSUNG GALAXY NOTE',1,0,4998.0,322,NULL,'1',NULL,NULL),(1011,'123456789012345','SAMSUNG GALAXY NOTE',1,0,4998.0,322,NULL,'1',NULL,NULL),(1012,'123456789012345','SAMSUNG GALAXY NOTE',1,0,4998.0,322,NULL,'1',NULL,NULL),(1013,'123456789012345','SAMSUNG GALAXY NOTE',1,0,4998.0,322,NULL,'1',NULL,NULL),(1014,'123456789012345','SAMSUNG GALAXY NOTE',1,0,4998.0,322,NULL,'1',NULL,NULL),(1015,'123456789012345','SAMSUNG GALAXY NOTE',1,0,4998.0,322,NULL,'1',NULL,NULL),(1016,'123456789012345','SAMSUNG GALAXY NOTE',1,0,4998.0,322,NULL,'1',NULL,NULL),(1017,'123456789012345','SAMSUNG GALAXY NOTE',1,0,4998.0,322,NULL,'1',NULL,NULL),(1018,'123456789012345','SAMSUNG GALAXY NOTE',1,0,4998.0,322,NULL,'1',NULL,NULL),(1019,'123456789012345','SAMSUNG GALAXY NOTE',1,0,4998.0,322,NULL,'1',NULL,NULL),(1020,'123456789012345','SAMSUNG GALAXY NOTE',1,0,4998.0,322,NULL,'1',NULL,NULL),(1021,'123456789012345','SAMSUNG GALAXY NOTE',1,0,4998.0,322,NULL,'1',NULL,NULL),(1022,'3633633666969','ABC SSEE 保護貼 ',1,0,20.0,322,NULL,'1',NULL,NULL),(1023,'123456789012345','SAMSUNG GALAXY NOTE',1,0,4998.0,322,NULL,'1',NULL,NULL),(1024,'123456789012345','SAMSUNG GALAXY NOTE',1,0,4998.0,322,NULL,'1',NULL,NULL),(1025,'123456789012345','SAMSUNG GALAXY NOTE',1,0,4998.0,322,NULL,'1',NULL,NULL),(1026,'123456789012345','SAMSUNG GALAXY NOTE',1,0,4998.0,322,NULL,'1',NULL,NULL),(1027,'123456789012345','SAMSUNG GALAXY NOTE',1,0,4998.0,322,NULL,'1',NULL,NULL),(1028,'123456789012345','SAMSUNG GALAXY NOTE',1,0,4998.0,322,NULL,'1',NULL,NULL),(1029,'123456789012345','SAMSUNG GALAXY NOTE',1,0,4998.0,323,NULL,'1',NULL,NULL),(1030,'123456789012345','SAMSUNG GALAXY NOTE',1,0,4998.0,323,NULL,'1',NULL,NULL),(1031,'123456789012345','SAMSUNG GALAXY NOTE',1,0,4998.0,323,NULL,'1',NULL,NULL),(1032,'123456789012345','SAMSUNG GALAXY NOTE',1,0,4998.0,323,NULL,'1',NULL,NULL),(1033,'123456789012345','SAMSUNG GALAXY NOTE',1,0,4998.0,323,NULL,'1',NULL,NULL),(1034,'123456789012345','SAMSUNG GALAXY NOTE',1,0,4998.0,323,NULL,'1',NULL,NULL),(1035,'123456789012345','SAMSUNG GALAXY NOTE',1,0,4998.0,323,NULL,'1',NULL,NULL),(1036,'123456789012345','SAMSUNG GALAXY NOTE',1,0,4998.0,323,NULL,'1',NULL,NULL),(1037,'123456789012345','SAMSUNG GALAXY NOTE',1,0,4998.0,323,NULL,'1',NULL,NULL),(1038,'123456789012345','SAMSUNG GALAXY NOTE',1,0,4998.0,323,NULL,'1',NULL,NULL),(1039,'123456789012345','SAMSUNG GALAXY NOTE',1,0,4998.0,323,NULL,'1',NULL,NULL),(1040,'3633633666969','ABC SSEE 保護貼 ',1,0,20.0,323,NULL,'1',NULL,NULL),(1041,'123456789012345','SAMSUNG GALAXY NOTE',1,0,4998.0,323,NULL,'1',NULL,NULL),(1042,'123456789012345','SAMSUNG GALAXY NOTE',1,0,4998.0,323,NULL,'1',NULL,NULL),(1043,'123456789012345','SAMSUNG GALAXY NOTE',1,0,4998.0,323,NULL,'1',NULL,NULL),(1044,'123456789012345','SAMSUNG GALAXY NOTE',1,0,4998.0,323,NULL,'1',NULL,NULL),(1045,'123456789012345','SAMSUNG GALAXY NOTE',1,0,4998.0,323,NULL,'1',NULL,NULL),(1046,'123456789012345','SAMSUNG GALAXY NOTE',1,0,4998.0,323,NULL,'1',NULL,NULL),(1047,'3633633666969','ABC SSEE 保護貼 ',1,0,20.0,324,NULL,'1',NULL,NULL),(1048,'123456789012345','SAMSUNG GALAXY NOTE',1,0,4998.0,325,NULL,'1',NULL,NULL),(1049,'123456789012345','SAMSUNG GALAXY NOTE',1,0,4998.0,325,NULL,'1',NULL,NULL),(1050,'123456789012345','SAMSUNG GALAXY NOTE',1,0,4998.0,325,NULL,'1',NULL,NULL),(1051,'123456789012345','SAMSUNG GALAXY NOTE',1,0,4998.0,325,NULL,'1',NULL,NULL),(1052,'123456789012345','SAMSUNG GALAXY NOTE',1,0,4998.0,325,NULL,'1',NULL,NULL),(1053,'123456789012345','SAMSUNG GALAXY NOTE',1,0,4998.0,325,NULL,'1',NULL,NULL),(1054,'123456789012345','SAMSUNG GALAXY NOTE',1,0,4998.0,325,NULL,'1',NULL,NULL),(1055,'123456789012345','SAMSUNG GALAXY NOTE',1,0,4998.0,325,NULL,'1',NULL,NULL),(1056,'123456789012345','SAMSUNG GALAXY NOTE',1,0,4998.0,325,NULL,'1',NULL,NULL),(1057,'123456789012345','SAMSUNG GALAXY NOTE',1,0,4998.0,325,NULL,'1',NULL,NULL),(1058,'3633633666969','ABC SSEE 保護貼 ',1,0,20.0,325,NULL,'1',NULL,NULL),(1059,'123456789012345','SAMSUNG GALAXY NOTE',1,0,4998.0,325,NULL,'1',NULL,NULL),(1060,'123456789012345','SAMSUNG GALAXY NOTE',1,0,4998.0,325,NULL,'1',NULL,NULL),(1061,'123456789012345','SAMSUNG GALAXY NOTE',1,0,4998.0,325,NULL,'1',NULL,NULL),(1062,'123456789012345','SAMSUNG GALAXY NOTE',1,0,4998.0,325,NULL,'1',NULL,NULL),(1063,'123456789012345','SAMSUNG GALAXY NOTE',1,0,4998.0,325,NULL,'1',NULL,NULL),(1064,'123456789012345','SAMSUNG GALAXY NOTE',1,0,4998.0,325,NULL,'1',NULL,NULL),(1065,'123456789012345','SAMSUNG GALAXY NOTE',1,0,4998.0,325,NULL,'1',NULL,NULL),(1066,'123456789012345','SAMSUNG GALAXY NOTE',1,0,4998.0,326,NULL,'1',NULL,NULL),(1067,'123456789012345','SAMSUNG GALAXY NOTE',1,0,4998.0,326,NULL,'1',NULL,NULL),(1068,'123456789012345','SAMSUNG GALAXY NOTE',1,0,4998.0,326,NULL,'1',NULL,NULL),(1069,'123456789012345','SAMSUNG GALAXY NOTE',1,0,4998.0,326,NULL,'1',NULL,NULL),(1070,'123456789012345','SAMSUNG GALAXY NOTE',1,0,4998.0,326,NULL,'1',NULL,NULL),(1071,'123456789012345','SAMSUNG GALAXY NOTE',1,0,4998.0,326,NULL,'1',NULL,NULL),(1072,'123456789012345','SAMSUNG GALAXY NOTE',1,0,4998.0,326,NULL,'1',NULL,NULL),(1073,'123456789012345','SAMSUNG GALAXY NOTE',1,0,4998.0,326,NULL,'1',NULL,NULL),(1074,'123456789012345','SAMSUNG GALAXY NOTE',1,0,4998.0,326,NULL,'1',NULL,NULL),(1075,'3633633666969','ABC SSEE 保護貼 ',1,0,20.0,326,NULL,'1',NULL,NULL),(1076,'123456789012345','SAMSUNG GALAXY NOTE',1,0,4998.0,326,NULL,'1',NULL,NULL),(1077,'123456789012345','SAMSUNG GALAXY NOTE',1,0,4998.0,326,NULL,'1',NULL,NULL),(1078,'123456789012345','SAMSUNG GALAXY NOTE',1,0,4998.0,326,NULL,'1',NULL,NULL),(1079,'123456789012345','SAMSUNG GALAXY NOTE',1,0,4998.0,326,NULL,'1',NULL,NULL),(1080,'123456789012345','SAMSUNG GALAXY NOTE',1,0,4998.0,326,NULL,'1',NULL,NULL),(1081,'123456789012345','SAMSUNG GALAXY NOTE',1,0,4998.0,326,NULL,'1',NULL,NULL),(1082,'123456789012345','SAMSUNG GALAXY NOTE',1,0,4998.0,326,NULL,'1',NULL,NULL),(1083,'123456789012345','SAMSUNG GALAXY NOTE',1,0,4998.0,326,NULL,'1',NULL,NULL),(1084,'123456789012345','SAMSUNG GALAXY NOTE',1,0,4998.0,327,NULL,'1',NULL,NULL),(1085,'123456789012345','SAMSUNG GALAXY NOTE',1,0,4998.0,327,NULL,'1',NULL,NULL),(1086,'123456789012345','SAMSUNG GALAXY NOTE',1,0,4998.0,327,NULL,'1',NULL,NULL),(1087,'3633633666969','ABC SSEE 保護貼 ',1,0,20.0,327,NULL,'1',NULL,NULL),(1088,'123456789012345','SAMSUNG GALAXY NOTE',1,0,4998.0,327,NULL,'1',NULL,NULL),(1089,'123456789012345','SAMSUNG GALAXY NOTE',1,0,4998.0,327,NULL,'1',NULL,NULL),(1090,'123456789012345','SAMSUNG GALAXY NOTE',1,0,4998.0,327,NULL,'1',NULL,NULL),(1091,'3633633666969','ABC SSEE 保護貼 ',1,0,20.0,327,NULL,'1',NULL,NULL),(1092,'123456789012345','SAMSUNG GALAXY NOTE',1,0,4998.0,327,NULL,'1',NULL,NULL),(1093,'123456789012345','SAMSUNG GALAXY NOTE',1,0,4998.0,327,NULL,'1',NULL,NULL),(1094,'123456789012345','SAMSUNG GALAXY NOTE',1,0,4998.0,327,NULL,'1',NULL,NULL),(1095,'3633633666969','ABC SSEE 保護貼 ',1,0,20.0,327,NULL,'1',NULL,NULL),(1096,'123456789012345','SAMSUNG GALAXY NOTE',1,0,4998.0,327,NULL,'1',NULL,NULL),(1097,'123456789012345','SAMSUNG GALAXY NOTE',1,0,4998.0,327,NULL,'1',NULL,NULL),(1098,'123456789012345','SAMSUNG GALAXY NOTE',1,0,4998.0,327,NULL,'1',NULL,NULL),(1099,'123456789012345','SAMSUNG GALAXY NOTE',1,0,4998.0,327,NULL,'1',NULL,NULL),(1100,'123456789012345','SAMSUNG GALAXY NOTE',1,0,4998.0,327,NULL,'1',NULL,NULL),(1101,'123456789012345','SAMSUNG GALAXY NOTE',1,0,4998.0,327,NULL,'1',NULL,NULL),(1102,'123456789012345','SAMSUNG GALAXY NOTE',1,0,4998.0,327,NULL,'1',NULL,NULL),(1103,'3633633666969','ABC SSEE 保護貼 ',1,0,20.0,328,NULL,'1',NULL,NULL),(1104,'3633633666969','ABC SSEE 保護貼 ',1,0,20.0,328,NULL,'1',NULL,NULL),(1105,'3633633666969','ABC SSEE 保護貼 ',1,0,20.0,328,NULL,'1',NULL,NULL),(1106,'3633633666969','ABC SSEE 保護貼 ',1,0,20.0,328,NULL,'1',NULL,NULL),(1107,'3633633666969','ABC SSEE 保護貼 ',1,0,20.0,328,NULL,'1',NULL,NULL),(1108,'3633633666969','ABC SSEE 保護貼 ',1,0,20.0,328,NULL,'1',NULL,NULL),(1109,'3633633666969','ABC SSEE 保護貼 ',1,0,20.0,328,NULL,'1',NULL,NULL),(1110,'3633633666969','ABC SSEE 保護貼 ',1,0,20.0,328,NULL,'1',NULL,NULL),(1111,'3633633666969','ABC SSEE 保護貼 ',1,0,20.0,328,NULL,'1',NULL,NULL),(1112,'3633633666969','ABC SSEE 保護貼 ',1,0,20.0,328,NULL,'1',NULL,NULL),(1113,'3633633666969','ABC SSEE 保護貼 ',1,0,20.0,328,NULL,'1',NULL,NULL),(1114,'3633633666969','ABC SSEE 保護貼 ',1,0,20.0,328,NULL,'1',NULL,NULL),(1115,'3633633666969','ABC SSEE 保護貼 ',1,0,20.0,328,NULL,'1',NULL,NULL),(1116,'3633633666969','ABC SSEE 保護貼 ',1,0,20.0,328,NULL,'1',NULL,NULL),(1117,'3633633666969','ABC SSEE 保護貼 ',1,0,20.0,328,NULL,'1',NULL,NULL),(1118,'3633633666969','ABC SSEE 保護貼 ',1,0,20.0,328,NULL,'1',NULL,NULL),(1119,'3633633666969','ABC SSEE 保護貼 ',1,0,20.0,328,NULL,'1',NULL,NULL),(1120,'3633633666969','ABC SSEE 保護貼 ',1,0,20.0,328,NULL,'1',NULL,NULL),(1121,'3633633666969','ABC SSEE 保護貼 ',1,0,20.0,328,NULL,'1',NULL,NULL),(1122,'3633633666969','ABC SSEE 保護貼 ',1,0,20.0,328,NULL,'1',NULL,NULL),(1123,'3633633666969','ABC SSEE 保護貼 ',1,0,20.0,328,NULL,'1',NULL,NULL),(1124,'3633633666969','ABC SSEE 保護貼 ',1,0,20.0,328,NULL,'1',NULL,NULL),(1125,'3633633666969','ABC SSEE 保護貼 ',1,0,20.0,328,NULL,'1',NULL,NULL),(1126,'3633633666969','ABC SSEE 保護貼 ',1,0,20.0,328,NULL,'1',NULL,NULL),(1127,'3633633666969','ABC SSEE 保護貼 ',1,0,20.0,328,NULL,'1',NULL,NULL),(1128,'3633633666969','ABC SSEE 保護貼 ',1,0,20.0,328,NULL,'1',NULL,NULL),(1129,'3633633666969','ABC SSEE 保護貼 ',1,0,20.0,328,NULL,'1',NULL,NULL),(1130,'3633633666969','ABC SSEE 保護貼 ',1,0,20.0,329,NULL,'1',NULL,NULL),(1131,'123456789012345','SAMSUNG GALAXY NOTE',1,0,4998.0,330,NULL,'1',NULL,NULL),(1132,'123456789012345','SAMSUNG GALAXY NOTE',1,0,4998.0,330,NULL,'1',NULL,NULL),(1133,'123456789012345','SAMSUNG GALAXY NOTE',1,0,4998.0,330,NULL,'1',NULL,NULL),(1134,'123456789012345','SAMSUNG GALAXY NOTE',1,0,4998.0,330,NULL,'1',NULL,NULL),(1135,'123456789012345','SAMSUNG GALAXY NOTE',1,0,4998.0,330,NULL,'1',NULL,NULL),(1136,'123456789012345','SAMSUNG GALAXY NOTE',1,0,4998.0,330,NULL,'1',NULL,NULL),(1137,'123456789012345','SAMSUNG GALAXY NOTE',1,0,4998.0,330,NULL,'1',NULL,NULL),(1138,'123456789012345','SAMSUNG GALAXY NOTE',1,0,4998.0,330,NULL,'1',NULL,NULL),(1139,'123456789012345','SAMSUNG GALAXY NOTE',1,0,4998.0,330,NULL,'1',NULL,NULL),(1140,'123456789012345','SAMSUNG GALAXY NOTE',1,0,4998.0,330,NULL,'1',NULL,NULL),(1141,'123456789012345','SAMSUNG GALAXY NOTE',1,0,4998.0,331,NULL,'1',NULL,NULL),(1142,'123456789012345','SAMSUNG GALAXY NOTE',1,0,4998.0,331,NULL,'1',NULL,NULL),(1143,'123456789012345','SAMSUNG GALAXY NOTE',1,0,4998.0,331,NULL,'1',NULL,NULL),(1144,'3633633666969','ABC SSEE 保護貼 ',1,0,20.0,331,NULL,'1',NULL,NULL),(1145,'123456789012345','SAMSUNG GALAXY NOTE',1,0,4998.0,331,NULL,'1',NULL,NULL),(1146,'123456789012345','SAMSUNG GALAXY NOTE',1,0,4998.0,331,NULL,'1',NULL,NULL),(1147,'123456789012345','SAMSUNG GALAXY NOTE',1,0,4998.0,331,NULL,'1',NULL,NULL),(1148,'123456789012345','SAMSUNG GALAXY NOTE',1,0,4998.0,331,NULL,'1',NULL,NULL),(1149,'123456789012345','SAMSUNG GALAXY NOTE',1,0,4998.0,331,NULL,'1',NULL,NULL),(1150,'123456789012345','SAMSUNG GALAXY NOTE',1,0,4998.0,331,NULL,'1',NULL,NULL),(1151,'123456789012345','SAMSUNG GALAXY NOTE',1,0,4998.0,331,NULL,'1',NULL,NULL),(1152,'123456789012345','SAMSUNG GALAXY NOTE',1,0,4998.0,331,NULL,'1',NULL,NULL),(1153,'123456789012345','SAMSUNG GALAXY NOTE',1,0,4998.0,331,NULL,'1',NULL,NULL),(1154,'123456789012345','SAMSUNG GALAXY NOTE',1,0,4998.0,331,NULL,'1',NULL,NULL),(1155,'123456789012345','SAMSUNG GALAXY NOTE',1,0,4998.0,331,NULL,'1',NULL,NULL),(1156,'123456789012345','SAMSUNG GALAXY NOTE',1,0,4998.0,331,NULL,'1',NULL,NULL),(1157,'123456789012345','SAMSUNG GALAXY NOTE',1,0,4998.0,331,NULL,'1',NULL,NULL),(1158,'123456789012345','SAMSUNG GALAXY NOTE',1,0,4998.0,331,NULL,'1',NULL,NULL),(1159,'123456789012345','SAMSUNG GALAXY NOTE',1,0,4998.0,332,NULL,'1',NULL,NULL),(1160,'123456789012345','SAMSUNG GALAXY NOTE',1,0,4998.0,332,NULL,'1',NULL,NULL),(1161,'123456789012345','SAMSUNG GALAXY NOTE',1,0,4998.0,332,NULL,'1',NULL,NULL),(1162,'123456789012345','SAMSUNG GALAXY NOTE',1,0,4998.0,332,NULL,'1',NULL,NULL),(1163,'123456789012345','SAMSUNG GALAXY NOTE',1,0,4998.0,332,NULL,'1',NULL,NULL),(1164,'123456789012345','SAMSUNG GALAXY NOTE',1,0,4998.0,332,NULL,'1',NULL,NULL),(1165,'123456789012345','SAMSUNG GALAXY NOTE',1,0,4998.0,332,NULL,'1',NULL,NULL),(1166,'123456789012345','SAMSUNG GALAXY NOTE',1,0,4998.0,332,NULL,'1',NULL,NULL),(1167,'123456789012345','SAMSUNG GALAXY NOTE',1,0,4998.0,332,NULL,'1',NULL,NULL),(1168,'123456789012345','SAMSUNG GALAXY NOTE',1,0,4998.0,332,NULL,'1',NULL,NULL),(1169,'123456789012345','SAMSUNG GALAXY NOTE',1,0,4998.0,332,NULL,'1',NULL,NULL),(1170,'123456789012345','SAMSUNG GALAXY NOTE',1,0,4998.0,332,NULL,'1',NULL,NULL),(1171,'123456789012345','SAMSUNG GALAXY NOTE',1,0,4998.0,332,NULL,'1',NULL,NULL),(1172,'123456789012345','SAMSUNG GALAXY NOTE',1,0,4998.0,332,NULL,'1',NULL,NULL),(1173,'123456789012345','SAMSUNG GALAXY NOTE',1,0,4998.0,332,NULL,'1',NULL,NULL),(1174,'123456789012345','SAMSUNG GALAXY NOTE',1,0,4998.0,332,NULL,'1',NULL,NULL),(1175,'123456789012345','SAMSUNG GALAXY NOTE',1,0,4998.0,332,NULL,'1',NULL,NULL),(1176,'123456789012345','SAMSUNG GALAXY NOTE',1,0,4998.0,332,NULL,'1',NULL,NULL),(1177,'123456789012345','SAMSUNG GALAXY NOTE',1,0,4998.0,332,NULL,'1',NULL,NULL),(1178,'123456789012345','SAMSUNG GALAXY NOTE',1,0,4998.0,333,NULL,'1',NULL,NULL),(1179,'123456789012345','SAMSUNG GALAXY NOTE',1,0,4998.0,333,NULL,'1',NULL,NULL),(1180,'123456789012345','SAMSUNG GALAXY NOTE',1,0,4998.0,333,NULL,'1',NULL,NULL),(1181,'123456789012345','SAMSUNG GALAXY NOTE',1,0,4998.0,333,NULL,'1',NULL,NULL),(1182,'123456789012345','SAMSUNG GALAXY NOTE',1,0,4998.0,333,NULL,'1',NULL,NULL),(1183,'123456789012345','SAMSUNG GALAXY NOTE',1,0,4998.0,333,NULL,'1',NULL,NULL),(1184,'123456789012345','SAMSUNG GALAXY NOTE',1,0,4998.0,333,NULL,'1',NULL,NULL),(1185,'123456789012345','SAMSUNG GALAXY NOTE',1,0,4998.0,333,NULL,'1',NULL,NULL),(1186,'123456789012345','SAMSUNG GALAXY NOTE',1,0,4998.0,333,NULL,'1',NULL,NULL),(1187,'123456789012345','SAMSUNG GALAXY NOTE',1,0,4998.0,333,NULL,'1',NULL,NULL),(1188,'123456789012345','SAMSUNG GALAXY NOTE',1,0,4998.0,333,NULL,'1',NULL,NULL),(1189,'123456789012345','SAMSUNG GALAXY NOTE',1,0,4998.0,333,NULL,'1',NULL,NULL),(1190,'123456789012345','SAMSUNG GALAXY NOTE',1,0,4998.0,333,NULL,'1',NULL,NULL),(1191,'123456789012345','SAMSUNG GALAXY NOTE',1,0,4998.0,333,NULL,'1',NULL,NULL),(1192,'123456789012345','SAMSUNG GALAXY NOTE',1,0,4998.0,333,NULL,'1',NULL,NULL),(1193,'123456789012345','SAMSUNG GALAXY NOTE',1,0,4998.0,333,NULL,'1',NULL,NULL),(1194,'123456789012345','SAMSUNG GALAXY NOTE',1,0,4998.0,333,NULL,'1',NULL,NULL),(1195,'123456789012345','SAMSUNG GALAXY NOTE',1,0,4998.0,333,NULL,'1',NULL,NULL),(1196,'123456789012345','SAMSUNG GALAXY NOTE',1,0,4998.0,334,NULL,'1',NULL,NULL),(1197,'123456789012345','SAMSUNG GALAXY NOTE',1,0,4998.0,334,NULL,'1',NULL,NULL),(1198,'123456789012345','SAMSUNG GALAXY NOTE',1,0,4998.0,334,NULL,'1',NULL,NULL),(1199,'123456789012345','SAMSUNG GALAXY NOTE',1,0,4998.0,334,NULL,'1',NULL,NULL),(1200,'123456789012345','SAMSUNG GALAXY NOTE',1,0,4998.0,334,NULL,'1',NULL,NULL),(1201,'123456789012345','SAMSUNG GALAXY NOTE',1,0,4998.0,334,NULL,'1',NULL,NULL),(1202,'123456789012345','SAMSUNG GALAXY NOTE',1,0,4998.0,334,NULL,'1',NULL,NULL),(1203,'123456789012345','SAMSUNG GALAXY NOTE',1,0,4998.0,334,NULL,'1',NULL,NULL),(1204,'123456789012345','SAMSUNG GALAXY NOTE',1,0,4998.0,334,NULL,'1',NULL,NULL),(1205,'123456789012345','SAMSUNG GALAXY NOTE',1,0,4998.0,334,NULL,'1',NULL,NULL),(1206,'123456789012345','SAMSUNG GALAXY NOTE',1,0,4998.0,334,NULL,'1',NULL,NULL),(1207,'123456789012345','SAMSUNG GALAXY NOTE',1,0,4998.0,334,NULL,'1',NULL,NULL),(1208,'123456789012345','SAMSUNG GALAXY NOTE',1,0,4998.0,334,NULL,'1',NULL,NULL),(1209,'123456789012345','SAMSUNG GALAXY NOTE',1,0,4998.0,334,NULL,'1',NULL,NULL),(1210,'123456789012345','SAMSUNG GALAXY NOTE',1,0,4998.0,334,NULL,'1',NULL,NULL),(1211,'123456789012345','SAMSUNG GALAXY NOTE',1,0,4998.0,334,NULL,'1',NULL,NULL),(1212,'123456789012345','SAMSUNG GALAXY NOTE',1,0,4998.0,334,NULL,'1',NULL,NULL),(1213,'123456789012345','SAMSUNG GALAXY NOTE',1,0,4998.0,334,NULL,'1',NULL,NULL),(1214,'123456789012345','SAMSUNG GALAXY NOTE',1,0,4998.0,335,NULL,'1',NULL,NULL),(1215,'123456789012345','SAMSUNG GALAXY NOTE',1,0,4998.0,335,NULL,'1',NULL,NULL),(1216,'123456789012345','SAMSUNG GALAXY NOTE',1,0,4998.0,335,NULL,'1',NULL,NULL),(1217,'123456789012345','SAMSUNG GALAXY NOTE',1,0,4998.0,335,NULL,'1',NULL,NULL),(1218,'123456789012345','SAMSUNG GALAXY NOTE',1,0,4998.0,335,NULL,'1',NULL,NULL),(1219,'123456789012345','SAMSUNG GALAXY NOTE',1,0,4998.0,335,NULL,'1',NULL,NULL),(1220,'123456789012345','SAMSUNG GALAXY NOTE',1,0,4998.0,335,NULL,'1',NULL,NULL),(1221,'123456789012345','SAMSUNG GALAXY NOTE',1,0,4998.0,335,NULL,'1',NULL,NULL),(1222,'123456789012345','SAMSUNG GALAXY NOTE',1,0,4998.0,335,NULL,'1',NULL,NULL),(1223,'3633633666969','ABC SSEE 保護貼 ',1,0,20.0,335,NULL,'1',NULL,NULL),(1224,'123456789012345','SAMSUNG GALAXY NOTE',1,0,4998.0,335,NULL,'1',NULL,NULL),(1225,'123456789012345','SAMSUNG GALAXY NOTE',1,0,4998.0,335,NULL,'1',NULL,NULL),(1226,'123456789012345','SAMSUNG GALAXY NOTE',1,0,4998.0,335,NULL,'1',NULL,NULL),(1227,'123456789012345','SAMSUNG GALAXY NOTE',1,0,4998.0,335,NULL,'1',NULL,NULL),(1228,'123456789012345','SAMSUNG GALAXY NOTE',1,0,4998.0,335,NULL,'1',NULL,NULL),(1229,'123456789012345','SAMSUNG GALAXY NOTE',1,0,4998.0,335,NULL,'1',NULL,NULL),(1230,'3633633666969','ABC SSEE 保護貼 ',1,0,20.0,335,NULL,'1',NULL,NULL),(1231,'123456789012345','SAMSUNG GALAXY NOTE',1,0,4998.0,335,NULL,'1',NULL,NULL),(1232,'123456789012345','SAMSUNG GALAXY NOTE',1,0,4998.0,335,NULL,'1',NULL,NULL),(1233,'3633633666969','ABC SSEE 保護貼 ',1,0,20.0,336,NULL,'1',NULL,NULL),(1234,'3633633666969','ABC SSEE 保護貼 ',1,0,20.0,337,NULL,'1',NULL,NULL),(1235,'3633633666969','ABC SSEE 保護貼 ',1,0,20.0,338,NULL,'1',NULL,NULL),(1236,'3633633666969','ABC SSEE 保護貼 ',1,0,20.0,339,NULL,'1',NULL,NULL),(1237,'3633633666969','ABC SSEE 保護貼 ',1,0,20.0,340,NULL,'1',NULL,NULL),(1238,'3633633666969','ABC SSEE 保護貼 ',1,0,20.0,341,NULL,'1',NULL,NULL),(1239,'3633633666969','ABC SSEE 保護貼 ',1,0,20.0,342,NULL,'1',NULL,NULL),(1240,'3633633666969','ABC SSEE 保護貼 ',1,0,20.0,343,NULL,'1',NULL,NULL),(1241,'3633633666969','ABC SSEE 保護貼 ',1,0,20.0,344,NULL,'1',NULL,NULL),(1242,'3633633666969','ABC SSEE 保護貼 ',1,0,20.0,345,NULL,'1',NULL,NULL),(1243,'3633633666969','ABC SSEE 保護貼 ',1,0,20.0,346,NULL,'1',NULL,NULL),(1244,'3633633666969','ABC SSEE 保護貼 ',1,0,20.0,347,NULL,'1',NULL,NULL),(1245,'123456789012345','SAMSUNG GALAXY NOTE',1,0,4998.0,348,NULL,'1',NULL,NULL),(1246,'123456789012345','SAMSUNG GALAXY NOTE',1,0,4998.0,349,NULL,'1',NULL,NULL),(1247,'123456789012345','SAMSUNG GALAXY NOTE',1,0,4998.0,349,NULL,'1',NULL,NULL),(1248,'3633633666969','ABC SSEE 保護貼 ',1,0,20.0,350,NULL,'1',NULL,NULL),(1249,'3633633666969','ABC SSEE 保護貼 ',1,0,20.0,351,NULL,'1',NULL,NULL),(1250,'3633633666969','ABC SSEE 保護貼 ',1,0,20.0,352,NULL,'1',NULL,NULL),(1251,'3633633666969','ABC SSEE 保護貼 ',1,0,20.0,353,NULL,'1',NULL,NULL),(1252,'3633633666969','ABC SSEE 保護貼 ',1,0,20.0,354,NULL,'1',NULL,NULL),(1253,'3633633666969','ABC SSEE 保護貼 ',1,0,20.0,355,NULL,'1',NULL,NULL),(1254,'3633633666969','ABC SSEE 保護貼 ',1,0,20.0,356,NULL,'1',NULL,NULL),(1255,'3633633666969','ABC SSEE 保護貼 ',1,0,20.0,357,NULL,'1',NULL,NULL),(1256,'3633633666969','ABC SSEE 保護貼 ',1,0,20.0,358,NULL,'1',NULL,NULL),(1257,'3633633666969','ABC SSEE 保護貼 ',1,0,20.0,359,NULL,'1',NULL,NULL),(1258,'3633633666969','ABC SSEE 保護貼 ',1,0,20.0,360,NULL,'1',NULL,NULL),(1259,'3633633666969','ABC SSEE 保護貼 ',1,0,20.0,361,NULL,'1',NULL,NULL),(1260,'3633633666969','ABC SSEE 保護貼 ',1,0,20.0,362,NULL,'1',NULL,NULL),(1261,'3633633666969','ABC SSEE 保護貼 ',1,0,20.0,363,NULL,'1',NULL,NULL),(1262,'3633633666969','ABC SSEE 保護貼 ',1,0,20.0,364,NULL,'1',NULL,NULL),(1263,'3633633666969','ABC SSEE 保護貼 ',1,0,20.0,365,NULL,'1',NULL,NULL),(1264,'3633633666969','ABC SSEE 保護貼 ',1,0,20.0,366,NULL,'1',NULL,NULL),(1265,'3633633666969','ABC SSEE 保護貼 ',1,0,20.0,367,NULL,'1',NULL,NULL),(1266,'3633633666969','ABC SSEE 保護貼 ',1,0,20.0,368,NULL,'1',NULL,NULL),(1267,'3633633666969','ABC SSEE 保護貼 ',1,0,20.0,369,NULL,'1',NULL,NULL),(1268,'3633633666969','ABC SSEE 保護貼 ',1,0,20.0,370,NULL,'1',NULL,NULL),(1269,'654565456545654','APPLE IPHONE 4S',1,0,4898.0,371,NULL,'1',372,NULL),(1270,'654565456545654','APPLE IPHONE 4S',1,0,4898.0,371,NULL,'1',NULL,NULL),(1271,'654565456545654','APPLE IPHONE 4S',1,0,4898.0,372,NULL,'1',1269,NULL),(1272,'3633633666969','ABC SSEE 保護貼 ',1,0,20.0,373,NULL,'1',NULL,NULL),(1273,'3633633666969','ABC SSEE 保護貼 ',1,0,20.0,373,NULL,'1',NULL,NULL),(1274,'123456789012345','SAMSUNG GALAXY NOTE',1,0,4998.0,374,NULL,'1',NULL,NULL),(1275,'654565456545654','APPLE IPHONE 4S',1,0,4898.0,374,NULL,'1',NULL,NULL),(1276,'3633633666969','ABC SSEE 保護貼 ',1,0,20.0,375,NULL,'1',NULL,NULL),(1277,'3633633666969','ABC SSEE 保護貼 ',1,0,20.0,376,NULL,'1',NULL,NULL),(1278,'3633633666969','ABC SSEE 保護貼 ',1,0,20.0,377,NULL,'1',NULL,NULL),(1279,'3633633666969','ABC SSEE 保護貼 ',1,0,20.0,378,NULL,'1',NULL,NULL),(1280,'123456789012345','SAMSUNG GALAXY NOTE',1,0,4998.0,379,NULL,'1',NULL,NULL),(1281,'123456789012345','SAMSUNG GALAXY NOTE',1,0,4998.0,379,NULL,'1',NULL,NULL),(1282,'123456789012345','SAMSUNG GALAXY NOTE',1,0,4998.0,379,NULL,'1',NULL,NULL),(1283,'123456789012345','SAMSUNG GALAXY NOTE',1,0,4998.0,379,NULL,'1',NULL,NULL),(1284,'123456789012345','SAMSUNG GALAXY NOTE',1,0,4998.0,379,NULL,'1',NULL,NULL),(1285,'123456789012345','SAMSUNG GALAXY NOTE',1,0,4998.0,379,NULL,'1',NULL,NULL),(1286,'123456789012345','SAMSUNG GALAXY NOTE',1,0,4998.0,379,NULL,'1',NULL,NULL),(1287,'123456789012345','SAMSUNG GALAXY NOTE',1,0,4998.0,379,NULL,'1',NULL,NULL),(1288,'123456789012345','SAMSUNG GALAXY NOTE',1,0,4998.0,379,NULL,'1',NULL,NULL),(1289,'123456789012345','SAMSUNG GALAXY NOTE',1,0,4998.0,379,NULL,'1',NULL,NULL),(1290,'123456789012345','SAMSUNG GALAXY NOTE',1,0,4998.0,379,NULL,'1',NULL,NULL),(1291,'123456789012345','SAMSUNG GALAXY NOTE',1,0,4998.0,379,NULL,'1',NULL,NULL),(1292,'123456789012345','SAMSUNG GALAXY NOTE',1,0,4998.0,379,NULL,'1',NULL,NULL),(1293,'123456789012345','SAMSUNG GALAXY NOTE',1,0,4998.0,379,NULL,'1',NULL,NULL),(1294,'123456789012345','SAMSUNG GALAXY NOTE',1,0,4998.0,379,NULL,'1',NULL,NULL),(1295,'123456789012345','SAMSUNG GALAXY NOTE',1,0,4998.0,379,NULL,'1',NULL,NULL),(1296,'123456789012345','SAMSUNG GALAXY NOTE',1,0,4998.0,379,NULL,'1',NULL,NULL),(1297,'123456789012345','SAMSUNG GALAXY NOTE',1,0,4998.0,379,NULL,'1',NULL,NULL),(1298,'654565456545654','APPLE IPHONE 4S',1,0,4898.0,380,NULL,'1',NULL,NULL),(1299,'654565456545654','APPLE IPHONE 4S',1,0,4898.0,380,NULL,'1',NULL,NULL),(1300,'654565456545654','APPLE IPHONE 4S',1,0,4898.0,380,NULL,'1',NULL,NULL),(1301,'654565456545654','APPLE IPHONE 4S',1,0,4898.0,380,NULL,'1',NULL,NULL),(1302,'654565456545654','APPLE IPHONE 4S',1,0,4898.0,380,NULL,'1',NULL,NULL),(1303,'654565456545654','APPLE IPHONE 4S',1,0,4898.0,380,NULL,'1',NULL,NULL),(1304,'654565456545654','APPLE IPHONE 4S',1,0,4898.0,380,NULL,'1',NULL,NULL),(1305,'654565456545654','APPLE IPHONE 4S',1,0,4898.0,380,NULL,'1',NULL,NULL),(1306,'654565456545654','APPLE IPHONE 4S',1,0,4898.0,380,NULL,'1',NULL,NULL),(1307,'654565456545654','APPLE IPHONE 4S',1,0,4898.0,380,NULL,'1',NULL,NULL),(1308,'654565456545654','APPLE IPHONE 4S',1,0,4898.0,380,NULL,'1',NULL,NULL),(1309,'654565456545654','APPLE IPHONE 4S',1,0,4898.0,380,NULL,'1',NULL,NULL),(1310,'654565456545654','APPLE IPHONE 4S',1,0,4898.0,380,NULL,'1',NULL,NULL),(1311,'654565456545654','APPLE IPHONE 4S',1,0,4898.0,380,NULL,'1',NULL,NULL),(1312,'654565456545654','APPLE IPHONE 4S',1,0,4898.0,380,NULL,'1',NULL,NULL),(1313,'654565456545654','APPLE IPHONE 4S',1,0,4898.0,380,NULL,'1',NULL,NULL),(1314,'654565456545654','APPLE IPHONE 4S',1,0,4898.0,380,NULL,'1',NULL,NULL),(1315,'654565456545654','APPLE IPHONE 4S',1,0,4898.0,380,NULL,'1',NULL,NULL),(1316,'654565456545654','APPLE IPHONE 4S',1,0,4898.0,380,NULL,'1',NULL,NULL),(1317,'654565456545654','APPLE IPHONE 4S',1,0,4898.0,380,NULL,'1',NULL,NULL),(1318,'654565456545654','APPLE IPHONE 4S',1,0,4898.0,380,NULL,'1',NULL,NULL),(1319,'654565456545654','APPLE IPHONE 4S',1,0,4898.0,380,NULL,'1',NULL,NULL),(1320,'654565456545654','APPLE IPHONE 4S',1,0,4898.0,380,NULL,'1',NULL,NULL),(1321,'654565456545654','APPLE IPHONE 4S',1,0,4898.0,380,NULL,'1',NULL,NULL),(1322,'654565456545654','APPLE IPHONE 4S',1,0,4898.0,380,NULL,'1',NULL,NULL),(1323,'654565456545654','APPLE IPHONE 4S',1,0,4898.0,380,NULL,'1',NULL,NULL),(1324,'654565456545654','APPLE IPHONE 4S',1,0,4898.0,380,NULL,'1',NULL,NULL),(1325,'654565456545654','APPLE IPHONE 4S',1,0,4898.0,380,NULL,'1',NULL,NULL),(1326,'654565456545654','APPLE IPHONE 4S',1,0,4898.0,380,NULL,'1',NULL,NULL),(1327,'654565456545654','APPLE IPHONE 4S',1,0,4898.0,380,NULL,'1',NULL,NULL),(1328,'3633633666969','ABC SSEE 保護貼 ',1,0,20.0,381,NULL,'1',NULL,NULL),(1329,'654565456545654','APPLE IPHONE 4S',1,0,4898.0,382,NULL,'1',NULL,NULL),(1330,'654565456545654','APPLE IPHONE 4S',1,0,4898.0,382,NULL,'1',NULL,NULL),(1331,'654565456545654','APPLE IPHONE 4S',1,0,4898.0,382,NULL,'1',NULL,NULL),(1332,'654565456545654','APPLE IPHONE 4S',1,0,4898.0,382,NULL,'1',NULL,NULL),(1333,'654565456545654','APPLE IPHONE 4S',1,0,4898.0,382,NULL,'1',NULL,NULL),(1334,'654565456545654','APPLE IPHONE 4S',1,0,4898.0,382,NULL,'1',NULL,NULL),(1335,'654565456545654','APPLE IPHONE 4S',1,0,4898.0,382,NULL,'1',NULL,NULL),(1336,'654565456545654','APPLE IPHONE 4S',1,0,4898.0,382,NULL,'1',NULL,NULL),(1337,'654565456545654','APPLE IPHONE 4S',1,0,4898.0,382,NULL,'1',NULL,NULL),(1338,'654565456545654','APPLE IPHONE 4S',1,0,4898.0,382,NULL,'1',NULL,NULL),(1339,'654565456545654','APPLE IPHONE 4S',1,0,4898.0,382,NULL,'1',NULL,NULL),(1340,'654565456545654','APPLE IPHONE 4S',1,0,4898.0,382,NULL,'1',NULL,NULL),(1341,'654565456545654','APPLE IPHONE 4S',1,0,4898.0,382,NULL,'1',NULL,NULL),(1342,'654565456545654','APPLE IPHONE 4S',1,0,4898.0,382,NULL,'1',NULL,NULL),(1343,'654565456545654','APPLE IPHONE 4S',1,0,4898.0,382,NULL,'1',NULL,NULL),(1344,'654565456545654','APPLE IPHONE 4S',1,0,4898.0,382,NULL,'1',NULL,NULL),(1345,'654565456545654','APPLE IPHONE 4S',1,0,4898.0,382,NULL,'1',NULL,NULL),(1346,'654565456545654','APPLE IPHONE 4S',1,0,4898.0,382,NULL,'1',NULL,NULL),(1347,'654565456545654','APPLE IPHONE 4S',1,0,4898.0,382,NULL,'1',NULL,NULL),(1348,'654565456545654','APPLE IPHONE 4S',1,0,4898.0,382,NULL,'1',NULL,NULL),(1349,'654565456545654','APPLE IPHONE 4S',1,0,4898.0,382,NULL,'1',NULL,NULL),(1350,'654565456545654','APPLE IPHONE 4S',1,0,4898.0,382,NULL,'1',NULL,NULL),(1351,'654565456545654','APPLE IPHONE 4S',1,0,4898.0,382,NULL,'1',NULL,NULL),(1352,'654565456545654','APPLE IPHONE 4S',1,0,4898.0,382,NULL,'1',NULL,NULL),(1353,'654565456545654','APPLE IPHONE 4S',1,0,4898.0,382,NULL,'1',NULL,NULL),(1354,'654565456545654','APPLE IPHONE 4S',1,0,4898.0,382,NULL,'1',NULL,NULL),(1355,'654565456545654','APPLE IPHONE 4S',1,0,4898.0,382,NULL,'1',NULL,NULL),(1356,'654565456545654','APPLE IPHONE 4S',1,0,4898.0,382,NULL,'1',NULL,NULL),(1357,'654565456545654','APPLE IPHONE 4S',1,0,4898.0,382,NULL,'1',NULL,NULL),(1358,'123456789012345','SAMSUNG GALAXY NOTE',1,0,4998.0,383,NULL,'1',NULL,NULL),(1359,'123456789012345','SAMSUNG GALAXY NOTE',1,0,4998.0,383,NULL,'1',NULL,NULL),(1360,'123456789012345','SAMSUNG GALAXY NOTE',1,0,4998.0,383,NULL,'1',NULL,NULL),(1361,'123456789012345','SAMSUNG GALAXY NOTE',1,0,4998.0,383,NULL,'1',NULL,NULL),(1362,'123456789012345','SAMSUNG GALAXY NOTE',1,0,4998.0,383,NULL,'1',NULL,NULL),(1363,'123456789012345','SAMSUNG GALAXY NOTE',1,0,4998.0,383,NULL,'1',NULL,NULL),(1364,'123456789012345','SAMSUNG GALAXY NOTE',1,0,4998.0,383,NULL,'1',NULL,NULL),(1365,'123456789012345','SAMSUNG GALAXY NOTE',1,0,4998.0,383,NULL,'1',NULL,NULL),(1366,'123456789012345','SAMSUNG GALAXY NOTE',1,0,4998.0,383,NULL,'1',NULL,NULL),(1367,'123456789012345','SAMSUNG GALAXY NOTE',1,0,4998.0,383,NULL,'1',NULL,NULL),(1368,'123456789012345','SAMSUNG GALAXY NOTE',1,0,4998.0,383,NULL,'1',NULL,NULL),(1369,'123456789012345','SAMSUNG GALAXY NOTE',1,0,4998.0,383,NULL,'1',NULL,NULL),(1370,'123456789012345','SAMSUNG GALAXY NOTE',1,0,4998.0,383,NULL,'1',NULL,NULL),(1371,'123456789012345','SAMSUNG GALAXY NOTE',1,0,4998.0,383,NULL,'1',NULL,NULL),(1372,'123456789012345','SAMSUNG GALAXY NOTE',1,0,4998.0,383,NULL,'1',NULL,NULL),(1373,'123456789012345','SAMSUNG GALAXY NOTE',1,0,4998.0,383,NULL,'1',NULL,NULL),(1374,'123456789012345','SAMSUNG GALAXY NOTE',1,0,4998.0,383,NULL,'1',NULL,NULL),(1375,'123456789012345','SAMSUNG GALAXY NOTE',1,0,4998.0,383,NULL,'1',NULL,NULL),(1376,'123456789012345','SAMSUNG GALAXY NOTE',1,0,4998.0,383,NULL,'1',NULL,NULL),(1377,'123456789012345','SAMSUNG GALAXY NOTE',1,0,4998.0,383,NULL,'1',NULL,NULL),(1378,'123456789012345','SAMSUNG GALAXY NOTE',1,0,4998.0,383,NULL,'1',NULL,NULL),(1379,'123456789012345','SAMSUNG GALAXY NOTE',1,0,4998.0,383,NULL,'1',NULL,NULL),(1380,'123456789012345','SAMSUNG GALAXY NOTE',1,0,4998.0,383,NULL,'1',NULL,NULL),(1381,'123456789012345','SAMSUNG GALAXY NOTE',1,0,4998.0,383,NULL,'1',NULL,NULL),(1382,'123456789012345','SAMSUNG GALAXY NOTE',1,0,4998.0,383,NULL,'1',NULL,NULL),(1383,'654565456545654','APPLE IPHONE 4S',1,0,4898.0,384,NULL,'1',NULL,NULL),(1384,'654565456545654','APPLE IPHONE 4S',1,0,4898.0,384,NULL,'1',NULL,NULL),(1385,'654565456545654','APPLE IPHONE 4S',1,0,4898.0,384,NULL,'1',NULL,NULL),(1386,'3633633666969','ABC SSEE 保護貼 ',1,0,20.0,384,NULL,'1',NULL,NULL),(1387,'654565456545654','APPLE IPHONE 4S',1,0,4898.0,384,NULL,'1',NULL,NULL),(1388,'654565456545654','APPLE IPHONE 4S',1,0,4898.0,384,NULL,'1',NULL,NULL),(1389,'654565456545654','APPLE IPHONE 4S',1,0,4898.0,384,NULL,'1',NULL,NULL),(1390,'654565456545654','APPLE IPHONE 4S',1,0,4898.0,384,NULL,'1',NULL,NULL),(1391,'654565456545654','APPLE IPHONE 4S',1,0,4898.0,384,NULL,'1',NULL,NULL),(1392,'654565456545654','APPLE IPHONE 4S',1,0,4898.0,384,NULL,'1',NULL,NULL),(1393,'654565456545654','APPLE IPHONE 4S',1,0,4898.0,384,NULL,'1',NULL,NULL),(1394,'654565456545654','APPLE IPHONE 4S',1,0,4898.0,384,NULL,'1',NULL,NULL),(1395,'654565456545654','APPLE IPHONE 4S',1,0,4898.0,384,NULL,'1',NULL,NULL),(1396,'654565456545654','APPLE IPHONE 4S',1,0,4898.0,384,NULL,'1',NULL,NULL),(1397,'654565456545654','APPLE IPHONE 4S',1,0,4898.0,384,NULL,'1',NULL,NULL),(1398,'654565456545654','APPLE IPHONE 4S',1,0,4898.0,384,NULL,'1',NULL,NULL),(1399,'3633633666969','ABC SSEE 保護貼 ',1,0,20.0,385,NULL,'1',NULL,NULL),(1400,'3633633666969','ABC SSEE 保護貼 ',1,0,20.0,386,NULL,'1',NULL,NULL),(1401,'3633633666969','ABC SSEE 保護貼 ',1,0,20.0,387,NULL,'1',NULL,NULL),(1402,'3633633666969','ABC SSEE 保護貼 ',1,0,20.0,388,NULL,'1',NULL,NULL),(1403,'3633633666969','ABC SSEE 保護貼 ',1,0,20.0,389,NULL,'1',NULL,NULL),(1404,'3633633666969','ABC SSEE 保護貼 ',1,0,20.0,390,NULL,'1',NULL,NULL),(1405,'3633633666969','ABC SSEE 保護貼 ',1,0,20.0,391,NULL,'1',NULL,NULL),(1406,'3633633666969','ABC SSEE 保護貼 ',1,0,20.0,392,NULL,'1',NULL,NULL),(1407,'3633633666969','ABC SSEE 保護貼 ',1,0,20.0,392,NULL,'1',NULL,NULL),(1408,'3633633666969','ABC SSEE 保護貼 ',1,0,20.0,393,NULL,'1',NULL,NULL),(1409,'3633633666969','ABC SSEE 保護貼 ',1,0,20.0,394,NULL,'1',NULL,NULL),(1410,'3633633666969','ABC SSEE 保護貼 ',1,0,20.0,394,NULL,'1',NULL,NULL),(1411,'3633633666969','ABC SSEE 保護貼 ',1,0,20.0,394,NULL,'1',NULL,NULL),(1412,'3633633666969','ABC SSEE 保護貼 ',1,0,20.0,394,NULL,'1',NULL,NULL),(1413,'3633633666969','ABC SSEE 保護貼 ',1,0,20.0,394,NULL,'1',NULL,NULL),(1414,'3633633666969','ABC SSEE 保護貼 ',1,0,20.0,394,NULL,'1',NULL,NULL),(1415,'3633633666969','ABC SSEE 保護貼 ',1,0,20.0,394,NULL,'1',NULL,NULL),(1416,'3633633666969','ABC SSEE 保護貼 ',1,0,20.0,394,NULL,'1',NULL,NULL),(1417,'3633633666969','ABC SSEE 保護貼 ',1,0,20.0,394,NULL,'1',NULL,NULL),(1418,'3633633666969','ABC SSEE 保護貼 ',1,0,20.0,394,NULL,'1',NULL,NULL),(1419,'3633633666969','ABC SSEE 保護貼 ',1,0,20.0,394,NULL,'1',NULL,NULL),(1420,'3633633666969','ABC SSEE 保護貼 ',1,0,20.0,394,NULL,'1',NULL,NULL),(1421,'3633633666969','ABC SSEE 保護貼 ',1,0,20.0,394,NULL,'1',NULL,NULL),(1422,'3633633666969','ABC SSEE 保護貼 ',1,0,20.0,394,NULL,'1',NULL,NULL),(1423,'3633633666969','ABC SSEE 保護貼 ',1,0,20.0,394,NULL,'1',NULL,NULL),(1424,'3633633666969','ABC SSEE 保護貼 ',1,0,20.0,394,NULL,'1',NULL,NULL),(1425,'3633633666969','ABC SSEE 保護貼 ',1,0,20.0,394,NULL,'1',NULL,NULL),(1426,'3633633666969','ABC SSEE 保護貼 ',1,0,20.0,394,NULL,'1',NULL,NULL),(1427,'3633633666969','ABC SSEE 保護貼 ',1,0,20.0,394,NULL,'1',NULL,NULL),(1428,'3633633666969','ABC SSEE 保護貼 ',1,0,20.0,394,NULL,'1',NULL,NULL),(1429,'3633633666969','ABC SSEE 保護貼 ',1,0,20.0,394,NULL,'1',NULL,NULL),(1430,'3633633666969','ABC SSEE 保護貼 ',1,0,20.0,394,NULL,'1',NULL,NULL),(1431,'3633633666969','ABC SSEE 保護貼 ',1,0,20.0,394,NULL,'1',NULL,NULL),(1432,'3633633666969','ABC SSEE 保護貼 ',1,0,20.0,394,NULL,'1',NULL,NULL),(1433,'3633633666969','ABC SSEE 保護貼 ',1,0,20.0,394,NULL,'1',NULL,NULL),(1434,'3633633666969','ABC SSEE 保護貼 ',1,0,20.0,395,NULL,'1',NULL,NULL),(1435,'3633633666969','ABC SSEE 保護貼 ',1,0,20.0,395,NULL,'1',NULL,NULL),(1436,'3633633666969','ABC SSEE 保護貼 ',1,0,20.0,395,NULL,'1',NULL,NULL),(1437,'3633633666969','ABC SSEE 保護貼 ',1,0,20.0,395,NULL,'1',NULL,NULL),(1438,'3633633666969','ABC SSEE 保護貼 ',1,0,20.0,395,NULL,'1',NULL,NULL),(1439,'3633633666969','ABC SSEE 保護貼 ',1,0,20.0,395,NULL,'1',NULL,NULL),(1440,'3633633666969','ABC SSEE 保護貼 ',1,0,20.0,395,NULL,'1',NULL,NULL),(1441,'3633633666969','ABC SSEE 保護貼 ',1,0,20.0,395,NULL,'1',NULL,NULL),(1442,'3633633666969','ABC SSEE 保護貼 ',1,0,20.0,395,NULL,'1',NULL,NULL),(1443,'3633633666969','ABC SSEE 保護貼 ',1,0,20.0,395,NULL,'1',NULL,NULL),(1444,'3633633666969','ABC SSEE 保護貼 ',1,0,20.0,395,NULL,'1',NULL,NULL),(1445,'3633633666969','ABC SSEE 保護貼 ',1,0,20.0,395,NULL,'1',NULL,NULL),(1446,'3633633666969','ABC SSEE 保護貼 ',1,0,20.0,395,NULL,'1',NULL,NULL),(1447,'3633633666969','ABC SSEE 保護貼 ',1,0,20.0,395,NULL,'1',NULL,NULL),(1448,'3633633666969','ABC SSEE 保護貼 ',1,0,20.0,395,NULL,'1',NULL,NULL),(1449,'3633633666969','ABC SSEE 保護貼 ',1,0,20.0,395,NULL,'1',NULL,NULL),(1450,'3633633666969','ABC SSEE 保護貼 ',1,0,20.0,395,NULL,'1',NULL,NULL),(1451,'3633633666969','ABC SSEE 保護貼 ',1,0,20.0,395,NULL,'1',NULL,NULL),(1452,'3633633666969','ABC SSEE 保護貼 ',1,0,20.0,395,NULL,'1',NULL,NULL),(1453,'3633633666969','ABC SSEE 保護貼 ',1,0,20.0,395,NULL,'1',NULL,NULL),(1454,'3633633666969','ABC SSEE 保護貼 ',1,0,20.0,395,NULL,'1',NULL,NULL),(1455,'3633633666969','ABC SSEE 保護貼 ',1,0,20.0,395,NULL,'1',NULL,NULL),(1456,'3633633666969','ABC SSEE 保護貼 ',1,0,20.0,395,NULL,'1',NULL,NULL),(1457,'3633633666969','ABC SSEE 保護貼 ',1,0,20.0,395,NULL,'1',NULL,NULL),(1458,'3633633666969','ABC SSEE 保護貼 ',1,0,20.0,395,NULL,'1',NULL,NULL),(1459,'3633633666969','ABC SSEE 保護貼 ',1,0,20.0,395,NULL,'1',NULL,NULL),(1460,'3633633666969','ABC SSEE 保護貼 ',1,0,20.0,395,NULL,'1',NULL,NULL),(1461,'3633633666969','ABC SSEE 保護貼 ',1,0,20.0,395,NULL,'1',NULL,NULL),(1462,'3633633666969','ABC SSEE 保護貼 ',1,0,20.0,395,NULL,'1',NULL,NULL),(1463,'3633633666969','ABC SSEE 保護貼 ',1,0,20.0,395,NULL,'1',NULL,NULL),(1464,'123456789012345','SAMSUNG GALAXY NOTE',1,0,4998.0,396,NULL,'1',NULL,NULL),(1465,'123456789012345','SAMSUNG GALAXY NOTE',1,0,4998.0,396,NULL,'1',NULL,NULL),(1466,'123456789012345','SAMSUNG GALAXY NOTE',1,0,4998.0,396,NULL,'1',NULL,NULL),(1467,'123456789012345','SAMSUNG GALAXY NOTE',1,0,4998.0,396,NULL,'1',NULL,NULL),(1468,'123456789012345','SAMSUNG GALAXY NOTE',1,0,4998.0,396,NULL,'1',NULL,NULL),(1469,'123456789012345','SAMSUNG GALAXY NOTE',1,0,4998.0,396,NULL,'1',NULL,NULL),(1470,'123456789012345','SAMSUNG GALAXY NOTE',1,0,4998.0,396,NULL,'1',NULL,NULL),(1471,'123456789012345','SAMSUNG GALAXY NOTE',1,0,4998.0,396,NULL,'1',NULL,NULL),(1472,'123456789012345','SAMSUNG GALAXY NOTE',1,0,4998.0,396,NULL,'1',NULL,NULL),(1473,'123456789012345','SAMSUNG GALAXY NOTE',1,0,4998.0,396,NULL,'1',NULL,NULL),(1474,'123456789012345','SAMSUNG GALAXY NOTE',1,0,4998.0,396,NULL,'1',NULL,NULL),(1475,'123456789012345','SAMSUNG GALAXY NOTE',1,0,4998.0,396,NULL,'1',NULL,NULL),(1476,'123456789012345','SAMSUNG GALAXY NOTE',1,0,4998.0,396,NULL,'1',NULL,NULL),(1477,'123456789012345','SAMSUNG GALAXY NOTE',1,0,4998.0,396,NULL,'1',NULL,NULL),(1478,'123456789012345','SAMSUNG GALAXY NOTE',1,0,4998.0,396,NULL,'1',NULL,NULL),(1479,'123456789012345','SAMSUNG GALAXY NOTE',1,0,4998.0,396,NULL,'1',NULL,NULL),(1480,'123456789012345','SAMSUNG GALAXY NOTE',1,0,4998.0,396,NULL,'1',NULL,NULL),(1481,'123456789012345','SAMSUNG GALAXY NOTE',1,0,4998.0,397,NULL,'1',NULL,NULL),(1482,'123456789012345','SAMSUNG GALAXY NOTE',1,0,4998.0,397,NULL,'1',NULL,NULL),(1483,'123456789012345','SAMSUNG GALAXY NOTE',1,0,4998.0,397,NULL,'1',NULL,NULL),(1484,'123456789012345','SAMSUNG GALAXY NOTE',1,0,4998.0,397,NULL,'1',NULL,NULL),(1485,'123456789012345','SAMSUNG GALAXY NOTE',1,0,4998.0,397,NULL,'1',NULL,NULL),(1486,'123456789012345','SAMSUNG GALAXY NOTE',1,0,4998.0,397,NULL,'1',NULL,NULL),(1487,'123456789012345','SAMSUNG GALAXY NOTE',1,0,4998.0,397,NULL,'1',NULL,NULL),(1488,'123456789012345','SAMSUNG GALAXY NOTE',1,0,4998.0,397,NULL,'1',NULL,NULL),(1489,'123456789012345','SAMSUNG GALAXY NOTE',1,0,4998.0,397,NULL,'1',NULL,NULL),(1490,'123456789012345','SAMSUNG GALAXY NOTE',1,0,4998.0,397,NULL,'1',NULL,NULL),(1491,'123456789012345','SAMSUNG GALAXY NOTE',1,0,4998.0,397,NULL,'1',NULL,NULL),(1492,'123456789012345','SAMSUNG GALAXY NOTE',1,0,4998.0,397,NULL,'1',NULL,NULL),(1493,'123456789012345','SAMSUNG GALAXY NOTE',1,0,4998.0,397,NULL,'1',NULL,NULL),(1494,'123456789012345','SAMSUNG GALAXY NOTE',1,0,4998.0,397,NULL,'1',NULL,NULL),(1495,'123456789012345','SAMSUNG GALAXY NOTE',1,0,4998.0,397,NULL,'1',NULL,NULL),(1496,'123456789012345','SAMSUNG GALAXY NOTE',1,0,4998.0,397,NULL,'1',NULL,NULL),(1497,'123456789012345','SAMSUNG GALAXY NOTE',1,0,4998.0,397,NULL,'1',NULL,NULL),(1498,'123456789012345','SAMSUNG GALAXY NOTE',1,0,4998.0,397,NULL,'1',NULL,NULL),(1499,'123456789012345','SAMSUNG GALAXY NOTE',1,0,4998.0,397,NULL,'1',NULL,NULL),(1500,'123456789012345','SAMSUNG GALAXY NOTE',1,0,4998.0,397,NULL,'1',NULL,NULL),(1501,'123456789012345','SAMSUNG GALAXY NOTE',1,0,4998.0,397,NULL,'1',NULL,NULL),(1502,'123456789012345','SAMSUNG GALAXY NOTE',1,0,4998.0,397,NULL,'1',NULL,NULL),(1503,'123456789012345','SAMSUNG GALAXY NOTE',1,0,4998.0,397,NULL,'1',NULL,NULL),(1504,'123456789012345','SAMSUNG GALAXY NOTE',1,0,4998.0,397,NULL,'1',NULL,NULL),(1505,'123456789012345','SAMSUNG GALAXY NOTE',1,0,4998.0,397,NULL,'1',NULL,NULL),(1506,'123456789012345','SAMSUNG GALAXY NOTE',1,0,4998.0,397,NULL,'1',NULL,NULL),(1507,'123456789012345','SAMSUNG GALAXY NOTE',1,0,4998.0,397,NULL,'1',NULL,NULL),(1508,'123456789012345','SAMSUNG GALAXY NOTE',1,0,4998.0,397,NULL,'1',NULL,NULL),(1509,'123456789012345','SAMSUNG GALAXY NOTE',1,0,4998.0,397,NULL,'1',NULL,NULL),(1510,'123456789012345','SAMSUNG GALAXY NOTE',1,0,4998.0,397,NULL,'1',NULL,NULL),(1511,'123456789012345','SAMSUNG GALAXY NOTE',1,0,4998.0,397,NULL,'1',NULL,NULL),(1512,'123456789012345','SAMSUNG GALAXY NOTE',1,0,4998.0,397,NULL,'1',NULL,NULL),(1513,'123456789012345','SAMSUNG GALAXY NOTE',1,0,4998.0,397,NULL,'1',NULL,NULL),(1514,'123456789012345','SAMSUNG GALAXY NOTE',1,0,4998.0,397,NULL,'1',NULL,NULL),(1515,'123456789012345','SAMSUNG GALAXY NOTE',1,0,4998.0,397,NULL,'1',NULL,NULL),(1516,'123456789012345','SAMSUNG GALAXY NOTE',1,0,4998.0,398,NULL,'1',NULL,NULL),(1517,'123456789012345','SAMSUNG GALAXY NOTE',1,0,4998.0,398,NULL,'1',NULL,NULL),(1518,'123456789012345','SAMSUNG GALAXY NOTE',1,0,4998.0,398,NULL,'1',NULL,NULL),(1519,'123456789012345','SAMSUNG GALAXY NOTE',1,0,4998.0,398,NULL,'1',NULL,NULL),(1520,'123456789012345','SAMSUNG GALAXY NOTE',1,0,4998.0,398,NULL,'1',NULL,NULL),(1521,'123456789012345','SAMSUNG GALAXY NOTE',1,0,4998.0,398,NULL,'1',NULL,NULL),(1522,'123456789012345','SAMSUNG GALAXY NOTE',1,0,4998.0,398,NULL,'1',NULL,NULL),(1523,'123456789012345','SAMSUNG GALAXY NOTE',1,0,4998.0,398,NULL,'1',NULL,NULL),(1524,'123456789012345','SAMSUNG GALAXY NOTE',1,0,4998.0,398,NULL,'1',NULL,NULL),(1525,'123456789012345','SAMSUNG GALAXY NOTE',1,0,4998.0,398,NULL,'1',NULL,NULL),(1526,'123456789012345','SAMSUNG GALAXY NOTE',1,0,4998.0,398,NULL,'1',NULL,NULL),(1527,'123456789012345','SAMSUNG GALAXY NOTE',1,0,4998.0,398,NULL,'1',NULL,NULL),(1528,'123456789012345','SAMSUNG GALAXY NOTE',1,0,4998.0,398,NULL,'1',NULL,NULL),(1529,'123456789012345','SAMSUNG GALAXY NOTE',1,0,4998.0,398,NULL,'1',NULL,NULL),(1530,'123456789012345','SAMSUNG GALAXY NOTE',1,0,4998.0,398,NULL,'1',NULL,NULL),(1531,'123456789012345','SAMSUNG GALAXY NOTE',1,0,4998.0,398,NULL,'1',NULL,NULL),(1532,'123456789012345','SAMSUNG GALAXY NOTE',1,0,4998.0,398,NULL,'1',NULL,NULL),(1533,'123456789012345','SAMSUNG GALAXY NOTE',1,0,4998.0,398,NULL,'1',NULL,NULL),(1534,'123456789012345','SAMSUNG GALAXY NOTE',1,0,4998.0,398,NULL,'1',NULL,NULL),(1535,'123456789012345','SAMSUNG GALAXY NOTE',1,0,4998.0,398,NULL,'1',NULL,NULL),(1536,'123456789012345','SAMSUNG GALAXY NOTE',1,0,4998.0,398,NULL,'1',NULL,NULL),(1537,'123456789012345','SAMSUNG GALAXY NOTE',1,0,4998.0,398,NULL,'1',NULL,NULL),(1538,'123456789012345','SAMSUNG GALAXY NOTE',1,0,4998.0,398,NULL,'1',NULL,NULL),(1539,'123456789012345','SAMSUNG GALAXY NOTE',1,0,4998.0,398,NULL,'1',NULL,NULL),(1540,'123456789012345','SAMSUNG GALAXY NOTE',1,0,4998.0,398,NULL,'1',NULL,NULL),(1541,'123456789012345','SAMSUNG GALAXY NOTE',1,0,4998.0,398,NULL,'1',NULL,NULL),(1542,'123456789012345','SAMSUNG GALAXY NOTE',1,0,4998.0,398,NULL,'1',NULL,NULL),(1543,'123456789012345','SAMSUNG GALAXY NOTE',1,0,4998.0,398,NULL,'1',NULL,NULL),(1544,'123456789012345','SAMSUNG GALAXY NOTE',1,0,4998.0,398,NULL,'1',NULL,NULL),(1545,'123456789012345','SAMSUNG GALAXY NOTE',1,0,4998.0,398,NULL,'1',NULL,NULL),(1546,'123456789012345','SAMSUNG GALAXY NOTE',1,0,4998.0,399,NULL,'1',NULL,NULL),(1547,'123456789012345','SAMSUNG GALAXY NOTE',1,0,4998.0,399,NULL,'1',NULL,NULL),(1548,'123456789012345','SAMSUNG GALAXY NOTE',1,0,4998.0,399,NULL,'1',NULL,NULL),(1549,'123456789012345','SAMSUNG GALAXY NOTE',1,0,4998.0,399,NULL,'1',NULL,NULL),(1550,'123456789012345','SAMSUNG GALAXY NOTE',1,0,4998.0,399,NULL,'1',NULL,NULL),(1551,'123456789012345','SAMSUNG GALAXY NOTE',1,0,4998.0,399,NULL,'1',NULL,NULL),(1552,'123456789012345','SAMSUNG GALAXY NOTE',1,0,4998.0,399,NULL,'1',NULL,NULL),(1553,'123456789012345','SAMSUNG GALAXY NOTE',1,0,4998.0,399,NULL,'1',NULL,NULL),(1554,'123456789012345','SAMSUNG GALAXY NOTE',1,0,4998.0,399,NULL,'1',NULL,NULL),(1555,'123456789012345','SAMSUNG GALAXY NOTE',1,0,4998.0,399,NULL,'1',NULL,NULL),(1556,'123456789012345','SAMSUNG GALAXY NOTE',1,0,4998.0,399,NULL,'1',NULL,NULL),(1557,'123456789012345','SAMSUNG GALAXY NOTE',1,0,4998.0,399,NULL,'1',NULL,NULL),(1558,'123456789012345','SAMSUNG GALAXY NOTE',1,0,4998.0,399,NULL,'1',NULL,NULL),(1559,'123456789012345','SAMSUNG GALAXY NOTE',1,0,4998.0,399,NULL,'1',NULL,NULL),(1560,'123456789012345','SAMSUNG GALAXY NOTE',1,0,4998.0,399,NULL,'1',NULL,NULL),(1561,'123456789012345','SAMSUNG GALAXY NOTE',1,0,4998.0,399,NULL,'1',NULL,NULL),(1562,'123456789012345','SAMSUNG GALAXY NOTE',1,0,4998.0,399,NULL,'1',NULL,NULL),(1563,'123456789012345','SAMSUNG GALAXY NOTE',1,0,4998.0,399,NULL,'1',NULL,NULL),(1564,'123456789012345','SAMSUNG GALAXY NOTE',1,0,4998.0,399,NULL,'1',NULL,NULL),(1565,'123456789012345','SAMSUNG GALAXY NOTE',1,0,4998.0,399,NULL,'1',NULL,NULL),(1566,'123456789012345','SAMSUNG GALAXY NOTE',1,0,4998.0,399,NULL,'1',NULL,NULL),(1567,'123456789012345','SAMSUNG GALAXY NOTE',1,0,4998.0,399,NULL,'1',NULL,NULL),(1568,'123456789012345','SAMSUNG GALAXY NOTE',1,0,4998.0,399,NULL,'1',NULL,NULL),(1569,'123456789012345','SAMSUNG GALAXY NOTE',1,0,4998.0,399,NULL,'1',NULL,NULL),(1570,'123456789012345','SAMSUNG GALAXY NOTE',1,0,4998.0,399,NULL,'1',NULL,NULL),(1571,'123456789012345','SAMSUNG GALAXY NOTE',1,0,4998.0,399,NULL,'1',NULL,NULL),(1572,'123456789012345','SAMSUNG GALAXY NOTE',1,0,4998.0,399,NULL,'1',NULL,NULL),(1573,'123456789012345','SAMSUNG GALAXY NOTE',1,0,4998.0,399,NULL,'1',NULL,NULL),(1574,'123456789012345','SAMSUNG GALAXY NOTE',1,0,4998.0,399,NULL,'1',NULL,NULL),(1575,'123456789012345','SAMSUNG GALAXY NOTE',1,0,4998.0,399,NULL,'1',NULL,NULL),(1576,'3633633666969','ABC SSEE 保護貼 ',1,0,20.0,400,NULL,'1',NULL,NULL),(1577,'3633633666969','ABC SSEE 保護貼 ',1,0,20.0,400,NULL,'1',NULL,NULL),(1578,'3633633666969','ABC SSEE 保護貼 ',1,0,20.0,400,NULL,'1',NULL,NULL),(1579,'3633633666969','ABC SSEE 保護貼 ',1,0,20.0,400,NULL,'1',NULL,NULL),(1580,'3633633666969','ABC SSEE 保護貼 ',1,0,20.0,400,NULL,'1',NULL,NULL),(1581,'3633633666969','ABC SSEE 保護貼 ',1,0,20.0,400,NULL,'1',NULL,NULL),(1582,'3633633666969','ABC SSEE 保護貼 ',1,0,20.0,400,NULL,'1',NULL,NULL),(1583,'3633633666969','ABC SSEE 保護貼 ',1,0,20.0,400,NULL,'1',NULL,NULL),(1584,'3633633666969','ABC SSEE 保護貼 ',1,0,20.0,400,NULL,'1',NULL,NULL),(1585,'3633633666969','ABC SSEE 保護貼 ',1,0,20.0,400,NULL,'1',NULL,NULL),(1586,'3633633666969','ABC SSEE 保護貼 ',1,0,20.0,400,NULL,'1',NULL,NULL),(1587,'3633633666969','ABC SSEE 保護貼 ',1,0,20.0,400,NULL,'1',NULL,NULL),(1588,'3633633666969','ABC SSEE 保護貼 ',1,0,20.0,400,NULL,'1',NULL,NULL),(1589,'3633633666969','ABC SSEE 保護貼 ',1,0,20.0,400,NULL,'1',NULL,NULL),(1590,'3633633666969','ABC SSEE 保護貼 ',1,0,20.0,400,NULL,'1',NULL,NULL),(1591,'3633633666969','ABC SSEE 保護貼 ',1,0,20.0,400,NULL,'1',NULL,NULL),(1592,'3633633666969','ABC SSEE 保護貼 ',1,0,20.0,400,NULL,'1',NULL,NULL),(1593,'3633633666969','ABC SSEE 保護貼 ',1,0,20.0,400,NULL,'1',NULL,NULL),(1594,'3633633666969','ABC SSEE 保護貼 ',1,0,20.0,400,NULL,'1',NULL,NULL),(1595,'3633633666969','ABC SSEE 保護貼 ',1,0,20.0,400,NULL,'1',NULL,NULL),(1596,'3633633666969','ABC SSEE 保護貼 ',1,0,20.0,400,NULL,'1',NULL,NULL),(1597,'3633633666969','ABC SSEE 保護貼 ',1,0,20.0,400,NULL,'1',NULL,NULL),(1598,'3633633666969','ABC SSEE 保護貼 ',1,0,20.0,400,NULL,'1',NULL,NULL),(1599,'3633633666969','ABC SSEE 保護貼 ',1,0,20.0,400,NULL,'1',NULL,NULL),(1600,'3633633666969','ABC SSEE 保護貼 ',1,0,20.0,400,NULL,'1',NULL,NULL),(1601,'3633633666969','ABC SSEE 保護貼 ',1,0,20.0,400,NULL,'1',NULL,NULL),(1602,'3633633666969','ABC SSEE 保護貼 ',1,0,20.0,400,NULL,'1',NULL,NULL),(1603,'3633633666969','ABC SSEE 保護貼 ',1,0,20.0,400,NULL,'1',NULL,NULL),(1604,'3633633666969','ABC SSEE 保護貼 ',1,0,20.0,400,NULL,'1',NULL,NULL),(1605,'3633633666969','ABC SSEE 保護貼 ',1,0,20.0,400,NULL,'1',NULL,NULL),(1606,'3633633666969','ABC SSEE 保護貼 ',1,0,20.0,401,NULL,'1',NULL,NULL),(1607,'3633633666969','ABC SSEE 保護貼 ',1,0,20.0,401,NULL,'1',NULL,NULL),(1608,'3633633666969','ABC SSEE 保護貼 ',1,0,20.0,401,NULL,'1',NULL,NULL),(1609,'3633633666969','ABC SSEE 保護貼 ',1,0,20.0,401,NULL,'1',NULL,NULL),(1610,'3633633666969','ABC SSEE 保護貼 ',1,0,20.0,401,NULL,'1',NULL,NULL),(1611,'3633633666969','ABC SSEE 保護貼 ',1,0,20.0,401,NULL,'1',NULL,NULL),(1612,'3633633666969','ABC SSEE 保護貼 ',1,0,20.0,401,NULL,'1',NULL,NULL),(1613,'3633633666969','ABC SSEE 保護貼 ',1,0,20.0,401,NULL,'1',NULL,NULL),(1614,'3633633666969','ABC SSEE 保護貼 ',1,0,20.0,401,NULL,'1',NULL,NULL),(1615,'3633633666969','ABC SSEE 保護貼 ',1,0,20.0,401,NULL,'1',NULL,NULL),(1616,'3633633666969','ABC SSEE 保護貼 ',1,0,20.0,401,NULL,'1',NULL,NULL),(1617,'3633633666969','ABC SSEE 保護貼 ',1,0,20.0,401,NULL,'1',NULL,NULL),(1618,'3633633666969','ABC SSEE 保護貼 ',1,0,20.0,401,NULL,'1',NULL,NULL),(1619,'3633633666969','ABC SSEE 保護貼 ',1,0,20.0,401,NULL,'1',NULL,NULL),(1620,'3633633666969','ABC SSEE 保護貼 ',1,0,20.0,401,NULL,'1',NULL,NULL),(1621,'3633633666969','ABC SSEE 保護貼 ',1,0,20.0,401,NULL,'1',NULL,NULL),(1622,'3633633666969','ABC SSEE 保護貼 ',1,0,20.0,401,NULL,'1',NULL,NULL),(1623,'3633633666969','ABC SSEE 保護貼 ',1,0,20.0,401,NULL,'1',NULL,NULL),(1624,'3633633666969','ABC SSEE 保護貼 ',1,0,20.0,401,NULL,'1',NULL,NULL),(1625,'3633633666969','ABC SSEE 保護貼 ',1,0,20.0,401,NULL,'1',NULL,NULL),(1626,'3633633666969','ABC SSEE 保護貼 ',1,0,20.0,401,NULL,'1',NULL,NULL),(1627,'3633633666969','ABC SSEE 保護貼 ',1,0,20.0,401,NULL,'1',NULL,NULL),(1628,'3633633666969','ABC SSEE 保護貼 ',1,0,20.0,401,NULL,'1',NULL,NULL),(1629,'3633633666969','ABC SSEE 保護貼 ',1,0,20.0,401,NULL,'1',NULL,NULL),(1630,'3633633666969','ABC SSEE 保護貼 ',1,0,20.0,401,NULL,'1',NULL,NULL),(1631,'3633633666969','ABC SSEE 保護貼 ',1,0,20.0,401,NULL,'1',NULL,NULL),(1632,'3633633666969','ABC SSEE 保護貼 ',1,0,20.0,401,NULL,'1',NULL,NULL),(1633,'3633633666969','ABC SSEE 保護貼 ',1,0,20.0,401,NULL,'1',NULL,NULL),(1634,'3633633666969','ABC SSEE 保護貼 ',1,0,20.0,401,NULL,'1',NULL,NULL),(1635,'3633633666969','ABC SSEE 保護貼 ',1,0,20.0,401,NULL,'1',NULL,NULL),(1636,'3633633666969','ABC SSEE 保護貼 ',1,0,20.0,402,NULL,'1',NULL,NULL),(1637,'3633633666969','ABC SSEE 保護貼 ',1,0,20.0,402,NULL,'1',NULL,NULL),(1638,'3633633666969','ABC SSEE 保護貼 ',1,0,20.0,402,NULL,'1',NULL,NULL),(1639,'3633633666969','ABC SSEE 保護貼 ',1,0,20.0,402,NULL,'1',NULL,NULL),(1640,'3633633666969','ABC SSEE 保護貼 ',1,0,20.0,402,NULL,'1',NULL,NULL),(1641,'3633633666969','ABC SSEE 保護貼 ',1,0,20.0,402,NULL,'1',NULL,NULL),(1642,'3633633666969','ABC SSEE 保護貼 ',1,0,20.0,402,NULL,'1',NULL,NULL),(1643,'3633633666969','ABC SSEE 保護貼 ',1,0,20.0,402,NULL,'1',NULL,NULL),(1644,'3633633666969','ABC SSEE 保護貼 ',1,0,20.0,402,NULL,'1',NULL,NULL),(1645,'3633633666969','ABC SSEE 保護貼 ',1,0,20.0,402,NULL,'1',NULL,NULL),(1646,'3633633666969','ABC SSEE 保護貼 ',1,0,20.0,402,NULL,'1',NULL,NULL),(1647,'3633633666969','ABC SSEE 保護貼 ',1,0,20.0,402,NULL,'1',NULL,NULL),(1648,'3633633666969','ABC SSEE 保護貼 ',1,0,20.0,402,NULL,'1',NULL,NULL),(1649,'3633633666969','ABC SSEE 保護貼 ',1,0,20.0,402,NULL,'1',NULL,NULL),(1650,'3633633666969','ABC SSEE 保護貼 ',1,0,20.0,402,NULL,'1',NULL,NULL),(1651,'3633633666969','ABC SSEE 保護貼 ',1,0,20.0,402,NULL,'1',NULL,NULL),(1652,'3633633666969','ABC SSEE 保護貼 ',1,0,20.0,402,NULL,'1',NULL,NULL),(1653,'3633633666969','ABC SSEE 保護貼 ',1,0,20.0,402,NULL,'1',NULL,NULL),(1654,'3633633666969','ABC SSEE 保護貼 ',1,0,20.0,402,NULL,'1',NULL,NULL),(1655,'3633633666969','ABC SSEE 保護貼 ',1,0,20.0,402,NULL,'1',NULL,NULL),(1656,'3633633666969','ABC SSEE 保護貼 ',1,0,20.0,402,NULL,'1',NULL,NULL),(1657,'3633633666969','ABC SSEE 保護貼 ',1,0,20.0,402,NULL,'1',NULL,NULL),(1658,'3633633666969','ABC SSEE 保護貼 ',1,0,20.0,402,NULL,'1',NULL,NULL),(1659,'3633633666969','ABC SSEE 保護貼 ',1,0,20.0,402,NULL,'1',NULL,NULL),(1660,'3633633666969','ABC SSEE 保護貼 ',1,0,20.0,402,NULL,'1',NULL,NULL),(1661,'3633633666969','ABC SSEE 保護貼 ',1,0,20.0,402,NULL,'1',NULL,NULL),(1662,'3633633666969','ABC SSEE 保護貼 ',1,0,20.0,402,NULL,'1',NULL,NULL),(1663,'3633633666969','ABC SSEE 保護貼 ',1,0,20.0,402,NULL,'1',NULL,NULL),(1664,'3633633666969','ABC SSEE 保護貼 ',1,0,20.0,402,NULL,'1',NULL,NULL),(1665,'3633633666969','ABC SSEE 保護貼 ',1,0,20.0,402,NULL,'1',NULL,NULL),(1666,'3633633666969','ABC SSEE 保護貼 ',1,0,20.0,402,NULL,'1',NULL,NULL),(1667,'3633633666969','ABC SSEE 保護貼 ',1,0,20.0,402,NULL,'1',NULL,NULL),(1668,'3633633666969','ABC SSEE 保護貼 ',1,0,20.0,402,NULL,'1',NULL,NULL),(1669,'3633633666969','ABC SSEE 保護貼 ',1,0,20.0,402,NULL,'1',NULL,NULL),(1670,'3633633666969','ABC SSEE 保護貼 ',1,0,20.0,402,NULL,'1',NULL,NULL),(1671,'3633633666969','ABC SSEE 保護貼 ',1,0,20.0,402,NULL,'1',NULL,NULL),(1672,'3633633666969','ABC SSEE 保護貼 ',1,0,20.0,402,NULL,'1',NULL,NULL),(1673,'3633633666969','ABC SSEE 保護貼 ',1,0,20.0,402,NULL,'1',NULL,NULL),(1674,'3633633666969','ABC SSEE 保護貼 ',1,0,20.0,402,NULL,'1',NULL,NULL),(1675,'3633633666969','ABC SSEE 保護貼 ',1,0,20.0,402,NULL,'1',NULL,NULL),(1676,'3633633666969','ABC SSEE 保護貼 ',1,0,20.0,403,NULL,'1',NULL,NULL),(1677,'3633633666969','ABC SSEE 保護貼 ',1,0,20.0,403,NULL,'1',NULL,NULL),(1678,'3633633666969','ABC SSEE 保護貼 ',1,0,20.0,403,NULL,'1',NULL,NULL),(1679,'3633633666969','ABC SSEE 保護貼 ',1,0,20.0,403,NULL,'1',NULL,NULL),(1680,'3633633666969','ABC SSEE 保護貼 ',1,0,20.0,403,NULL,'1',NULL,NULL),(1681,'3633633666969','ABC SSEE 保護貼 ',1,0,20.0,403,NULL,'1',NULL,NULL),(1682,'3633633666969','ABC SSEE 保護貼 ',1,0,20.0,403,NULL,'1',NULL,NULL),(1683,'3633633666969','ABC SSEE 保護貼 ',1,0,20.0,403,NULL,'1',NULL,NULL),(1684,'3633633666969','ABC SSEE 保護貼 ',1,0,20.0,403,NULL,'1',NULL,NULL),(1685,'3633633666969','ABC SSEE 保護貼 ',1,0,20.0,403,NULL,'1',NULL,NULL),(1686,'3633633666969','ABC SSEE 保護貼 ',1,0,20.0,403,NULL,'1',NULL,NULL),(1687,'3633633666969','ABC SSEE 保護貼 ',1,0,20.0,403,NULL,'1',NULL,NULL),(1688,'3633633666969','ABC SSEE 保護貼 ',1,0,20.0,403,NULL,'1',NULL,NULL),(1689,'3633633666969','ABC SSEE 保護貼 ',1,0,20.0,403,NULL,'1',NULL,NULL),(1690,'3633633666969','ABC SSEE 保護貼 ',1,0,20.0,403,NULL,'1',NULL,NULL),(1691,'3633633666969','ABC SSEE 保護貼 ',1,0,20.0,403,NULL,'1',NULL,NULL),(1692,'3633633666969','ABC SSEE 保護貼 ',1,0,20.0,403,NULL,'1',NULL,NULL),(1693,'3633633666969','ABC SSEE 保護貼 ',1,0,20.0,403,NULL,'1',NULL,NULL),(1694,'3633633666969','ABC SSEE 保護貼 ',1,0,20.0,403,NULL,'1',NULL,NULL),(1695,'3633633666969','ABC SSEE 保護貼 ',1,0,20.0,403,NULL,'1',NULL,NULL),(1696,'3633633666969','ABC SSEE 保護貼 ',1,0,20.0,403,NULL,'1',NULL,NULL),(1697,'3633633666969','ABC SSEE 保護貼 ',1,0,20.0,403,NULL,'1',NULL,NULL),(1698,'3633633666969','ABC SSEE 保護貼 ',1,0,20.0,403,NULL,'1',NULL,NULL),(1699,'3633633666969','ABC SSEE 保護貼 ',1,0,20.0,403,NULL,'1',NULL,NULL),(1700,'3633633666969','ABC SSEE 保護貼 ',1,0,20.0,403,NULL,'1',NULL,NULL),(1701,'3633633666969','ABC SSEE 保護貼 ',1,0,20.0,403,NULL,'1',NULL,NULL),(1702,'3633633666969','ABC SSEE 保護貼 ',1,0,20.0,403,NULL,'1',NULL,NULL),(1703,'3633633666969','ABC SSEE 保護貼 ',1,0,20.0,403,NULL,'1',NULL,NULL),(1704,'3633633666969','ABC SSEE 保護貼 ',1,0,20.0,403,NULL,'1',NULL,NULL),(1705,'3633633666969','ABC SSEE 保護貼 ',1,0,20.0,403,NULL,'1',NULL,NULL),(1706,'3633633666969','ABC SSEE 保護貼 ',1,0,20.0,403,NULL,'1',NULL,NULL),(1707,'3633633666969','ABC SSEE 保護貼 ',1,0,20.0,403,NULL,'1',NULL,NULL),(1708,'3633633666969','ABC SSEE 保護貼 ',1,0,20.0,403,NULL,'1',NULL,NULL),(1709,'3633633666969','ABC SSEE 保護貼 ',1,0,20.0,403,NULL,'1',NULL,NULL),(1710,'3633633666969','ABC SSEE 保護貼 ',1,0,20.0,403,NULL,'1',NULL,NULL),(1711,'3633633666969','ABC SSEE 保護貼 ',1,0,20.0,403,NULL,'1',NULL,NULL),(1712,'3633633666969','ABC SSEE 保護貼 ',1,0,20.0,403,NULL,'1',NULL,NULL),(1713,'3633633666969','ABC SSEE 保護貼 ',1,0,20.0,403,NULL,'1',NULL,NULL),(1714,'3633633666969','ABC SSEE 保護貼 ',1,0,20.0,403,NULL,'1',NULL,NULL),(1715,'3633633666969','ABC SSEE 保護貼 ',1,0,20.0,403,NULL,'1',NULL,NULL),(1716,'3633633666969','ABC SSEE 保護貼 ',1,0,20.0,404,NULL,'1',NULL,NULL),(1717,'3633633666969','ABC SSEE 保護貼 ',1,0,20.0,404,NULL,'1',NULL,NULL),(1718,'3633633666969','ABC SSEE 保護貼 ',1,0,20.0,404,NULL,'1',NULL,NULL),(1719,'3633633666969','ABC SSEE 保護貼 ',1,0,20.0,404,NULL,'1',NULL,NULL),(1720,'3633633666969','ABC SSEE 保護貼 ',1,0,20.0,404,NULL,'1',NULL,NULL),(1721,'3633633666969','ABC SSEE 保護貼 ',1,0,20.0,404,NULL,'1',NULL,NULL),(1722,'3633633666969','ABC SSEE 保護貼 ',1,0,20.0,404,NULL,'1',NULL,NULL),(1723,'3633633666969','ABC SSEE 保護貼 ',1,0,20.0,404,NULL,'1',NULL,NULL),(1724,'3633633666969','ABC SSEE 保護貼 ',1,0,20.0,404,NULL,'1',NULL,NULL),(1725,'3633633666969','ABC SSEE 保護貼 ',1,0,20.0,404,NULL,'1',NULL,NULL),(1726,'3633633666969','ABC SSEE 保護貼 ',1,0,20.0,404,NULL,'1',NULL,NULL),(1727,'3633633666969','ABC SSEE 保護貼 ',1,0,20.0,404,NULL,'1',NULL,NULL),(1728,'3633633666969','ABC SSEE 保護貼 ',1,0,20.0,404,NULL,'1',NULL,NULL),(1729,'3633633666969','ABC SSEE 保護貼 ',1,0,20.0,404,NULL,'1',NULL,NULL),(1730,'3633633666969','ABC SSEE 保護貼 ',1,0,20.0,404,NULL,'1',NULL,NULL),(1731,'3633633666969','ABC SSEE 保護貼 ',1,0,20.0,404,NULL,'1',NULL,NULL),(1732,'3633633666969','ABC SSEE 保護貼 ',1,0,20.0,404,NULL,'1',NULL,NULL),(1733,'3633633666969','ABC SSEE 保護貼 ',1,0,20.0,404,NULL,'1',NULL,NULL),(1734,'3633633666969','ABC SSEE 保護貼 ',1,0,20.0,404,NULL,'1',NULL,NULL),(1735,'3633633666969','ABC SSEE 保護貼 ',1,0,20.0,404,NULL,'1',NULL,NULL),(1736,'3633633666969','ABC SSEE 保護貼 ',1,0,20.0,404,NULL,'1',NULL,NULL),(1737,'3633633666969','ABC SSEE 保護貼 ',1,0,20.0,404,NULL,'1',NULL,NULL),(1738,'3633633666969','ABC SSEE 保護貼 ',1,0,20.0,404,NULL,'1',NULL,NULL),(1739,'3633633666969','ABC SSEE 保護貼 ',1,0,20.0,404,NULL,'1',NULL,NULL),(1740,'3633633666969','ABC SSEE 保護貼 ',1,0,20.0,404,NULL,'1',NULL,NULL),(1741,'3633633666969','ABC SSEE 保護貼 ',1,0,20.0,404,NULL,'1',NULL,NULL),(1742,'3633633666969','ABC SSEE 保護貼 ',1,0,20.0,404,NULL,'1',NULL,NULL),(1743,'3633633666969','ABC SSEE 保護貼 ',1,0,20.0,404,NULL,'1',NULL,NULL),(1744,'3633633666969','ABC SSEE 保護貼 ',1,0,20.0,404,NULL,'1',NULL,NULL),(1745,'3633633666969','ABC SSEE 保護貼 ',1,0,20.0,404,NULL,'1',NULL,NULL),(1746,'3633633666969','ABC SSEE 保護貼 ',1,0,20.0,404,NULL,'1',NULL,NULL),(1747,'3633633666969','ABC SSEE 保護貼 ',1,0,20.0,404,NULL,'1',NULL,NULL),(1748,'3633633666969','ABC SSEE 保護貼 ',1,0,20.0,404,NULL,'1',NULL,NULL),(1749,'3633633666969','ABC SSEE 保護貼 ',1,0,20.0,404,NULL,'1',NULL,NULL),(1750,'3633633666969','ABC SSEE 保護貼 ',1,0,20.0,404,NULL,'1',NULL,NULL),(1751,'3633633666969','ABC SSEE 保護貼 ',1,0,20.0,404,NULL,'1',NULL,NULL),(1752,'3633633666969','ABC SSEE 保護貼 ',1,0,20.0,404,NULL,'1',NULL,NULL),(1753,'3633633666969','ABC SSEE 保護貼 ',1,0,20.0,404,NULL,'1',NULL,NULL),(1754,'3633633666969','ABC SSEE 保護貼 ',1,0,20.0,404,NULL,'1',NULL,NULL),(1755,'3633633666969','ABC SSEE 保護貼 ',1,0,20.0,404,NULL,'1',NULL,NULL),(1756,'3633633666969','ABC SSEE 保護貼 ',1,0,20.0,405,NULL,'1',NULL,NULL),(1757,'3633633666969','ABC SSEE 保護貼 ',1,0,20.0,405,NULL,'1',NULL,NULL),(1758,'3633633666969','ABC SSEE 保護貼 ',1,0,20.0,405,NULL,'1',NULL,NULL),(1759,'3633633666969','ABC SSEE 保護貼 ',1,0,20.0,405,NULL,'1',NULL,NULL),(1760,'3633633666969','ABC SSEE 保護貼 ',1,0,20.0,405,NULL,'1',NULL,NULL),(1761,'3633633666969','ABC SSEE 保護貼 ',1,0,20.0,405,NULL,'1',NULL,NULL),(1762,'3633633666969','ABC SSEE 保護貼 ',1,0,20.0,405,NULL,'1',NULL,NULL),(1763,'3633633666969','ABC SSEE 保護貼 ',1,0,20.0,405,NULL,'1',NULL,NULL),(1764,'3633633666969','ABC SSEE 保護貼 ',1,0,20.0,405,NULL,'1',NULL,NULL),(1765,'3633633666969','ABC SSEE 保護貼 ',1,0,20.0,405,NULL,'1',NULL,NULL),(1766,'3633633666969','ABC SSEE 保護貼 ',1,0,20.0,405,NULL,'1',NULL,NULL),(1767,'3633633666969','ABC SSEE 保護貼 ',1,0,20.0,405,NULL,'1',NULL,NULL),(1768,'3633633666969','ABC SSEE 保護貼 ',1,0,20.0,405,NULL,'1',NULL,NULL),(1769,'3633633666969','ABC SSEE 保護貼 ',1,0,20.0,405,NULL,'1',NULL,NULL),(1770,'3633633666969','ABC SSEE 保護貼 ',1,0,20.0,405,NULL,'1',NULL,NULL),(1771,'3633633666969','ABC SSEE 保護貼 ',1,0,20.0,405,NULL,'1',NULL,NULL),(1772,'3633633666969','ABC SSEE 保護貼 ',1,0,20.0,405,NULL,'1',NULL,NULL),(1773,'3633633666969','ABC SSEE 保護貼 ',1,0,20.0,405,NULL,'1',NULL,NULL),(1774,'3633633666969','ABC SSEE 保護貼 ',1,0,20.0,405,NULL,'1',NULL,NULL),(1775,'3633633666969','ABC SSEE 保護貼 ',1,0,20.0,405,NULL,'1',NULL,NULL),(1776,'3633633666969','ABC SSEE 保護貼 ',1,0,20.0,405,NULL,'1',NULL,NULL),(1777,'3633633666969','ABC SSEE 保護貼 ',1,0,20.0,405,NULL,'1',NULL,NULL),(1778,'3633633666969','ABC SSEE 保護貼 ',1,0,20.0,405,NULL,'1',NULL,NULL),(1779,'3633633666969','ABC SSEE 保護貼 ',1,0,20.0,405,NULL,'1',NULL,NULL),(1780,'3633633666969','ABC SSEE 保護貼 ',1,0,20.0,405,NULL,'1',NULL,NULL),(1781,'3633633666969','ABC SSEE 保護貼 ',1,0,20.0,405,NULL,'1',NULL,NULL),(1782,'3633633666969','ABC SSEE 保護貼 ',1,0,20.0,405,NULL,'1',NULL,NULL),(1783,'3633633666969','ABC SSEE 保護貼 ',1,0,20.0,405,NULL,'1',NULL,NULL),(1784,'3633633666969','ABC SSEE 保護貼 ',1,0,20.0,405,NULL,'1',NULL,NULL),(1785,'3633633666969','ABC SSEE 保護貼 ',1,0,20.0,405,NULL,'1',NULL,NULL),(1786,'3633633666969','ABC SSEE 保護貼 ',1,0,20.0,405,NULL,'1',NULL,NULL),(1787,'3633633666969','ABC SSEE 保護貼 ',1,0,20.0,405,NULL,'1',NULL,NULL),(1788,'3633633666969','ABC SSEE 保護貼 ',1,0,20.0,405,NULL,'1',NULL,NULL),(1789,'3633633666969','ABC SSEE 保護貼 ',1,0,20.0,405,NULL,'1',NULL,NULL),(1790,'3633633666969','ABC SSEE 保護貼 ',1,0,20.0,405,NULL,'1',NULL,NULL),(1791,'3633633666969','ABC SSEE 保護貼 ',1,0,20.0,405,NULL,'1',NULL,NULL),(1792,'3633633666969','ABC SSEE 保護貼 ',1,0,20.0,405,NULL,'1',NULL,NULL),(1793,'3633633666969','ABC SSEE 保護貼 ',1,0,20.0,405,NULL,'1',NULL,NULL),(1794,'3633633666969','ABC SSEE 保護貼 ',1,0,20.0,405,NULL,'1',NULL,NULL),(1795,'3633633666969','ABC SSEE 保護貼 ',1,0,20.0,405,NULL,'1',NULL,NULL),(1796,'3633633666969','ABC SSEE 保護貼 ',1,0,20.0,406,NULL,'1',NULL,NULL),(1797,'3633633666969','ABC SSEE 保護貼 ',1,0,20.0,406,NULL,'1',NULL,NULL),(1798,'3633633666969','ABC SSEE 保護貼 ',1,0,20.0,406,NULL,'1',NULL,NULL),(1799,'3633633666969','ABC SSEE 保護貼 ',1,0,20.0,406,NULL,'1',NULL,NULL),(1800,'3633633666969','ABC SSEE 保護貼 ',1,0,20.0,406,NULL,'1',NULL,NULL),(1801,'3633633666969','ABC SSEE 保護貼 ',1,0,20.0,406,NULL,'1',NULL,NULL),(1802,'3633633666969','ABC SSEE 保護貼 ',1,0,20.0,406,NULL,'1',NULL,NULL),(1803,'3633633666969','ABC SSEE 保護貼 ',1,0,20.0,406,NULL,'1',NULL,NULL),(1804,'3633633666969','ABC SSEE 保護貼 ',1,0,20.0,406,NULL,'1',NULL,NULL),(1805,'3633633666969','ABC SSEE 保護貼 ',1,0,20.0,406,NULL,'1',NULL,NULL),(1806,'3633633666969','ABC SSEE 保護貼 ',1,0,20.0,406,NULL,'1',NULL,NULL),(1807,'3633633666969','ABC SSEE 保護貼 ',1,0,20.0,406,NULL,'1',NULL,NULL),(1808,'3633633666969','ABC SSEE 保護貼 ',1,0,20.0,406,NULL,'1',NULL,NULL),(1809,'3633633666969','ABC SSEE 保護貼 ',1,0,20.0,406,NULL,'1',NULL,NULL),(1810,'3633633666969','ABC SSEE 保護貼 ',1,0,20.0,406,NULL,'1',NULL,NULL),(1811,'3633633666969','ABC SSEE 保護貼 ',1,0,20.0,406,NULL,'1',NULL,NULL),(1812,'3633633666969','ABC SSEE 保護貼 ',1,0,20.0,406,NULL,'1',NULL,NULL),(1813,'3633633666969','ABC SSEE 保護貼 ',1,0,20.0,406,NULL,'1',NULL,NULL),(1814,'3633633666969','ABC SSEE 保護貼 ',1,0,20.0,406,NULL,'1',NULL,NULL),(1815,'3633633666969','ABC SSEE 保護貼 ',1,0,20.0,406,NULL,'1',NULL,NULL),(1816,'3633633666969','ABC SSEE 保護貼 ',1,0,20.0,406,NULL,'1',NULL,NULL),(1817,'3633633666969','ABC SSEE 保護貼 ',1,0,20.0,406,NULL,'1',NULL,NULL),(1818,'3633633666969','ABC SSEE 保護貼 ',1,0,20.0,406,NULL,'1',NULL,NULL),(1819,'3633633666969','ABC SSEE 保護貼 ',1,0,20.0,406,NULL,'1',NULL,NULL),(1820,'3633633666969','ABC SSEE 保護貼 ',1,0,20.0,406,NULL,'1',NULL,NULL),(1821,'3633633666969','ABC SSEE 保護貼 ',1,0,20.0,406,NULL,'1',NULL,NULL),(1822,'3633633666969','ABC SSEE 保護貼 ',1,0,20.0,406,NULL,'1',NULL,NULL),(1823,'3633633666969','ABC SSEE 保護貼 ',1,0,20.0,406,NULL,'1',NULL,NULL),(1824,'3633633666969','ABC SSEE 保護貼 ',1,0,20.0,406,NULL,'1',NULL,NULL),(1825,'3633633666969','ABC SSEE 保護貼 ',1,0,20.0,406,NULL,'1',NULL,NULL),(1826,'3633633666969','ABC SSEE 保護貼 ',1,0,20.0,406,NULL,'1',NULL,NULL),(1827,'3633633666969','ABC SSEE 保護貼 ',1,0,20.0,406,NULL,'1',NULL,NULL),(1828,'3633633666969','ABC SSEE 保護貼 ',1,0,20.0,406,NULL,'1',NULL,NULL),(1829,'3633633666969','ABC SSEE 保護貼 ',1,0,20.0,406,NULL,'1',NULL,NULL),(1830,'3633633666969','ABC SSEE 保護貼 ',1,0,20.0,406,NULL,'1',NULL,NULL),(1831,'3633633666969','ABC SSEE 保護貼 ',1,0,20.0,406,NULL,'1',NULL,NULL),(1832,'3633633666969','ABC SSEE 保護貼 ',1,0,20.0,406,NULL,'1',NULL,NULL),(1833,'3633633666969','ABC SSEE 保護貼 ',1,0,20.0,406,NULL,'1',NULL,NULL),(1834,'3633633666969','ABC SSEE 保護貼 ',1,0,20.0,406,NULL,'1',NULL,NULL),(1835,'3633633666969','ABC SSEE 保護貼 ',1,0,20.0,406,NULL,'1',NULL,NULL),(1836,'3633633666969','ABC SSEE 保護貼 ',1,0,20.0,407,NULL,'1',NULL,NULL),(1837,'3633633666969','ABC SSEE 保護貼 ',1,0,20.0,407,NULL,'1',NULL,NULL),(1838,'3633633666969','ABC SSEE 保護貼 ',1,0,20.0,407,NULL,'1',NULL,NULL),(1839,'3633633666969','ABC SSEE 保護貼 ',1,0,20.0,407,NULL,'1',NULL,NULL),(1840,'3633633666969','ABC SSEE 保護貼 ',1,0,20.0,407,NULL,'1',NULL,NULL),(1841,'3633633666969','ABC SSEE 保護貼 ',1,0,20.0,407,NULL,'1',NULL,NULL),(1842,'3633633666969','ABC SSEE 保護貼 ',1,0,20.0,407,NULL,'1',NULL,NULL),(1843,'3633633666969','ABC SSEE 保護貼 ',1,0,20.0,407,NULL,'1',NULL,NULL),(1844,'3633633666969','ABC SSEE 保護貼 ',1,0,20.0,407,NULL,'1',NULL,NULL),(1845,'3633633666969','ABC SSEE 保護貼 ',1,0,20.0,407,NULL,'1',NULL,NULL),(1846,'3633633666969','ABC SSEE 保護貼 ',1,0,20.0,407,NULL,'1',NULL,NULL),(1847,'3633633666969','ABC SSEE 保護貼 ',1,0,20.0,407,NULL,'1',NULL,NULL),(1848,'3633633666969','ABC SSEE 保護貼 ',1,0,20.0,407,NULL,'1',NULL,NULL),(1849,'3633633666969','ABC SSEE 保護貼 ',1,0,20.0,407,NULL,'1',NULL,NULL),(1850,'3633633666969','ABC SSEE 保護貼 ',1,0,20.0,407,NULL,'1',NULL,NULL),(1851,'3633633666969','ABC SSEE 保護貼 ',1,0,20.0,407,NULL,'1',NULL,NULL),(1852,'3633633666969','ABC SSEE 保護貼 ',1,0,20.0,407,NULL,'1',NULL,NULL),(1853,'3633633666969','ABC SSEE 保護貼 ',1,0,20.0,407,NULL,'1',NULL,NULL),(1854,'3633633666969','ABC SSEE 保護貼 ',1,0,20.0,407,NULL,'1',NULL,NULL),(1855,'3633633666969','ABC SSEE 保護貼 ',1,0,20.0,407,NULL,'1',NULL,NULL),(1856,'3633633666969','ABC SSEE 保護貼 ',1,0,20.0,407,NULL,'1',NULL,NULL),(1857,'3633633666969','ABC SSEE 保護貼 ',1,0,20.0,407,NULL,'1',NULL,NULL),(1858,'3633633666969','ABC SSEE 保護貼 ',1,0,20.0,407,NULL,'1',NULL,NULL),(1859,'3633633666969','ABC SSEE 保護貼 ',1,0,20.0,407,NULL,'1',NULL,NULL),(1860,'3633633666969','ABC SSEE 保護貼 ',1,0,20.0,407,NULL,'1',NULL,NULL),(1861,'3633633666969','ABC SSEE 保護貼 ',1,0,20.0,407,NULL,'1',NULL,NULL),(1862,'3633633666969','ABC SSEE 保護貼 ',1,0,20.0,407,NULL,'1',NULL,NULL),(1863,'3633633666969','ABC SSEE 保護貼 ',1,0,20.0,407,NULL,'1',NULL,NULL),(1864,'3633633666969','ABC SSEE 保護貼 ',1,0,20.0,407,NULL,'1',NULL,NULL),(1865,'3633633666969','ABC SSEE 保護貼 ',1,0,20.0,407,NULL,'1',NULL,NULL),(1866,'3633633666969','ABC SSEE 保護貼 ',1,0,20.0,407,NULL,'1',NULL,NULL),(1867,'3633633666969','ABC SSEE 保護貼 ',1,0,20.0,407,NULL,'1',NULL,NULL),(1868,'3633633666969','ABC SSEE 保護貼 ',1,0,20.0,407,NULL,'1',NULL,NULL),(1869,'3633633666969','ABC SSEE 保護貼 ',1,0,20.0,407,NULL,'1',NULL,NULL),(1870,'3633633666969','ABC SSEE 保護貼 ',1,0,20.0,407,NULL,'1',NULL,NULL),(1871,'3633633666969','ABC SSEE 保護貼 ',1,0,20.0,407,NULL,'1',NULL,NULL),(1872,'3633633666969','ABC SSEE 保護貼 ',1,0,20.0,407,NULL,'1',NULL,NULL),(1873,'3633633666969','ABC SSEE 保護貼 ',1,0,20.0,407,NULL,'1',NULL,NULL),(1874,'3633633666969','ABC SSEE 保護貼 ',1,0,20.0,407,NULL,'1',NULL,NULL),(1875,'3633633666969','ABC SSEE 保護貼 ',1,0,20.0,407,NULL,'1',NULL,NULL),(1876,'3633633666969','ABC SSEE 保護貼 ',1,0,20.0,407,NULL,'1',NULL,NULL),(1877,'3633633666969','ABC SSEE 保護貼 ',1,0,20.0,408,NULL,'1',NULL,NULL),(1878,'3633633666969','ABC SSEE 保護貼 ',1,0,20.0,408,NULL,'1',NULL,NULL),(1879,'3633633666969','ABC SSEE 保護貼 ',1,0,20.0,408,NULL,'1',NULL,NULL),(1880,'3633633666969','ABC SSEE 保護貼 ',1,0,20.0,408,NULL,'1',NULL,NULL),(1881,'3633633666969','ABC SSEE 保護貼 ',1,0,20.0,408,NULL,'1',NULL,NULL),(1882,'3633633666969','ABC SSEE 保護貼 ',1,0,20.0,408,NULL,'1',NULL,NULL),(1883,'3633633666969','ABC SSEE 保護貼 ',1,0,20.0,408,NULL,'1',NULL,NULL),(1884,'3633633666969','ABC SSEE 保護貼 ',1,0,20.0,408,NULL,'1',NULL,NULL),(1885,'3633633666969','ABC SSEE 保護貼 ',1,0,20.0,408,NULL,'1',NULL,NULL),(1886,'3633633666969','ABC SSEE 保護貼 ',1,0,20.0,408,NULL,'1',NULL,NULL),(1887,'3633633666969','ABC SSEE 保護貼 ',1,0,20.0,408,NULL,'1',NULL,NULL),(1888,'3633633666969','ABC SSEE 保護貼 ',1,0,20.0,408,NULL,'1',NULL,NULL),(1889,'3633633666969','ABC SSEE 保護貼 ',1,0,20.0,408,NULL,'1',NULL,NULL),(1890,'3633633666969','ABC SSEE 保護貼 ',1,0,20.0,408,NULL,'1',NULL,NULL),(1891,'3633633666969','ABC SSEE 保護貼 ',1,0,20.0,408,NULL,'1',NULL,NULL),(1892,'3633633666969','ABC SSEE 保護貼 ',1,0,20.0,408,NULL,'1',NULL,NULL),(1893,'3633633666969','ABC SSEE 保護貼 ',1,0,20.0,408,NULL,'1',NULL,NULL),(1894,'3633633666969','ABC SSEE 保護貼 ',1,0,20.0,408,NULL,'1',NULL,NULL),(1895,'3633633666969','ABC SSEE 保護貼 ',1,0,20.0,408,NULL,'1',NULL,NULL),(1896,'3633633666969','ABC SSEE 保護貼 ',1,0,20.0,408,NULL,'1',NULL,NULL),(1897,'3633633666969','ABC SSEE 保護貼 ',1,0,20.0,408,NULL,'1',NULL,NULL),(1898,'3633633666969','ABC SSEE 保護貼 ',1,0,20.0,408,NULL,'1',NULL,NULL),(1899,'3633633666969','ABC SSEE 保護貼 ',1,0,20.0,408,NULL,'1',NULL,NULL),(1900,'3633633666969','ABC SSEE 保護貼 ',1,0,20.0,408,NULL,'1',NULL,NULL),(1901,'3633633666969','ABC SSEE 保護貼 ',1,0,20.0,408,NULL,'1',NULL,NULL),(1902,'3633633666969','ABC SSEE 保護貼 ',1,0,20.0,408,NULL,'1',NULL,NULL),(1903,'3633633666969','ABC SSEE 保護貼 ',1,0,20.0,408,NULL,'1',NULL,NULL),(1904,'3633633666969','ABC SSEE 保護貼 ',1,0,20.0,408,NULL,'1',NULL,NULL),(1905,'3633633666969','ABC SSEE 保護貼 ',1,0,20.0,408,NULL,'1',NULL,NULL),(1906,'3633633666969','ABC SSEE 保護貼 ',1,0,20.0,408,NULL,'1',NULL,NULL),(1907,'3633633666969','ABC SSEE 保護貼 ',1,0,20.0,408,NULL,'1',NULL,NULL),(1908,'3633633666969','ABC SSEE 保護貼 ',1,0,20.0,408,NULL,'1',NULL,NULL),(1909,'3633633666969','ABC SSEE 保護貼 ',1,0,20.0,408,NULL,'1',NULL,NULL),(1910,'3633633666969','ABC SSEE 保護貼 ',1,0,20.0,408,NULL,'1',NULL,NULL),(1911,'3633633666969','ABC SSEE 保護貼 ',1,0,20.0,408,NULL,'1',NULL,NULL),(1912,'3633633666969','ABC SSEE 保護貼 ',1,0,20.0,408,NULL,'1',NULL,NULL),(1913,'3633633666969','ABC SSEE 保護貼 ',1,0,20.0,408,NULL,'1',NULL,NULL),(1914,'3633633666969','ABC SSEE 保護貼 ',1,0,20.0,408,NULL,'1',NULL,NULL),(1915,'3633633666969','ABC SSEE 保護貼 ',1,0,20.0,408,NULL,'1',NULL,NULL),(1916,'3633633666969','ABC SSEE 保護貼 ',1,0,20.0,408,NULL,'1',NULL,NULL),(1917,'3633633666969','ABC SSEE 保護貼 ',1,0,20.0,409,NULL,'1',NULL,NULL),(1918,'3633633666969','ABC SSEE 保護貼 ',1,0,20.0,409,NULL,'1',NULL,NULL),(1919,'3633633666969','ABC SSEE 保護貼 ',1,0,20.0,409,NULL,'1',NULL,NULL),(1920,'3633633666969','ABC SSEE 保護貼 ',1,0,20.0,409,NULL,'1',NULL,NULL),(1921,'3633633666969','ABC SSEE 保護貼 ',1,0,20.0,409,NULL,'1',NULL,NULL),(1922,'3633633666969','ABC SSEE 保護貼 ',1,0,20.0,409,NULL,'1',NULL,NULL),(1923,'3633633666969','ABC SSEE 保護貼 ',1,0,20.0,409,NULL,'1',NULL,NULL),(1924,'3633633666969','ABC SSEE 保護貼 ',1,0,20.0,409,NULL,'1',NULL,NULL),(1925,'3633633666969','ABC SSEE 保護貼 ',1,0,20.0,409,NULL,'1',NULL,NULL),(1926,'3633633666969','ABC SSEE 保護貼 ',1,0,20.0,409,NULL,'1',NULL,NULL),(1927,'3633633666969','ABC SSEE 保護貼 ',1,0,20.0,409,NULL,'1',NULL,NULL),(1928,'3633633666969','ABC SSEE 保護貼 ',1,0,20.0,409,NULL,'1',NULL,NULL),(1929,'3633633666969','ABC SSEE 保護貼 ',1,0,20.0,409,NULL,'1',NULL,NULL),(1930,'3633633666969','ABC SSEE 保護貼 ',1,0,20.0,409,NULL,'1',NULL,NULL),(1931,'3633633666969','ABC SSEE 保護貼 ',1,0,20.0,409,NULL,'1',NULL,NULL),(1932,'3633633666969','ABC SSEE 保護貼 ',1,0,20.0,409,NULL,'1',NULL,NULL),(1933,'3633633666969','ABC SSEE 保護貼 ',1,0,20.0,409,NULL,'1',NULL,NULL),(1934,'3633633666969','ABC SSEE 保護貼 ',1,0,20.0,409,NULL,'1',NULL,NULL),(1935,'3633633666969','ABC SSEE 保護貼 ',1,0,20.0,409,NULL,'1',NULL,NULL),(1936,'3633633666969','ABC SSEE 保護貼 ',1,0,20.0,409,NULL,'1',NULL,NULL),(1937,'3633633666969','ABC SSEE 保護貼 ',1,0,20.0,409,NULL,'1',NULL,NULL),(1938,'3633633666969','ABC SSEE 保護貼 ',1,0,20.0,409,NULL,'1',NULL,NULL),(1939,'3633633666969','ABC SSEE 保護貼 ',1,0,20.0,409,NULL,'1',NULL,NULL),(1940,'3633633666969','ABC SSEE 保護貼 ',1,0,20.0,409,NULL,'1',NULL,NULL),(1941,'3633633666969','ABC SSEE 保護貼 ',1,0,20.0,409,NULL,'1',NULL,NULL),(1942,'3633633666969','ABC SSEE 保護貼 ',1,0,20.0,409,NULL,'1',NULL,NULL),(1943,'3633633666969','ABC SSEE 保護貼 ',1,0,20.0,409,NULL,'1',NULL,NULL),(1944,'3633633666969','ABC SSEE 保護貼 ',1,0,20.0,409,NULL,'1',NULL,NULL),(1945,'3633633666969','ABC SSEE 保護貼 ',1,0,20.0,409,NULL,'1',NULL,NULL),(1946,'3633633666969','ABC SSEE 保護貼 ',1,0,20.0,409,NULL,'1',NULL,NULL),(1947,'3633633666969','ABC SSEE 保護貼 ',1,0,20.0,409,NULL,'1',NULL,NULL),(1948,'3633633666969','ABC SSEE 保護貼 ',1,0,20.0,409,NULL,'1',NULL,NULL),(1949,'3633633666969','ABC SSEE 保護貼 ',1,0,20.0,409,NULL,'1',NULL,NULL),(1950,'3633633666969','ABC SSEE 保護貼 ',1,0,20.0,409,NULL,'1',NULL,NULL),(1951,'3633633666969','ABC SSEE 保護貼 ',1,0,20.0,409,NULL,'1',NULL,NULL),(1952,'3633633666969','ABC SSEE 保護貼 ',1,0,20.0,409,NULL,'1',NULL,NULL),(1953,'3633633666969','ABC SSEE 保護貼 ',1,0,20.0,409,NULL,'1',NULL,NULL),(1954,'3633633666969','ABC SSEE 保護貼 ',1,0,20.0,409,NULL,'1',NULL,NULL),(1955,'3633633666969','ABC SSEE 保護貼 ',1,0,20.0,409,NULL,'1',NULL,NULL),(1956,'3633633666969','ABC SSEE 保護貼 ',1,0,20.0,409,NULL,'1',NULL,NULL),(1957,'3633633666969','ABC SSEE 保護貼 ',1,0,20.0,409,NULL,'1',NULL,NULL),(1958,'3633633666969','ABC SSEE 保護貼 ',1,0,20.0,410,NULL,'1',NULL,NULL),(1959,'3633633666969','ABC SSEE 保護貼 ',1,0,20.0,410,NULL,'1',NULL,NULL),(1960,'3633633666969','ABC SSEE 保護貼 ',1,0,20.0,410,NULL,'1',NULL,NULL),(1961,'3633633666969','ABC SSEE 保護貼 ',1,0,20.0,410,NULL,'1',NULL,NULL),(1962,'3633633666969','ABC SSEE 保護貼 ',1,0,20.0,410,NULL,'1',NULL,NULL),(1963,'3633633666969','ABC SSEE 保護貼 ',1,0,20.0,410,NULL,'1',NULL,NULL),(1964,'3633633666969','ABC SSEE 保護貼 ',1,0,20.0,410,NULL,'1',NULL,NULL),(1965,'3633633666969','ABC SSEE 保護貼 ',1,0,20.0,410,NULL,'1',NULL,NULL),(1966,'3633633666969','ABC SSEE 保護貼 ',1,0,20.0,410,NULL,'1',NULL,NULL),(1967,'3633633666969','ABC SSEE 保護貼 ',1,0,20.0,410,NULL,'1',NULL,NULL),(1968,'3633633666969','ABC SSEE 保護貼 ',1,0,20.0,410,NULL,'1',NULL,NULL),(1969,'3633633666969','ABC SSEE 保護貼 ',1,0,20.0,410,NULL,'1',NULL,NULL),(1970,'3633633666969','ABC SSEE 保護貼 ',1,0,20.0,410,NULL,'1',NULL,NULL),(1971,'3633633666969','ABC SSEE 保護貼 ',1,0,20.0,410,NULL,'1',NULL,NULL),(1972,'3633633666969','ABC SSEE 保護貼 ',1,0,20.0,410,NULL,'1',NULL,NULL),(1973,'3633633666969','ABC SSEE 保護貼 ',1,0,20.0,410,NULL,'1',NULL,NULL),(1974,'3633633666969','ABC SSEE 保護貼 ',1,0,20.0,410,NULL,'1',NULL,NULL),(1975,'3633633666969','ABC SSEE 保護貼 ',1,0,20.0,410,NULL,'1',NULL,NULL),(1976,'3633633666969','ABC SSEE 保護貼 ',1,0,20.0,410,NULL,'1',NULL,NULL),(1977,'3633633666969','ABC SSEE 保護貼 ',1,0,20.0,410,NULL,'1',NULL,NULL),(1978,'3633633666969','ABC SSEE 保護貼 ',1,0,20.0,410,NULL,'1',NULL,NULL),(1979,'3633633666969','ABC SSEE 保護貼 ',1,0,20.0,410,NULL,'1',NULL,NULL),(1980,'3633633666969','ABC SSEE 保護貼 ',1,0,20.0,410,NULL,'1',NULL,NULL),(1981,'3633633666969','ABC SSEE 保護貼 ',1,0,20.0,410,NULL,'1',NULL,NULL),(1982,'3633633666969','ABC SSEE 保護貼 ',1,0,20.0,410,NULL,'1',NULL,NULL),(1983,'3633633666969','ABC SSEE 保護貼 ',1,0,20.0,410,NULL,'1',NULL,NULL),(1984,'3633633666969','ABC SSEE 保護貼 ',1,0,20.0,410,NULL,'1',NULL,NULL),(1985,'3633633666969','ABC SSEE 保護貼 ',1,0,20.0,410,NULL,'1',NULL,NULL),(1986,'3633633666969','ABC SSEE 保護貼 ',1,0,20.0,410,NULL,'1',NULL,NULL),(1987,'3633633666969','ABC SSEE 保護貼 ',1,0,20.0,410,NULL,'1',NULL,NULL),(1988,'3633633666969','ABC SSEE 保護貼 ',1,0,20.0,410,NULL,'1',NULL,NULL),(1989,'3633633666969','ABC SSEE 保護貼 ',1,0,20.0,410,NULL,'1',NULL,NULL),(1990,'3633633666969','ABC SSEE 保護貼 ',1,0,20.0,410,NULL,'1',NULL,NULL),(1991,'3633633666969','ABC SSEE 保護貼 ',1,0,20.0,410,NULL,'1',NULL,NULL),(1992,'3633633666969','ABC SSEE 保護貼 ',1,0,20.0,410,NULL,'1',NULL,NULL),(1993,'3633633666969','ABC SSEE 保護貼 ',1,0,20.0,410,NULL,'1',NULL,NULL),(1994,'3633633666969','ABC SSEE 保護貼 ',1,0,20.0,410,NULL,'1',NULL,NULL),(1995,'3633633666969','ABC SSEE 保護貼 ',1,0,20.0,410,NULL,'1',NULL,NULL),(1996,'3633633666969','ABC SSEE 保護貼 ',1,0,20.0,410,NULL,'1',NULL,NULL),(1997,'3633633666969','ABC SSEE 保護貼 ',1,0,20.0,410,NULL,'1',NULL,NULL),(1998,'3633633666969','ABC SSEE 保護貼 ',1,0,20.0,410,NULL,'1',NULL,NULL),(1999,'3633633666969','ABC SSEE 保護貼 ',1,0,20.0,410,NULL,'1',NULL,NULL),(2000,'3633633666969','ABC SSEE 保護貼 ',1,0,20.0,411,NULL,'1',NULL,NULL),(2001,'3633633666969','ABC SSEE 保護貼 ',1,0,20.0,411,NULL,'1',NULL,NULL),(2002,'3633633666969','ABC SSEE 保護貼 ',1,0,20.0,411,NULL,'1',NULL,NULL),(2003,'3633633666969','ABC SSEE 保護貼 ',1,0,20.0,411,NULL,'1',NULL,NULL),(2004,'3633633666969','ABC SSEE 保護貼 ',1,0,20.0,411,NULL,'1',NULL,NULL),(2005,'3633633666969','ABC SSEE 保護貼 ',1,0,20.0,411,NULL,'1',NULL,NULL),(2006,'3633633666969','ABC SSEE 保護貼 ',1,0,20.0,411,NULL,'1',NULL,NULL),(2007,'3633633666969','ABC SSEE 保護貼 ',1,0,20.0,411,NULL,'1',NULL,NULL),(2008,'3633633666969','ABC SSEE 保護貼 ',1,0,20.0,411,NULL,'1',NULL,NULL),(2009,'3633633666969','ABC SSEE 保護貼 ',1,0,20.0,411,NULL,'1',NULL,NULL),(2010,'3633633666969','ABC SSEE 保護貼 ',1,0,20.0,411,NULL,'1',NULL,NULL),(2011,'3633633666969','ABC SSEE 保護貼 ',1,0,20.0,411,NULL,'1',NULL,NULL),(2012,'3633633666969','ABC SSEE 保護貼 ',1,0,20.0,411,NULL,'1',NULL,NULL),(2013,'3633633666969','ABC SSEE 保護貼 ',1,0,20.0,411,NULL,'1',NULL,NULL),(2014,'3633633666969','ABC SSEE 保護貼 ',1,0,20.0,411,NULL,'1',NULL,NULL),(2015,'3633633666969','ABC SSEE 保護貼 ',1,0,20.0,411,NULL,'1',NULL,NULL),(2016,'3633633666969','ABC SSEE 保護貼 ',1,0,20.0,411,NULL,'1',NULL,NULL),(2017,'3633633666969','ABC SSEE 保護貼 ',1,0,20.0,411,NULL,'1',NULL,NULL),(2018,'3633633666969','ABC SSEE 保護貼 ',1,0,20.0,411,NULL,'1',NULL,NULL),(2019,'3633633666969','ABC SSEE 保護貼 ',1,0,20.0,411,NULL,'1',NULL,NULL),(2020,'3633633666969','ABC SSEE 保護貼 ',1,0,20.0,411,NULL,'1',NULL,NULL),(2021,'3633633666969','ABC SSEE 保護貼 ',1,0,20.0,411,NULL,'1',NULL,NULL),(2022,'3633633666969','ABC SSEE 保護貼 ',1,0,20.0,411,NULL,'1',NULL,NULL),(2023,'3633633666969','ABC SSEE 保護貼 ',1,0,20.0,411,NULL,'1',NULL,NULL),(2024,'3633633666969','ABC SSEE 保護貼 ',1,0,20.0,411,NULL,'1',NULL,NULL),(2025,'3633633666969','ABC SSEE 保護貼 ',1,0,20.0,411,NULL,'1',NULL,NULL),(2026,'3633633666969','ABC SSEE 保護貼 ',1,0,20.0,411,NULL,'1',NULL,NULL),(2027,'3633633666969','ABC SSEE 保護貼 ',1,0,20.0,411,NULL,'1',NULL,NULL),(2028,'3633633666969','ABC SSEE 保護貼 ',1,0,20.0,411,NULL,'1',NULL,NULL),(2029,'3633633666969','ABC SSEE 保護貼 ',1,0,20.0,411,NULL,'1',NULL,NULL),(2030,'3633633666969','ABC SSEE 保護貼 ',1,0,20.0,411,NULL,'1',NULL,NULL),(2031,'3633633666969','ABC SSEE 保護貼 ',1,0,20.0,411,NULL,'1',NULL,NULL),(2032,'3633633666969','ABC SSEE 保護貼 ',1,0,20.0,411,NULL,'1',NULL,NULL),(2033,'3633633666969','ABC SSEE 保護貼 ',1,0,20.0,411,NULL,'1',NULL,NULL),(2034,'3633633666969','ABC SSEE 保護貼 ',1,0,20.0,411,NULL,'1',NULL,NULL),(2035,'3633633666969','ABC SSEE 保護貼 ',1,0,20.0,411,NULL,'1',NULL,NULL),(2036,'3633633666969','ABC SSEE 保護貼 ',1,0,20.0,411,NULL,'1',NULL,NULL),(2037,'3633633666969','ABC SSEE 保護貼 ',1,0,20.0,411,NULL,'1',NULL,NULL),(2038,'3633633666969','ABC SSEE 保護貼 ',1,0,20.0,411,NULL,'1',NULL,NULL),(2039,'3633633666969','ABC SSEE 保護貼 ',1,0,20.0,411,NULL,'1',NULL,NULL),(2040,'3633633666969','ABC SSEE 保護貼 ',1,0,20.0,411,NULL,'1',NULL,NULL),(2041,'3633633666969','ABC SSEE 保護貼 ',1,0,20.0,412,NULL,'1',NULL,NULL),(2042,'3633633666969','ABC SSEE 保護貼 ',1,0,20.0,412,NULL,'1',NULL,NULL),(2043,'3633633666969','ABC SSEE 保護貼 ',1,0,20.0,412,NULL,'1',NULL,NULL),(2044,'3633633666969','ABC SSEE 保護貼 ',1,0,20.0,412,NULL,'1',NULL,NULL),(2045,'3633633666969','ABC SSEE 保護貼 ',1,0,20.0,412,NULL,'1',NULL,NULL),(2046,'3633633666969','ABC SSEE 保護貼 ',1,0,20.0,412,NULL,'1',NULL,NULL),(2047,'3633633666969','ABC SSEE 保護貼 ',1,0,20.0,412,NULL,'1',NULL,NULL),(2048,'3633633666969','ABC SSEE 保護貼 ',1,0,20.0,412,NULL,'1',NULL,NULL),(2049,'3633633666969','ABC SSEE 保護貼 ',1,0,20.0,412,NULL,'1',NULL,NULL),(2050,'3633633666969','ABC SSEE 保護貼 ',1,0,20.0,412,NULL,'1',NULL,NULL),(2051,'3633633666969','ABC SSEE 保護貼 ',1,0,20.0,412,NULL,'1',NULL,NULL),(2052,'3633633666969','ABC SSEE 保護貼 ',1,0,20.0,412,NULL,'1',NULL,NULL),(2053,'3633633666969','ABC SSEE 保護貼 ',1,0,20.0,412,NULL,'1',NULL,NULL),(2054,'3633633666969','ABC SSEE 保護貼 ',1,0,20.0,412,NULL,'1',NULL,NULL),(2055,'3633633666969','ABC SSEE 保護貼 ',1,0,20.0,412,NULL,'1',NULL,NULL),(2056,'3633633666969','ABC SSEE 保護貼 ',1,0,20.0,412,NULL,'1',NULL,NULL),(2057,'3633633666969','ABC SSEE 保護貼 ',1,0,20.0,412,NULL,'1',NULL,NULL),(2058,'3633633666969','ABC SSEE 保護貼 ',1,0,20.0,412,NULL,'1',NULL,NULL),(2059,'3633633666969','ABC SSEE 保護貼 ',1,0,20.0,412,NULL,'1',NULL,NULL),(2060,'3633633666969','ABC SSEE 保護貼 ',1,0,20.0,412,NULL,'1',NULL,NULL),(2061,'3633633666969','ABC SSEE 保護貼 ',1,0,20.0,412,NULL,'1',NULL,NULL),(2062,'3633633666969','ABC SSEE 保護貼 ',1,0,20.0,412,NULL,'1',NULL,NULL),(2063,'3633633666969','ABC SSEE 保護貼 ',1,0,20.0,412,NULL,'1',NULL,NULL),(2064,'3633633666969','ABC SSEE 保護貼 ',1,0,20.0,412,NULL,'1',NULL,NULL),(2065,'3633633666969','ABC SSEE 保護貼 ',1,0,20.0,412,NULL,'1',NULL,NULL),(2066,'3633633666969','ABC SSEE 保護貼 ',1,0,20.0,412,NULL,'1',NULL,NULL),(2067,'3633633666969','ABC SSEE 保護貼 ',1,0,20.0,412,NULL,'1',NULL,NULL),(2068,'3633633666969','ABC SSEE 保護貼 ',1,0,20.0,412,NULL,'1',NULL,NULL),(2069,'3633633666969','ABC SSEE 保護貼 ',1,0,20.0,412,NULL,'1',NULL,NULL),(2070,'3633633666969','ABC SSEE 保護貼 ',1,0,20.0,412,NULL,'1',NULL,NULL),(2071,'3633633666969','ABC SSEE 保護貼 ',1,0,20.0,412,NULL,'1',NULL,NULL),(2072,'3633633666969','ABC SSEE 保護貼 ',1,0,20.0,412,NULL,'1',NULL,NULL),(2073,'3633633666969','ABC SSEE 保護貼 ',1,0,20.0,412,NULL,'1',NULL,NULL),(2074,'3633633666969','ABC SSEE 保護貼 ',1,0,20.0,412,NULL,'1',NULL,NULL),(2075,'3633633666969','ABC SSEE 保護貼 ',1,0,20.0,412,NULL,'1',NULL,NULL),(2076,'3633633666969','ABC SSEE 保護貼 ',1,0,20.0,412,NULL,'1',NULL,NULL),(2077,'3633633666969','ABC SSEE 保護貼 ',1,0,20.0,412,NULL,'1',NULL,NULL),(2078,'3633633666969','ABC SSEE 保護貼 ',1,0,20.0,412,NULL,'1',NULL,NULL),(2079,'3633633666969','ABC SSEE 保護貼 ',1,0,20.0,412,NULL,'1',NULL,NULL),(2080,'3633633666969','ABC SSEE 保護貼 ',1,0,20.0,412,NULL,'1',NULL,NULL),(2081,'3633633666969','ABC SSEE 保護貼 ',1,0,20.0,413,NULL,'1',NULL,NULL),(2082,'3633633666969','ABC SSEE 保護貼 ',1,0,20.0,414,NULL,'1',NULL,NULL),(2083,'3633633666969','ABC SSEE 保護貼 ',1,0,20.0,415,NULL,'1',NULL,NULL),(2084,'3633633666968','GGFG DDS 保護貼',1,0,20.0,416,NULL,'1',NULL,NULL),(2085,'3633633666968','GGFG DDS 保護貼',1,0,20.0,416,NULL,'1',NULL,NULL),(2086,'3633633666968','GGFG DDS 保護貼',1,0,20.0,416,NULL,'1',NULL,NULL),(2087,'3633633666968','GGFG DDS 保護貼',1,0,20.0,416,NULL,'1',NULL,NULL),(2088,'3633633666968','GGFG DDS 保護貼',1,0,20.0,416,NULL,'1',NULL,NULL),(2089,'3633633666968','GGFG DDS 保護貼',1,0,20.0,416,NULL,'1',NULL,NULL),(2090,'3633633666968','GGFG DDS 保護貼',1,0,20.0,416,NULL,'1',NULL,NULL),(2091,'3633633666968','GGFG DDS 保護貼',1,0,20.0,416,NULL,'1',NULL,NULL),(2092,'3633633666968','GGFG DDS 保護貼',1,0,20.0,416,NULL,'1',NULL,NULL),(2093,'3633633666968','GGFG DDS 保護貼',1,0,20.0,416,NULL,'1',NULL,NULL),(2094,'3633633666968','GGFG DDS 保護貼',1,0,20.0,416,NULL,'1',NULL,NULL),(2095,'3633633666968','GGFG DDS 保護貼',1,0,20.0,416,NULL,'1',NULL,NULL),(2096,'3633633666968','GGFG DDS 保護貼',1,0,20.0,416,NULL,'1',NULL,NULL),(2097,'3633633666968','GGFG DDS 保護貼',1,0,20.0,416,NULL,'1',NULL,NULL),(2098,'3633633666968','GGFG DDS 保護貼',1,0,20.0,416,NULL,'1',NULL,NULL),(2099,'3633633666968','GGFG DDS 保護貼',1,0,20.0,416,NULL,'1',NULL,NULL),(2100,'3633633666968','GGFG DDS 保護貼',1,0,20.0,416,NULL,'1',NULL,NULL),(2101,'3633633666968','GGFG DDS 保護貼',1,0,20.0,416,NULL,'1',NULL,NULL),(2102,'3633633666968','GGFG DDS 保護貼',1,0,20.0,416,NULL,'1',NULL,NULL),(2103,'3633633666968','GGFG DDS 保護貼',1,0,20.0,416,NULL,'1',NULL,NULL),(2104,'3633633666968','GGFG DDS 保護貼',1,0,20.0,416,NULL,'1',NULL,NULL),(2105,'3633633666968','GGFG DDS 保護貼',1,0,20.0,416,NULL,'1',NULL,NULL),(2106,'3633633666968','GGFG DDS 保護貼',1,0,20.0,416,NULL,'1',NULL,NULL),(2107,'3633633666968','GGFG DDS 保護貼',1,0,20.0,416,NULL,'1',NULL,NULL),(2108,'3633633666968','GGFG DDS 保護貼',1,0,20.0,416,NULL,'1',NULL,NULL),(2109,'3633633666968','GGFG DDS 保護貼',1,0,20.0,416,NULL,'1',NULL,NULL),(2110,'3633633666968','GGFG DDS 保護貼',1,0,20.0,416,NULL,'1',NULL,NULL),(2111,'3633633666968','GGFG DDS 保護貼',1,0,20.0,416,NULL,'1',NULL,NULL),(2112,'3633633666968','GGFG DDS 保護貼',1,0,20.0,416,NULL,'1',NULL,NULL),(2113,'3633633666968','GGFG DDS 保護貼',1,0,20.0,416,NULL,'1',NULL,NULL),(2114,'3633633666968','GGFG DDS 保護貼',1,0,20.0,416,NULL,'1',NULL,NULL),(2115,'3633633666968','GGFG DDS 保護貼',1,0,20.0,416,NULL,'1',NULL,NULL),(2116,'3633633666968','GGFG DDS 保護貼',1,0,20.0,416,NULL,'1',NULL,NULL),(2117,'3633633666968','GGFG DDS 保護貼',1,0,20.0,416,NULL,'1',NULL,NULL),(2118,'3633633666968','GGFG DDS 保護貼',1,0,20.0,416,NULL,'1',NULL,NULL),(2119,'3633633666968','GGFG DDS 保護貼',1,0,20.0,416,NULL,'1',NULL,NULL),(2120,'3633633666968','GGFG DDS 保護貼',1,0,20.0,416,NULL,'1',NULL,NULL),(2121,'3633633666968','GGFG DDS 保護貼',1,0,20.0,416,NULL,'1',NULL,NULL),(2122,'3633633666968','GGFG DDS 保護貼',1,0,20.0,416,NULL,'1',NULL,NULL),(2123,'3633633666968','GGFG DDS 保護貼',1,0,20.0,416,NULL,'1',NULL,NULL),(2124,'3633633666968','GGFG DDS 保護貼',1,0,20.0,416,NULL,'1',NULL,NULL),(2125,'3633633666968','GGFG DDS 保護貼',1,0,20.0,416,NULL,'1',NULL,NULL),(2126,'3633633666969','ABC SSEE 保護貼 ',1,0,20.0,417,NULL,'1',NULL,NULL),(2127,'3633633666969','ABC SSEE 保護貼 ',1,0,20.0,417,NULL,'1',NULL,NULL),(2128,'3633633666969','ABC SSEE 保護貼 ',1,0,20.0,417,NULL,'1',NULL,NULL),(2129,'3633633666969','ABC SSEE 保護貼 ',1,0,20.0,417,NULL,'1',NULL,NULL),(2130,'3633633666969','ABC SSEE 保護貼 ',1,0,20.0,417,NULL,'1',NULL,NULL),(2131,'3633633666969','ABC SSEE 保護貼 ',1,0,20.0,417,NULL,'1',NULL,NULL),(2132,'3633633666969','ABC SSEE 保護貼 ',1,0,20.0,417,NULL,'1',NULL,NULL),(2133,'3633633666969','ABC SSEE 保護貼 ',1,0,20.0,417,NULL,'1',NULL,NULL),(2134,'3633633666969','ABC SSEE 保護貼 ',1,0,20.0,417,NULL,'1',NULL,NULL),(2135,'3633633666969','ABC SSEE 保護貼 ',1,0,20.0,417,NULL,'1',NULL,NULL),(2136,'3633633666969','ABC SSEE 保護貼 ',1,0,20.0,417,NULL,'1',NULL,NULL),(2137,'3633633666969','ABC SSEE 保護貼 ',1,0,20.0,417,NULL,'1',NULL,NULL),(2138,'3633633666969','ABC SSEE 保護貼 ',1,0,20.0,417,NULL,'1',NULL,NULL),(2139,'3633633666969','ABC SSEE 保護貼 ',1,0,20.0,417,NULL,'1',NULL,NULL),(2140,'3633633666969','ABC SSEE 保護貼 ',1,0,20.0,417,NULL,'1',NULL,NULL),(2141,'3633633666969','ABC SSEE 保護貼 ',1,0,20.0,417,NULL,'1',NULL,NULL),(2142,'3633633666969','ABC SSEE 保護貼 ',1,0,20.0,417,NULL,'1',NULL,NULL),(2143,'3633633666969','ABC SSEE 保護貼 ',1,0,20.0,417,NULL,'1',NULL,NULL),(2144,'3633633666969','ABC SSEE 保護貼 ',1,0,20.0,417,NULL,'1',NULL,NULL),(2145,'3633633666969','ABC SSEE 保護貼 ',1,0,20.0,417,NULL,'1',NULL,NULL),(2146,'3633633666969','ABC SSEE 保護貼 ',1,0,20.0,417,NULL,'1',NULL,NULL),(2147,'3633633666969','ABC SSEE 保護貼 ',1,0,20.0,417,NULL,'1',NULL,NULL),(2148,'3633633666969','ABC SSEE 保護貼 ',1,0,20.0,417,NULL,'1',NULL,NULL),(2149,'3633633666969','ABC SSEE 保護貼 ',1,0,20.0,417,NULL,'1',NULL,NULL),(2150,'3633633666969','ABC SSEE 保護貼 ',1,0,20.0,417,NULL,'1',NULL,NULL),(2151,'3633633666969','ABC SSEE 保護貼 ',1,0,20.0,417,NULL,'1',NULL,NULL),(2152,'3633633666969','ABC SSEE 保護貼 ',1,0,20.0,417,NULL,'1',NULL,NULL),(2153,'3633633666969','ABC SSEE 保護貼 ',1,0,20.0,417,NULL,'1',NULL,NULL),(2154,'3633633666969','ABC SSEE 保護貼 ',1,0,20.0,417,NULL,'1',NULL,NULL),(2155,'3633633666969','ABC SSEE 保護貼 ',1,0,20.0,417,NULL,'1',NULL,NULL),(2156,'3633633666969','ABC SSEE 保護貼 ',1,0,20.0,417,NULL,'1',NULL,NULL),(2157,'3633633666969','ABC SSEE 保護貼 ',1,0,20.0,417,NULL,'1',NULL,NULL),(2158,'3633633666969','ABC SSEE 保護貼 ',1,0,20.0,417,NULL,'1',NULL,NULL),(2159,'3633633666969','ABC SSEE 保護貼 ',1,0,20.0,417,NULL,'1',NULL,NULL),(2160,'3633633666969','ABC SSEE 保護貼 ',1,0,20.0,417,NULL,'1',NULL,NULL),(2161,'3633633666969','ABC SSEE 保護貼 ',1,0,20.0,417,NULL,'1',NULL,NULL),(2162,'3633633666969','ABC SSEE 保護貼 ',1,0,20.0,417,NULL,'1',NULL,NULL),(2163,'3633633666969','ABC SSEE 保護貼 ',1,0,20.0,417,NULL,'1',NULL,NULL),(2164,'3633633666969','ABC SSEE 保護貼 ',1,0,20.0,417,NULL,'1',NULL,NULL),(2165,'3633633666969','ABC SSEE 保護貼 ',1,0,20.0,417,NULL,'1',NULL,NULL),(2166,'3633633666969','ABC SSEE 保護貼 ',1,0,20.0,418,NULL,'1',NULL,NULL),(2167,'3633633666969','ABC SSEE 保護貼 ',1,0,20.0,418,NULL,'1',NULL,NULL),(2168,'3633633666969','ABC SSEE 保護貼 ',1,0,20.0,418,NULL,'1',NULL,NULL),(2169,'3633633666969','ABC SSEE 保護貼 ',1,0,20.0,418,NULL,'1',NULL,NULL),(2170,'3633633666969','ABC SSEE 保護貼 ',1,0,20.0,418,NULL,'1',NULL,NULL),(2171,'3633633666969','ABC SSEE 保護貼 ',1,0,20.0,418,NULL,'1',NULL,NULL),(2172,'3633633666969','ABC SSEE 保護貼 ',1,0,20.0,418,NULL,'1',NULL,NULL),(2173,'3633633666969','ABC SSEE 保護貼 ',1,0,20.0,418,NULL,'1',NULL,NULL),(2174,'3633633666969','ABC SSEE 保護貼 ',1,0,20.0,418,NULL,'1',NULL,NULL),(2175,'3633633666969','ABC SSEE 保護貼 ',1,0,20.0,418,NULL,'1',NULL,NULL),(2176,'3633633666969','ABC SSEE 保護貼 ',1,0,20.0,418,NULL,'1',NULL,NULL),(2177,'3633633666969','ABC SSEE 保護貼 ',1,0,20.0,418,NULL,'1',NULL,NULL),(2178,'3633633666969','ABC SSEE 保護貼 ',1,0,20.0,418,NULL,'1',NULL,NULL),(2179,'3633633666969','ABC SSEE 保護貼 ',1,0,20.0,418,NULL,'1',NULL,NULL),(2180,'3633633666969','ABC SSEE 保護貼 ',1,0,20.0,418,NULL,'1',NULL,NULL),(2181,'3633633666969','ABC SSEE 保護貼 ',1,0,20.0,418,NULL,'1',NULL,NULL),(2182,'3633633666969','ABC SSEE 保護貼 ',1,0,20.0,418,NULL,'1',NULL,NULL),(2183,'3633633666969','ABC SSEE 保護貼 ',1,0,20.0,418,NULL,'1',NULL,NULL),(2184,'3633633666969','ABC SSEE 保護貼 ',1,0,20.0,418,NULL,'1',NULL,NULL),(2185,'3633633666969','ABC SSEE 保護貼 ',1,0,20.0,418,NULL,'1',NULL,NULL),(2186,'3633633666969','ABC SSEE 保護貼 ',1,0,20.0,418,NULL,'1',NULL,NULL),(2187,'3633633666969','ABC SSEE 保護貼 ',1,0,20.0,418,NULL,'1',NULL,NULL),(2188,'3633633666969','ABC SSEE 保護貼 ',1,0,20.0,418,NULL,'1',NULL,NULL),(2189,'3633633666969','ABC SSEE 保護貼 ',1,0,20.0,418,NULL,'1',NULL,NULL),(2190,'3633633666969','ABC SSEE 保護貼 ',1,0,20.0,418,NULL,'1',NULL,NULL),(2191,'3633633666969','ABC SSEE 保護貼 ',1,0,20.0,418,NULL,'1',NULL,NULL),(2192,'3633633666969','ABC SSEE 保護貼 ',1,0,20.0,418,NULL,'1',NULL,NULL),(2193,'3633633666969','ABC SSEE 保護貼 ',1,0,20.0,418,NULL,'1',NULL,NULL),(2194,'3633633666969','ABC SSEE 保護貼 ',1,0,20.0,418,NULL,'1',NULL,NULL),(2195,'3633633666969','ABC SSEE 保護貼 ',1,0,20.0,418,NULL,'1',NULL,NULL),(2196,'3633633666969','ABC SSEE 保護貼 ',1,0,20.0,418,NULL,'1',NULL,NULL),(2197,'3633633666969','ABC SSEE 保護貼 ',1,0,20.0,418,NULL,'1',NULL,NULL),(2198,'3633633666969','ABC SSEE 保護貼 ',1,0,20.0,418,NULL,'1',NULL,NULL),(2199,'3633633666969','ABC SSEE 保護貼 ',1,0,20.0,418,NULL,'1',NULL,NULL),(2200,'3633633666969','ABC SSEE 保護貼 ',1,0,20.0,418,NULL,'1',NULL,NULL),(2201,'3633633666969','ABC SSEE 保護貼 ',1,0,20.0,418,NULL,'1',NULL,NULL),(2202,'3633633666969','ABC SSEE 保護貼 ',1,0,20.0,418,NULL,'1',NULL,NULL),(2203,'3633633666969','ABC SSEE 保護貼 ',1,0,20.0,418,NULL,'1',NULL,NULL),(2204,'3633633666969','ABC SSEE 保護貼 ',1,0,20.0,418,NULL,'1',NULL,NULL),(2205,'3633633666969','ABC SSEE 保護貼 ',1,0,20.0,418,NULL,'1',NULL,NULL),(2206,'3633633666969','ABC SSEE 保護貼 ',1,0,20.0,419,NULL,'1',NULL,NULL),(2207,'3633633666969','ABC SSEE 保護貼 ',1,0,20.0,419,NULL,'1',NULL,NULL),(2208,'3633633666969','ABC SSEE 保護貼 ',1,0,20.0,419,NULL,'1',NULL,NULL),(2209,'3633633666969','ABC SSEE 保護貼 ',1,0,20.0,419,NULL,'1',NULL,NULL),(2210,'3633633666969','ABC SSEE 保護貼 ',1,0,20.0,419,NULL,'1',NULL,NULL),(2211,'3633633666969','ABC SSEE 保護貼 ',1,0,20.0,419,NULL,'1',NULL,NULL),(2212,'3633633666969','ABC SSEE 保護貼 ',1,0,20.0,419,NULL,'1',NULL,NULL),(2213,'3633633666969','ABC SSEE 保護貼 ',1,0,20.0,419,NULL,'1',NULL,NULL),(2214,'3633633666969','ABC SSEE 保護貼 ',1,0,20.0,419,NULL,'1',NULL,NULL),(2215,'3633633666969','ABC SSEE 保護貼 ',1,0,20.0,419,NULL,'1',NULL,NULL),(2216,'3633633666969','ABC SSEE 保護貼 ',1,0,20.0,419,NULL,'1',NULL,NULL),(2217,'3633633666969','ABC SSEE 保護貼 ',1,0,20.0,419,NULL,'1',NULL,NULL),(2218,'3633633666969','ABC SSEE 保護貼 ',1,0,20.0,419,NULL,'1',NULL,NULL),(2219,'3633633666969','ABC SSEE 保護貼 ',1,0,20.0,419,NULL,'1',NULL,NULL),(2220,'3633633666969','ABC SSEE 保護貼 ',1,0,20.0,419,NULL,'1',NULL,NULL),(2221,'3633633666969','ABC SSEE 保護貼 ',1,0,20.0,419,NULL,'1',NULL,NULL),(2222,'3633633666969','ABC SSEE 保護貼 ',1,0,20.0,419,NULL,'1',NULL,NULL),(2223,'3633633666969','ABC SSEE 保護貼 ',1,0,20.0,419,NULL,'1',NULL,NULL),(2224,'3633633666969','ABC SSEE 保護貼 ',1,0,20.0,419,NULL,'1',NULL,NULL),(2225,'3633633666969','ABC SSEE 保護貼 ',1,0,20.0,419,NULL,'1',NULL,NULL),(2226,'3633633666969','ABC SSEE 保護貼 ',1,0,20.0,419,NULL,'1',NULL,NULL),(2227,'3633633666969','ABC SSEE 保護貼 ',1,0,20.0,419,NULL,'1',NULL,NULL),(2228,'3633633666969','ABC SSEE 保護貼 ',1,0,20.0,419,NULL,'1',NULL,NULL),(2229,'3633633666969','ABC SSEE 保護貼 ',1,0,20.0,419,NULL,'1',NULL,NULL),(2230,'3633633666969','ABC SSEE 保護貼 ',1,0,20.0,419,NULL,'1',NULL,NULL),(2231,'3633633666969','ABC SSEE 保護貼 ',1,0,20.0,419,NULL,'1',NULL,NULL),(2232,'3633633666969','ABC SSEE 保護貼 ',1,0,20.0,419,NULL,'1',NULL,NULL),(2233,'3633633666969','ABC SSEE 保護貼 ',1,0,20.0,419,NULL,'1',NULL,NULL),(2234,'3633633666969','ABC SSEE 保護貼 ',1,0,20.0,419,NULL,'1',NULL,NULL),(2235,'3633633666969','ABC SSEE 保護貼 ',1,0,20.0,419,NULL,'1',NULL,NULL),(2236,'3633633666969','ABC SSEE 保護貼 ',1,0,20.0,419,NULL,'1',NULL,NULL),(2237,'3633633666969','ABC SSEE 保護貼 ',1,0,20.0,419,NULL,'1',NULL,NULL),(2238,'3633633666969','ABC SSEE 保護貼 ',1,0,20.0,419,NULL,'1',NULL,NULL),(2239,'3633633666969','ABC SSEE 保護貼 ',1,0,20.0,419,NULL,'1',NULL,NULL),(2240,'3633633666969','ABC SSEE 保護貼 ',1,0,20.0,419,NULL,'1',NULL,NULL),(2241,'3633633666969','ABC SSEE 保護貼 ',1,0,20.0,419,NULL,'1',NULL,NULL),(2242,'3633633666969','ABC SSEE 保護貼 ',1,0,20.0,419,NULL,'1',NULL,NULL),(2243,'3633633666969','ABC SSEE 保護貼 ',1,0,20.0,419,NULL,'1',NULL,NULL),(2244,'3633633666969','ABC SSEE 保護貼 ',1,0,20.0,419,NULL,'1',NULL,NULL),(2245,'3633633666969','ABC SSEE 保護貼 ',1,0,20.0,419,NULL,'1',NULL,NULL),(2246,'3633633666969','ABC SSEE 保護貼 ',1,0,20.0,420,NULL,'1',NULL,NULL),(2247,'3633633666969','ABC SSEE 保護貼 ',1,0,20.0,420,NULL,'1',NULL,NULL),(2248,'3633633666969','ABC SSEE 保護貼 ',1,0,20.0,420,NULL,'1',NULL,NULL),(2249,'3633633666969','ABC SSEE 保護貼 ',1,0,20.0,420,NULL,'1',NULL,NULL),(2250,'3633633666969','ABC SSEE 保護貼 ',1,0,20.0,420,NULL,'1',NULL,NULL),(2251,'3633633666969','ABC SSEE 保護貼 ',1,0,20.0,420,NULL,'1',NULL,NULL),(2252,'3633633666969','ABC SSEE 保護貼 ',1,0,20.0,420,NULL,'1',NULL,NULL),(2253,'3633633666969','ABC SSEE 保護貼 ',1,0,20.0,420,NULL,'1',NULL,NULL),(2254,'3633633666969','ABC SSEE 保護貼 ',1,0,20.0,420,NULL,'1',NULL,NULL),(2255,'3633633666969','ABC SSEE 保護貼 ',1,0,20.0,420,NULL,'1',NULL,NULL),(2256,'3633633666969','ABC SSEE 保護貼 ',1,0,20.0,420,NULL,'1',NULL,NULL),(2257,'3633633666969','ABC SSEE 保護貼 ',1,0,20.0,420,NULL,'1',NULL,NULL),(2258,'3633633666969','ABC SSEE 保護貼 ',1,0,20.0,420,NULL,'1',NULL,NULL),(2259,'3633633666969','ABC SSEE 保護貼 ',1,0,20.0,420,NULL,'1',NULL,NULL),(2260,'3633633666969','ABC SSEE 保護貼 ',1,0,20.0,420,NULL,'1',NULL,NULL),(2261,'3633633666969','ABC SSEE 保護貼 ',1,0,20.0,420,NULL,'1',NULL,NULL),(2262,'3633633666969','ABC SSEE 保護貼 ',1,0,20.0,420,NULL,'1',NULL,NULL),(2263,'3633633666969','ABC SSEE 保護貼 ',1,0,20.0,420,NULL,'1',NULL,NULL),(2264,'3633633666969','ABC SSEE 保護貼 ',1,0,20.0,420,NULL,'1',NULL,NULL),(2265,'3633633666969','ABC SSEE 保護貼 ',1,0,20.0,420,NULL,'1',NULL,NULL),(2266,'3633633666969','ABC SSEE 保護貼 ',1,0,20.0,420,NULL,'1',NULL,NULL),(2267,'3633633666969','ABC SSEE 保護貼 ',1,0,20.0,420,NULL,'1',NULL,NULL),(2268,'3633633666969','ABC SSEE 保護貼 ',1,0,20.0,420,NULL,'1',NULL,NULL),(2269,'3633633666969','ABC SSEE 保護貼 ',1,0,20.0,420,NULL,'1',NULL,NULL),(2270,'3633633666969','ABC SSEE 保護貼 ',1,0,20.0,420,NULL,'1',NULL,NULL),(2271,'3633633666969','ABC SSEE 保護貼 ',1,0,20.0,420,NULL,'1',NULL,NULL),(2272,'3633633666969','ABC SSEE 保護貼 ',1,0,20.0,420,NULL,'1',NULL,NULL),(2273,'3633633666969','ABC SSEE 保護貼 ',1,0,20.0,420,NULL,'1',NULL,NULL),(2274,'3633633666969','ABC SSEE 保護貼 ',1,0,20.0,420,NULL,'1',NULL,NULL),(2275,'3633633666969','ABC SSEE 保護貼 ',1,0,20.0,420,NULL,'1',NULL,NULL),(2276,'3633633666969','ABC SSEE 保護貼 ',1,0,20.0,420,NULL,'1',NULL,NULL),(2277,'3633633666969','ABC SSEE 保護貼 ',1,0,20.0,420,NULL,'1',NULL,NULL),(2278,'3633633666969','ABC SSEE 保護貼 ',1,0,20.0,420,NULL,'1',NULL,NULL),(2279,'3633633666969','ABC SSEE 保護貼 ',1,0,20.0,420,NULL,'1',NULL,NULL),(2280,'3633633666969','ABC SSEE 保護貼 ',1,0,20.0,420,NULL,'1',NULL,NULL),(2281,'3633633666969','ABC SSEE 保護貼 ',1,0,20.0,420,NULL,'1',NULL,NULL),(2282,'3633633666969','ABC SSEE 保護貼 ',1,0,20.0,420,NULL,'1',NULL,NULL),(2283,'3633633666969','ABC SSEE 保護貼 ',1,0,20.0,420,NULL,'1',NULL,NULL),(2284,'3633633666969','ABC SSEE 保護貼 ',1,0,20.0,420,NULL,'1',NULL,NULL),(2285,'3633633666969','ABC SSEE 保護貼 ',1,0,20.0,420,NULL,'1',NULL,NULL),(2286,'3633633666969','ABC SSEE 保護貼 ',1,0,20.0,421,NULL,'1',NULL,NULL),(2287,'3633633666969','ABC SSEE 保護貼 ',1,0,20.0,421,NULL,'1',NULL,NULL),(2288,'3633633666969','ABC SSEE 保護貼 ',1,0,20.0,421,NULL,'1',NULL,NULL),(2289,'3633633666969','ABC SSEE 保護貼 ',1,0,20.0,421,NULL,'1',NULL,NULL),(2290,'3633633666969','ABC SSEE 保護貼 ',1,0,20.0,421,NULL,'1',NULL,NULL),(2291,'3633633666969','ABC SSEE 保護貼 ',1,0,20.0,421,NULL,'1',NULL,NULL),(2292,'3633633666969','ABC SSEE 保護貼 ',1,0,20.0,421,NULL,'1',NULL,NULL),(2293,'3633633666969','ABC SSEE 保護貼 ',1,0,20.0,421,NULL,'1',NULL,NULL),(2294,'3633633666969','ABC SSEE 保護貼 ',1,0,20.0,421,NULL,'1',NULL,NULL),(2295,'3633633666969','ABC SSEE 保護貼 ',1,0,20.0,421,NULL,'1',NULL,NULL),(2296,'3633633666969','ABC SSEE 保護貼 ',1,0,20.0,421,NULL,'1',NULL,NULL),(2297,'3633633666969','ABC SSEE 保護貼 ',1,0,20.0,421,NULL,'1',NULL,NULL),(2298,'3633633666969','ABC SSEE 保護貼 ',1,0,20.0,421,NULL,'1',NULL,NULL),(2299,'3633633666969','ABC SSEE 保護貼 ',1,0,20.0,421,NULL,'1',NULL,NULL),(2300,'3633633666969','ABC SSEE 保護貼 ',1,0,20.0,421,NULL,'1',NULL,NULL),(2301,'3633633666969','ABC SSEE 保護貼 ',1,0,20.0,421,NULL,'1',NULL,NULL),(2302,'3633633666969','ABC SSEE 保護貼 ',1,0,20.0,421,NULL,'1',NULL,NULL),(2303,'3633633666969','ABC SSEE 保護貼 ',1,0,20.0,421,NULL,'1',NULL,NULL),(2304,'3633633666969','ABC SSEE 保護貼 ',1,0,20.0,421,NULL,'1',NULL,NULL),(2305,'3633633666969','ABC SSEE 保護貼 ',1,0,20.0,421,NULL,'1',NULL,NULL),(2306,'3633633666969','ABC SSEE 保護貼 ',1,0,20.0,421,NULL,'1',NULL,NULL),(2307,'3633633666969','ABC SSEE 保護貼 ',1,0,20.0,421,NULL,'1',NULL,NULL),(2308,'3633633666969','ABC SSEE 保護貼 ',1,0,20.0,421,NULL,'1',NULL,NULL),(2309,'3633633666969','ABC SSEE 保護貼 ',1,0,20.0,421,NULL,'1',NULL,NULL),(2310,'3633633666969','ABC SSEE 保護貼 ',1,0,20.0,421,NULL,'1',NULL,NULL),(2311,'3633633666969','ABC SSEE 保護貼 ',1,0,20.0,421,NULL,'1',NULL,NULL),(2312,'3633633666969','ABC SSEE 保護貼 ',1,0,20.0,421,NULL,'1',NULL,NULL),(2313,'3633633666969','ABC SSEE 保護貼 ',1,0,20.0,421,NULL,'1',NULL,NULL),(2314,'3633633666969','ABC SSEE 保護貼 ',1,0,20.0,421,NULL,'1',NULL,NULL),(2315,'3633633666969','ABC SSEE 保護貼 ',1,0,20.0,421,NULL,'1',NULL,NULL),(2316,'3633633666969','ABC SSEE 保護貼 ',1,0,20.0,421,NULL,'1',NULL,NULL),(2317,'3633633666969','ABC SSEE 保護貼 ',1,0,20.0,421,NULL,'1',NULL,NULL),(2318,'3633633666969','ABC SSEE 保護貼 ',1,0,20.0,421,NULL,'1',NULL,NULL),(2319,'3633633666969','ABC SSEE 保護貼 ',1,0,20.0,421,NULL,'1',NULL,NULL),(2320,'3633633666969','ABC SSEE 保護貼 ',1,0,20.0,421,NULL,'1',NULL,NULL),(2321,'3633633666969','ABC SSEE 保護貼 ',1,0,20.0,421,NULL,'1',NULL,NULL),(2322,'3633633666969','ABC SSEE 保護貼 ',1,0,20.0,421,NULL,'1',NULL,NULL),(2323,'3633633666969','ABC SSEE 保護貼 ',1,0,20.0,421,NULL,'1',NULL,NULL),(2324,'3633633666969','ABC SSEE 保護貼 ',1,0,20.0,421,NULL,'1',NULL,NULL),(2325,'3633633666969','ABC SSEE 保護貼 ',1,0,20.0,421,NULL,'1',NULL,NULL),(2326,'3633633666969','ABC SSEE 保護貼 ',1,0,20.0,421,NULL,'1',NULL,NULL),(2327,'3633633666969','ABC SSEE 保護貼 ',1,0,20.0,421,NULL,'1',NULL,NULL),(2328,'3633633666969','ABC SSEE 保護貼 ',1,0,20.0,422,NULL,'1',NULL,NULL),(2329,'3633633666969','ABC SSEE 保護貼 ',1,0,20.0,422,NULL,'1',NULL,NULL),(2330,'3633633666969','ABC SSEE 保護貼 ',1,0,20.0,422,NULL,'1',NULL,NULL),(2331,'3633633666969','ABC SSEE 保護貼 ',1,0,20.0,422,NULL,'1',NULL,NULL),(2332,'3633633666969','ABC SSEE 保護貼 ',1,0,20.0,422,NULL,'1',NULL,NULL),(2333,'3633633666969','ABC SSEE 保護貼 ',1,0,20.0,422,NULL,'1',NULL,NULL),(2334,'3633633666969','ABC SSEE 保護貼 ',1,0,20.0,422,NULL,'1',NULL,NULL),(2335,'3633633666969','ABC SSEE 保護貼 ',1,0,20.0,422,NULL,'1',NULL,NULL),(2336,'3633633666969','ABC SSEE 保護貼 ',1,0,20.0,422,NULL,'1',NULL,NULL),(2337,'3633633666969','ABC SSEE 保護貼 ',1,0,20.0,422,NULL,'1',NULL,NULL),(2338,'3633633666969','ABC SSEE 保護貼 ',1,0,20.0,422,NULL,'1',NULL,NULL),(2339,'3633633666969','ABC SSEE 保護貼 ',1,0,20.0,422,NULL,'1',NULL,NULL),(2340,'3633633666969','ABC SSEE 保護貼 ',1,0,20.0,422,NULL,'1',NULL,NULL),(2341,'3633633666969','ABC SSEE 保護貼 ',1,0,20.0,422,NULL,'1',NULL,NULL),(2342,'3633633666969','ABC SSEE 保護貼 ',1,0,20.0,422,NULL,'1',NULL,NULL),(2343,'3633633666969','ABC SSEE 保護貼 ',1,0,20.0,422,NULL,'1',NULL,NULL),(2344,'3633633666969','ABC SSEE 保護貼 ',1,0,20.0,422,NULL,'1',NULL,NULL),(2345,'3633633666969','ABC SSEE 保護貼 ',1,0,20.0,422,NULL,'1',NULL,NULL),(2346,'3633633666969','ABC SSEE 保護貼 ',1,0,20.0,422,NULL,'1',NULL,NULL),(2347,'3633633666969','ABC SSEE 保護貼 ',1,0,20.0,422,NULL,'1',NULL,NULL),(2348,'3633633666969','ABC SSEE 保護貼 ',1,0,20.0,422,NULL,'1',NULL,NULL),(2349,'3633633666969','ABC SSEE 保護貼 ',1,0,20.0,422,NULL,'1',NULL,NULL),(2350,'3633633666969','ABC SSEE 保護貼 ',1,0,20.0,422,NULL,'1',NULL,NULL),(2351,'3633633666969','ABC SSEE 保護貼 ',1,0,20.0,422,NULL,'1',NULL,NULL),(2352,'3633633666969','ABC SSEE 保護貼 ',1,0,20.0,422,NULL,'1',NULL,NULL),(2353,'3633633666969','ABC SSEE 保護貼 ',1,0,20.0,422,NULL,'1',NULL,NULL),(2354,'3633633666969','ABC SSEE 保護貼 ',1,0,20.0,422,NULL,'1',NULL,NULL),(2355,'3633633666969','ABC SSEE 保護貼 ',1,0,20.0,422,NULL,'1',NULL,NULL),(2356,'3633633666969','ABC SSEE 保護貼 ',1,0,20.0,422,NULL,'1',NULL,NULL),(2357,'3633633666969','ABC SSEE 保護貼 ',1,0,20.0,422,NULL,'1',NULL,NULL),(2358,'3633633666969','ABC SSEE 保護貼 ',1,0,20.0,422,NULL,'1',NULL,NULL),(2359,'3633633666969','ABC SSEE 保護貼 ',1,0,20.0,422,NULL,'1',NULL,NULL),(2360,'3633633666969','ABC SSEE 保護貼 ',1,0,20.0,422,NULL,'1',NULL,NULL),(2361,'3633633666969','ABC SSEE 保護貼 ',1,0,20.0,422,NULL,'1',NULL,NULL),(2362,'3633633666969','ABC SSEE 保護貼 ',1,0,20.0,422,NULL,'1',NULL,NULL),(2363,'3633633666969','ABC SSEE 保護貼 ',1,0,20.0,422,NULL,'1',NULL,NULL),(2364,'3633633666969','ABC SSEE 保護貼 ',1,0,20.0,422,NULL,'1',NULL,NULL),(2365,'3633633666969','ABC SSEE 保護貼 ',1,0,20.0,422,NULL,'1',NULL,NULL),(2366,'3633633666969','ABC SSEE 保護貼 ',1,0,20.0,422,NULL,'1',NULL,NULL),(2367,'3633633666969','ABC SSEE 保護貼 ',1,0,20.0,422,NULL,'1',NULL,NULL),(2368,'3633633666969','ABC SSEE 保護貼 ',1,0,20.0,423,NULL,'1',NULL,NULL),(2369,'3633633666969','ABC SSEE 保護貼 ',1,0,20.0,423,NULL,'1',NULL,NULL),(2370,'3633633666969','ABC SSEE 保護貼 ',1,0,20.0,423,NULL,'1',NULL,NULL),(2371,'3633633666969','ABC SSEE 保護貼 ',1,0,20.0,423,NULL,'1',NULL,NULL),(2372,'3633633666969','ABC SSEE 保護貼 ',1,0,20.0,423,NULL,'1',NULL,NULL),(2373,'3633633666969','ABC SSEE 保護貼 ',1,0,20.0,423,NULL,'1',NULL,NULL),(2374,'3633633666969','ABC SSEE 保護貼 ',1,0,20.0,423,NULL,'1',NULL,NULL),(2375,'3633633666969','ABC SSEE 保護貼 ',1,0,20.0,423,NULL,'1',NULL,NULL),(2376,'3633633666969','ABC SSEE 保護貼 ',1,0,20.0,423,NULL,'1',NULL,NULL),(2377,'3633633666969','ABC SSEE 保護貼 ',1,0,20.0,423,NULL,'1',NULL,NULL),(2378,'3633633666969','ABC SSEE 保護貼 ',1,0,20.0,423,NULL,'1',NULL,NULL),(2379,'3633633666969','ABC SSEE 保護貼 ',1,0,20.0,423,NULL,'1',NULL,NULL),(2380,'3633633666969','ABC SSEE 保護貼 ',1,0,20.0,423,NULL,'1',NULL,NULL),(2381,'3633633666969','ABC SSEE 保護貼 ',1,0,20.0,423,NULL,'1',NULL,NULL),(2382,'3633633666969','ABC SSEE 保護貼 ',1,0,20.0,423,NULL,'1',NULL,NULL),(2383,'3633633666969','ABC SSEE 保護貼 ',1,0,20.0,423,NULL,'1',NULL,NULL),(2384,'3633633666969','ABC SSEE 保護貼 ',1,0,20.0,423,NULL,'1',NULL,NULL),(2385,'3633633666969','ABC SSEE 保護貼 ',1,0,20.0,423,NULL,'1',NULL,NULL),(2386,'3633633666969','ABC SSEE 保護貼 ',1,0,20.0,423,NULL,'1',NULL,NULL),(2387,'3633633666969','ABC SSEE 保護貼 ',1,0,20.0,423,NULL,'1',NULL,NULL),(2388,'3633633666969','ABC SSEE 保護貼 ',1,0,20.0,423,NULL,'1',NULL,NULL),(2389,'3633633666969','ABC SSEE 保護貼 ',1,0,20.0,423,NULL,'1',NULL,NULL),(2390,'3633633666969','ABC SSEE 保護貼 ',1,0,20.0,423,NULL,'1',NULL,NULL),(2391,'3633633666969','ABC SSEE 保護貼 ',1,0,20.0,423,NULL,'1',NULL,NULL),(2392,'3633633666969','ABC SSEE 保護貼 ',1,0,20.0,423,NULL,'1',NULL,NULL),(2393,'3633633666969','ABC SSEE 保護貼 ',1,0,20.0,423,NULL,'1',NULL,NULL),(2394,'3633633666969','ABC SSEE 保護貼 ',1,0,20.0,423,NULL,'1',NULL,NULL),(2395,'3633633666969','ABC SSEE 保護貼 ',1,0,20.0,423,NULL,'1',NULL,NULL),(2396,'3633633666969','ABC SSEE 保護貼 ',1,0,20.0,423,NULL,'1',NULL,NULL),(2397,'3633633666969','ABC SSEE 保護貼 ',1,0,20.0,423,NULL,'1',NULL,NULL),(2398,'3633633666969','ABC SSEE 保護貼 ',1,0,20.0,423,NULL,'1',NULL,NULL),(2399,'3633633666969','ABC SSEE 保護貼 ',1,0,20.0,423,NULL,'1',NULL,NULL),(2400,'3633633666969','ABC SSEE 保護貼 ',1,0,20.0,423,NULL,'1',NULL,NULL),(2401,'3633633666969','ABC SSEE 保護貼 ',1,0,20.0,423,NULL,'1',NULL,NULL),(2402,'3633633666969','ABC SSEE 保護貼 ',1,0,20.0,423,NULL,'1',NULL,NULL),(2403,'3633633666969','ABC SSEE 保護貼 ',1,0,20.0,423,NULL,'1',NULL,NULL),(2404,'3633633666969','ABC SSEE 保護貼 ',1,0,20.0,423,NULL,'1',NULL,NULL),(2405,'3633633666969','ABC SSEE 保護貼 ',1,0,20.0,423,NULL,'1',NULL,NULL),(2406,'3633633666969','ABC SSEE 保護貼 ',1,0,20.0,423,NULL,'1',NULL,NULL),(2407,'3633633666969','ABC SSEE 保護貼 ',1,0,20.0,423,NULL,'1',NULL,NULL),(2408,'3633633666969','ABC SSEE 保護貼 ',1,0,20.0,424,NULL,'1',NULL,NULL),(2409,'3633633666969','ABC SSEE 保護貼 ',1,0,20.0,424,NULL,'1',NULL,NULL),(2410,'3633633666969','ABC SSEE 保護貼 ',1,0,20.0,424,NULL,'1',NULL,NULL),(2411,'3633633666969','ABC SSEE 保護貼 ',1,0,20.0,424,NULL,'1',NULL,NULL),(2412,'3633633666969','ABC SSEE 保護貼 ',1,0,20.0,424,NULL,'1',NULL,NULL),(2413,'3633633666969','ABC SSEE 保護貼 ',1,0,20.0,424,NULL,'1',NULL,NULL),(2414,'3633633666969','ABC SSEE 保護貼 ',1,0,20.0,424,NULL,'1',NULL,NULL),(2415,'3633633666969','ABC SSEE 保護貼 ',1,0,20.0,424,NULL,'1',NULL,NULL),(2416,'3633633666969','ABC SSEE 保護貼 ',1,0,20.0,424,NULL,'1',NULL,NULL),(2417,'3633633666969','ABC SSEE 保護貼 ',1,0,20.0,424,NULL,'1',NULL,NULL),(2418,'3633633666969','ABC SSEE 保護貼 ',1,0,20.0,424,NULL,'1',NULL,NULL),(2419,'3633633666969','ABC SSEE 保護貼 ',1,0,20.0,424,NULL,'1',NULL,NULL),(2420,'3633633666969','ABC SSEE 保護貼 ',1,0,20.0,424,NULL,'1',NULL,NULL),(2421,'3633633666969','ABC SSEE 保護貼 ',1,0,20.0,424,NULL,'1',NULL,NULL),(2422,'3633633666969','ABC SSEE 保護貼 ',1,0,20.0,424,NULL,'1',NULL,NULL),(2423,'3633633666969','ABC SSEE 保護貼 ',1,0,20.0,424,NULL,'1',NULL,NULL),(2424,'3633633666969','ABC SSEE 保護貼 ',1,0,20.0,424,NULL,'1',NULL,NULL),(2425,'3633633666969','ABC SSEE 保護貼 ',1,0,20.0,424,NULL,'1',NULL,NULL),(2426,'3633633666969','ABC SSEE 保護貼 ',1,0,20.0,424,NULL,'1',NULL,NULL),(2427,'3633633666969','ABC SSEE 保護貼 ',1,0,20.0,424,NULL,'1',NULL,NULL),(2428,'3633633666969','ABC SSEE 保護貼 ',1,0,20.0,424,NULL,'1',NULL,NULL),(2429,'3633633666969','ABC SSEE 保護貼 ',1,0,20.0,424,NULL,'1',NULL,NULL),(2430,'3633633666969','ABC SSEE 保護貼 ',1,0,20.0,424,NULL,'1',NULL,NULL),(2431,'3633633666969','ABC SSEE 保護貼 ',1,0,20.0,424,NULL,'1',NULL,NULL),(2432,'3633633666969','ABC SSEE 保護貼 ',1,0,20.0,424,NULL,'1',NULL,NULL),(2433,'3633633666969','ABC SSEE 保護貼 ',1,0,20.0,424,NULL,'1',NULL,NULL),(2434,'3633633666969','ABC SSEE 保護貼 ',1,0,20.0,424,NULL,'1',NULL,NULL),(2435,'3633633666969','ABC SSEE 保護貼 ',1,0,20.0,424,NULL,'1',NULL,NULL),(2436,'3633633666969','ABC SSEE 保護貼 ',1,0,20.0,424,NULL,'1',NULL,NULL),(2437,'3633633666969','ABC SSEE 保護貼 ',1,0,20.0,424,NULL,'1',NULL,NULL),(2438,'3633633666969','ABC SSEE 保護貼 ',1,0,20.0,424,NULL,'1',NULL,NULL),(2439,'3633633666969','ABC SSEE 保護貼 ',1,0,20.0,424,NULL,'1',NULL,NULL),(2440,'3633633666969','ABC SSEE 保護貼 ',1,0,20.0,424,NULL,'1',NULL,NULL),(2441,'3633633666969','ABC SSEE 保護貼 ',1,0,20.0,424,NULL,'1',NULL,NULL),(2442,'3633633666969','ABC SSEE 保護貼 ',1,0,20.0,424,NULL,'1',NULL,NULL),(2443,'3633633666969','ABC SSEE 保護貼 ',1,0,20.0,424,NULL,'1',NULL,NULL),(2444,'3633633666969','ABC SSEE 保護貼 ',1,0,20.0,424,NULL,'1',NULL,NULL),(2445,'3633633666969','ABC SSEE 保護貼 ',1,0,20.0,424,NULL,'1',NULL,NULL),(2446,'3633633666969','ABC SSEE 保護貼 ',1,0,20.0,424,NULL,'1',NULL,NULL),(2447,'3633633666969','ABC SSEE 保護貼 ',1,0,20.0,424,NULL,'1',NULL,NULL),(2448,'3633633666969','ABC SSEE 保護貼 ',1,0,20.0,425,NULL,'1',NULL,NULL),(2449,'3633633666969','ABC SSEE 保護貼 ',1,0,20.0,425,NULL,'1',NULL,NULL),(2450,'3633633666969','ABC SSEE 保護貼 ',1,0,20.0,425,NULL,'1',NULL,NULL),(2451,'3633633666969','ABC SSEE 保護貼 ',1,0,20.0,425,NULL,'1',NULL,NULL),(2452,'3633633666969','ABC SSEE 保護貼 ',1,0,20.0,425,NULL,'1',NULL,NULL),(2453,'3633633666969','ABC SSEE 保護貼 ',1,0,20.0,425,NULL,'1',NULL,NULL),(2454,'3633633666969','ABC SSEE 保護貼 ',1,0,20.0,425,NULL,'1',NULL,NULL),(2455,'3633633666969','ABC SSEE 保護貼 ',1,0,20.0,425,NULL,'1',NULL,NULL),(2456,'3633633666969','ABC SSEE 保護貼 ',1,0,20.0,425,NULL,'1',NULL,NULL),(2457,'3633633666969','ABC SSEE 保護貼 ',1,0,20.0,425,NULL,'1',NULL,NULL),(2458,'3633633666969','ABC SSEE 保護貼 ',1,0,20.0,425,NULL,'1',NULL,NULL),(2459,'3633633666969','ABC SSEE 保護貼 ',1,0,20.0,425,NULL,'1',NULL,NULL),(2460,'3633633666969','ABC SSEE 保護貼 ',1,0,20.0,425,NULL,'1',NULL,NULL),(2461,'3633633666969','ABC SSEE 保護貼 ',1,0,20.0,425,NULL,'1',NULL,NULL),(2462,'3633633666969','ABC SSEE 保護貼 ',1,0,20.0,425,NULL,'1',NULL,NULL),(2463,'3633633666969','ABC SSEE 保護貼 ',1,0,20.0,425,NULL,'1',NULL,NULL),(2464,'3633633666969','ABC SSEE 保護貼 ',1,0,20.0,425,NULL,'1',NULL,NULL),(2465,'3633633666969','ABC SSEE 保護貼 ',1,0,20.0,425,NULL,'1',NULL,NULL),(2466,'3633633666969','ABC SSEE 保護貼 ',1,0,20.0,425,NULL,'1',NULL,NULL),(2467,'3633633666969','ABC SSEE 保護貼 ',1,0,20.0,425,NULL,'1',NULL,NULL),(2468,'3633633666969','ABC SSEE 保護貼 ',1,0,20.0,425,NULL,'1',NULL,NULL),(2469,'3633633666969','ABC SSEE 保護貼 ',1,0,20.0,425,NULL,'1',NULL,NULL),(2470,'3633633666969','ABC SSEE 保護貼 ',1,0,20.0,425,NULL,'1',NULL,NULL),(2471,'3633633666969','ABC SSEE 保護貼 ',1,0,20.0,425,NULL,'1',NULL,NULL),(2472,'3633633666969','ABC SSEE 保護貼 ',1,0,20.0,425,NULL,'1',NULL,NULL),(2473,'3633633666969','ABC SSEE 保護貼 ',1,0,20.0,425,NULL,'1',NULL,NULL),(2474,'3633633666969','ABC SSEE 保護貼 ',1,0,20.0,425,NULL,'1',NULL,NULL),(2475,'3633633666969','ABC SSEE 保護貼 ',1,0,20.0,425,NULL,'1',NULL,NULL),(2476,'3633633666969','ABC SSEE 保護貼 ',1,0,20.0,425,NULL,'1',NULL,NULL),(2477,'3633633666969','ABC SSEE 保護貼 ',1,0,20.0,425,NULL,'1',NULL,NULL),(2478,'3633633666969','ABC SSEE 保護貼 ',1,0,20.0,425,NULL,'1',NULL,NULL),(2479,'3633633666969','ABC SSEE 保護貼 ',1,0,20.0,425,NULL,'1',NULL,NULL),(2480,'3633633666969','ABC SSEE 保護貼 ',1,0,20.0,425,NULL,'1',NULL,NULL),(2481,'3633633666969','ABC SSEE 保護貼 ',1,0,20.0,425,NULL,'1',NULL,NULL),(2482,'3633633666969','ABC SSEE 保護貼 ',1,0,20.0,425,NULL,'1',NULL,NULL),(2483,'3633633666969','ABC SSEE 保護貼 ',1,0,20.0,425,NULL,'1',NULL,NULL),(2484,'3633633666969','ABC SSEE 保護貼 ',1,0,20.0,425,NULL,'1',NULL,NULL),(2485,'3633633666969','ABC SSEE 保護貼 ',1,0,20.0,425,NULL,'1',NULL,NULL),(2486,'3633633666969','ABC SSEE 保護貼 ',1,0,20.0,425,NULL,'1',NULL,NULL),(2487,'3633633666969','ABC SSEE 保護貼 ',1,0,20.0,425,NULL,'1',NULL,NULL),(2488,'3633633666969','ABC SSEE 保護貼 ',1,0,20.0,425,NULL,'1',NULL,NULL),(2489,'3633633666969','ABC SSEE 保護貼 ',1,0,20.0,425,NULL,'1',NULL,NULL),(2490,'3633633666969','ABC SSEE 保護貼 ',1,0,20.0,425,NULL,'1',NULL,NULL),(2491,'3633633666969','ABC SSEE 保護貼 ',1,0,20.0,425,NULL,'1',NULL,NULL),(2492,'3633633666969','ABC SSEE 保護貼 ',1,0,20.0,425,NULL,'1',NULL,NULL),(2493,'3633633666969','ABC SSEE 保護貼 ',1,0,20.0,426,NULL,'1',NULL,NULL),(2494,'3633633666969','ABC SSEE 保護貼 ',1,0,20.0,426,NULL,'1',NULL,NULL),(2495,'3633633666969','ABC SSEE 保護貼 ',1,0,20.0,426,NULL,'1',NULL,NULL),(2496,'3633633666969','ABC SSEE 保護貼 ',1,0,20.0,426,NULL,'1',NULL,NULL),(2497,'3633633666969','ABC SSEE 保護貼 ',1,0,20.0,426,NULL,'1',NULL,NULL),(2498,'3633633666969','ABC SSEE 保護貼 ',1,0,20.0,426,NULL,'1',NULL,NULL),(2499,'3633633666969','ABC SSEE 保護貼 ',1,0,20.0,426,NULL,'1',NULL,NULL),(2500,'3633633666969','ABC SSEE 保護貼 ',1,0,20.0,426,NULL,'1',NULL,NULL),(2501,'3633633666969','ABC SSEE 保護貼 ',1,0,20.0,426,NULL,'1',NULL,NULL),(2502,'3633633666969','ABC SSEE 保護貼 ',1,0,20.0,426,NULL,'1',NULL,NULL),(2503,'3633633666969','ABC SSEE 保護貼 ',1,0,20.0,426,NULL,'1',NULL,NULL),(2504,'3633633666969','ABC SSEE 保護貼 ',1,0,20.0,426,NULL,'1',NULL,NULL),(2505,'3633633666969','ABC SSEE 保護貼 ',1,0,20.0,426,NULL,'1',NULL,NULL),(2506,'3633633666969','ABC SSEE 保護貼 ',1,0,20.0,426,NULL,'1',NULL,NULL),(2507,'3633633666969','ABC SSEE 保護貼 ',1,0,20.0,426,NULL,'1',NULL,NULL),(2508,'3633633666969','ABC SSEE 保護貼 ',1,0,20.0,426,NULL,'1',NULL,NULL),(2509,'3633633666969','ABC SSEE 保護貼 ',1,0,20.0,426,NULL,'1',NULL,NULL),(2510,'3633633666969','ABC SSEE 保護貼 ',1,0,20.0,426,NULL,'1',NULL,NULL),(2511,'3633633666969','ABC SSEE 保護貼 ',1,0,20.0,426,NULL,'1',NULL,NULL),(2512,'3633633666969','ABC SSEE 保護貼 ',1,0,20.0,426,NULL,'1',NULL,NULL),(2513,'3633633666969','ABC SSEE 保護貼 ',1,0,20.0,426,NULL,'1',NULL,NULL),(2514,'3633633666969','ABC SSEE 保護貼 ',1,0,20.0,426,NULL,'1',NULL,NULL),(2515,'3633633666969','ABC SSEE 保護貼 ',1,0,20.0,426,NULL,'1',NULL,NULL),(2516,'3633633666969','ABC SSEE 保護貼 ',1,0,20.0,426,NULL,'1',NULL,NULL),(2517,'3633633666969','ABC SSEE 保護貼 ',1,0,20.0,426,NULL,'1',NULL,NULL),(2518,'3633633666969','ABC SSEE 保護貼 ',1,0,20.0,426,NULL,'1',NULL,NULL),(2519,'3633633666969','ABC SSEE 保護貼 ',1,0,20.0,426,NULL,'1',NULL,NULL),(2520,'3633633666969','ABC SSEE 保護貼 ',1,0,20.0,426,NULL,'1',NULL,NULL),(2521,'3633633666969','ABC SSEE 保護貼 ',1,0,20.0,426,NULL,'1',NULL,NULL),(2522,'3633633666969','ABC SSEE 保護貼 ',1,0,20.0,426,NULL,'1',NULL,NULL),(2523,'3633633666969','ABC SSEE 保護貼 ',1,0,20.0,426,NULL,'1',NULL,NULL),(2524,'3633633666969','ABC SSEE 保護貼 ',1,0,20.0,426,NULL,'1',NULL,NULL),(2525,'3633633666969','ABC SSEE 保護貼 ',1,0,20.0,426,NULL,'1',NULL,NULL),(2526,'3633633666969','ABC SSEE 保護貼 ',1,0,20.0,426,NULL,'1',NULL,NULL),(2527,'3633633666969','ABC SSEE 保護貼 ',1,0,20.0,426,NULL,'1',NULL,NULL),(2528,'3633633666969','ABC SSEE 保護貼 ',1,0,20.0,426,NULL,'1',NULL,NULL),(2529,'3633633666969','ABC SSEE 保護貼 ',1,0,20.0,426,NULL,'1',NULL,NULL),(2530,'3633633666969','ABC SSEE 保護貼 ',1,0,20.0,426,NULL,'1',NULL,NULL),(2531,'3633633666969','ABC SSEE 保護貼 ',1,0,20.0,426,NULL,'1',NULL,NULL),(2532,'3633633666969','ABC SSEE 保護貼 ',1,0,20.0,426,NULL,'1',NULL,NULL),(2533,'3633633666969','ABC SSEE 保護貼 ',1,0,20.0,427,NULL,'1',NULL,NULL),(2534,'3633633666969','ABC SSEE 保護貼 ',1,0,20.0,427,NULL,'1',NULL,NULL),(2535,'3633633666969','ABC SSEE 保護貼 ',1,0,20.0,427,NULL,'1',NULL,NULL),(2536,'3633633666969','ABC SSEE 保護貼 ',1,0,20.0,427,NULL,'1',NULL,NULL),(2537,'3633633666969','ABC SSEE 保護貼 ',1,0,20.0,427,NULL,'1',NULL,NULL),(2538,'3633633666969','ABC SSEE 保護貼 ',1,0,20.0,427,NULL,'1',NULL,NULL),(2539,'3633633666969','ABC SSEE 保護貼 ',1,0,20.0,427,NULL,'1',NULL,NULL),(2540,'3633633666969','ABC SSEE 保護貼 ',1,0,20.0,427,NULL,'1',NULL,NULL),(2541,'3633633666969','ABC SSEE 保護貼 ',1,0,20.0,427,NULL,'1',NULL,NULL),(2542,'3633633666969','ABC SSEE 保護貼 ',1,0,20.0,427,NULL,'1',NULL,NULL),(2543,'3633633666969','ABC SSEE 保護貼 ',1,0,20.0,427,NULL,'1',NULL,NULL),(2544,'3633633666969','ABC SSEE 保護貼 ',1,0,20.0,427,NULL,'1',NULL,NULL),(2545,'3633633666969','ABC SSEE 保護貼 ',1,0,20.0,427,NULL,'1',NULL,NULL),(2546,'3633633666969','ABC SSEE 保護貼 ',1,0,20.0,427,NULL,'1',NULL,NULL),(2547,'3633633666969','ABC SSEE 保護貼 ',1,0,20.0,427,NULL,'1',NULL,NULL),(2548,'3633633666969','ABC SSEE 保護貼 ',1,0,20.0,427,NULL,'1',NULL,NULL),(2549,'3633633666969','ABC SSEE 保護貼 ',1,0,20.0,427,NULL,'1',NULL,NULL),(2550,'3633633666969','ABC SSEE 保護貼 ',1,0,20.0,427,NULL,'1',NULL,NULL),(2551,'3633633666969','ABC SSEE 保護貼 ',1,0,20.0,427,NULL,'1',NULL,NULL),(2552,'3633633666969','ABC SSEE 保護貼 ',1,0,20.0,427,NULL,'1',NULL,NULL),(2553,'3633633666969','ABC SSEE 保護貼 ',1,0,20.0,427,NULL,'1',NULL,NULL),(2554,'3633633666969','ABC SSEE 保護貼 ',1,0,20.0,427,NULL,'1',NULL,NULL),(2555,'3633633666969','ABC SSEE 保護貼 ',1,0,20.0,427,NULL,'1',NULL,NULL),(2556,'3633633666969','ABC SSEE 保護貼 ',1,0,20.0,427,NULL,'1',NULL,NULL),(2557,'3633633666969','ABC SSEE 保護貼 ',1,0,20.0,427,NULL,'1',NULL,NULL),(2558,'3633633666969','ABC SSEE 保護貼 ',1,0,20.0,427,NULL,'1',NULL,NULL),(2559,'3633633666969','ABC SSEE 保護貼 ',1,0,20.0,427,NULL,'1',NULL,NULL),(2560,'3633633666969','ABC SSEE 保護貼 ',1,0,20.0,427,NULL,'1',NULL,NULL),(2561,'3633633666969','ABC SSEE 保護貼 ',1,0,20.0,427,NULL,'1',NULL,NULL),(2562,'3633633666969','ABC SSEE 保護貼 ',1,0,20.0,427,NULL,'1',NULL,NULL),(2563,'3633633666969','ABC SSEE 保護貼 ',1,0,20.0,427,NULL,'1',NULL,NULL),(2564,'3633633666969','ABC SSEE 保護貼 ',1,0,20.0,427,NULL,'1',NULL,NULL),(2565,'3633633666969','ABC SSEE 保護貼 ',1,0,20.0,427,NULL,'1',NULL,NULL),(2566,'3633633666969','ABC SSEE 保護貼 ',1,0,20.0,427,NULL,'1',NULL,NULL),(2567,'3633633666969','ABC SSEE 保護貼 ',1,0,20.0,427,NULL,'1',NULL,NULL),(2568,'3633633666969','ABC SSEE 保護貼 ',1,0,20.0,427,NULL,'1',NULL,NULL),(2569,'3633633666969','ABC SSEE 保護貼 ',1,0,20.0,427,NULL,'1',NULL,NULL),(2570,'3633633666969','ABC SSEE 保護貼 ',1,0,20.0,427,NULL,'1',NULL,NULL),(2571,'3633633666969','ABC SSEE 保護貼 ',1,0,20.0,427,NULL,'1',NULL,NULL),(2572,'3633633666969','ABC SSEE 保護貼 ',1,0,20.0,427,NULL,'1',NULL,NULL),(2573,'3633633666969','ABC SSEE 保護貼 ',1,0,20.0,428,NULL,'1',NULL,NULL),(2574,'3633633666969','ABC SSEE 保護貼 ',1,0,20.0,428,NULL,'1',NULL,NULL),(2575,'3633633666969','ABC SSEE 保護貼 ',1,0,20.0,428,NULL,'1',NULL,NULL),(2576,'3633633666969','ABC SSEE 保護貼 ',1,0,20.0,428,NULL,'1',NULL,NULL),(2577,'3633633666969','ABC SSEE 保護貼 ',1,0,20.0,428,NULL,'1',NULL,NULL),(2578,'3633633666969','ABC SSEE 保護貼 ',1,0,20.0,428,NULL,'1',NULL,NULL),(2579,'3633633666969','ABC SSEE 保護貼 ',1,0,20.0,428,NULL,'1',NULL,NULL),(2580,'3633633666969','ABC SSEE 保護貼 ',1,0,20.0,428,NULL,'1',NULL,NULL),(2581,'3633633666969','ABC SSEE 保護貼 ',1,0,20.0,428,NULL,'1',NULL,NULL),(2582,'3633633666969','ABC SSEE 保護貼 ',1,0,20.0,428,NULL,'1',NULL,NULL),(2583,'3633633666969','ABC SSEE 保護貼 ',1,0,20.0,428,NULL,'1',NULL,NULL),(2584,'3633633666969','ABC SSEE 保護貼 ',1,0,20.0,428,NULL,'1',NULL,NULL),(2585,'3633633666969','ABC SSEE 保護貼 ',1,0,20.0,428,NULL,'1',NULL,NULL),(2586,'3633633666969','ABC SSEE 保護貼 ',1,0,20.0,428,NULL,'1',NULL,NULL),(2587,'3633633666969','ABC SSEE 保護貼 ',1,0,20.0,428,NULL,'1',NULL,NULL),(2588,'3633633666969','ABC SSEE 保護貼 ',1,0,20.0,428,NULL,'1',NULL,NULL),(2589,'3633633666969','ABC SSEE 保護貼 ',1,0,20.0,428,NULL,'1',NULL,NULL),(2590,'3633633666969','ABC SSEE 保護貼 ',1,0,20.0,428,NULL,'1',NULL,NULL),(2591,'3633633666969','ABC SSEE 保護貼 ',1,0,20.0,428,NULL,'1',NULL,NULL),(2592,'3633633666969','ABC SSEE 保護貼 ',1,0,20.0,428,NULL,'1',NULL,NULL),(2593,'3633633666969','ABC SSEE 保護貼 ',1,0,20.0,428,NULL,'1',NULL,NULL),(2594,'3633633666969','ABC SSEE 保護貼 ',1,0,20.0,428,NULL,'1',NULL,NULL),(2595,'3633633666969','ABC SSEE 保護貼 ',1,0,20.0,428,NULL,'1',NULL,NULL),(2596,'3633633666969','ABC SSEE 保護貼 ',1,0,20.0,428,NULL,'1',NULL,NULL),(2597,'3633633666969','ABC SSEE 保護貼 ',1,0,20.0,428,NULL,'1',NULL,NULL),(2598,'3633633666969','ABC SSEE 保護貼 ',1,0,20.0,428,NULL,'1',NULL,NULL),(2599,'3633633666969','ABC SSEE 保護貼 ',1,0,20.0,428,NULL,'1',NULL,NULL),(2600,'3633633666969','ABC SSEE 保護貼 ',1,0,20.0,428,NULL,'1',NULL,NULL),(2601,'3633633666969','ABC SSEE 保護貼 ',1,0,20.0,428,NULL,'1',NULL,NULL),(2602,'3633633666969','ABC SSEE 保護貼 ',1,0,20.0,428,NULL,'1',NULL,NULL),(2603,'3633633666969','ABC SSEE 保護貼 ',1,0,20.0,428,NULL,'1',NULL,NULL),(2604,'3633633666969','ABC SSEE 保護貼 ',1,0,20.0,428,NULL,'1',NULL,NULL),(2605,'3633633666969','ABC SSEE 保護貼 ',1,0,20.0,428,NULL,'1',NULL,NULL),(2606,'3633633666969','ABC SSEE 保護貼 ',1,0,20.0,428,NULL,'1',NULL,NULL),(2607,'3633633666969','ABC SSEE 保護貼 ',1,0,20.0,428,NULL,'1',NULL,NULL),(2608,'3633633666969','ABC SSEE 保護貼 ',1,0,20.0,428,NULL,'1',NULL,NULL),(2609,'3633633666969','ABC SSEE 保護貼 ',1,0,20.0,428,NULL,'1',NULL,NULL),(2610,'3633633666969','ABC SSEE 保護貼 ',1,0,20.0,428,NULL,'1',NULL,NULL),(2611,'3633633666969','ABC SSEE 保護貼 ',1,0,20.0,428,NULL,'1',NULL,NULL),(2612,'3633633666969','ABC SSEE 保護貼 ',1,0,20.0,428,NULL,'1',NULL,NULL),(2613,'3633633666969','ABC SSEE 保護貼 ',1,0,20.0,429,NULL,'1',NULL,NULL),(2614,'3633633666969','ABC SSEE 保護貼 ',1,0,20.0,429,NULL,'1',NULL,NULL),(2615,'3633633666969','ABC SSEE 保護貼 ',1,0,20.0,429,NULL,'1',NULL,NULL),(2616,'3633633666969','ABC SSEE 保護貼 ',1,0,20.0,429,NULL,'1',NULL,NULL),(2617,'3633633666969','ABC SSEE 保護貼 ',1,0,20.0,429,NULL,'1',NULL,NULL),(2618,'3633633666969','ABC SSEE 保護貼 ',1,0,20.0,429,NULL,'1',NULL,NULL),(2619,'3633633666969','ABC SSEE 保護貼 ',1,0,20.0,429,NULL,'1',NULL,NULL),(2620,'3633633666969','ABC SSEE 保護貼 ',1,0,20.0,429,NULL,'1',NULL,NULL),(2621,'3633633666969','ABC SSEE 保護貼 ',1,0,20.0,429,NULL,'1',NULL,NULL),(2622,'3633633666969','ABC SSEE 保護貼 ',1,0,20.0,429,NULL,'1',NULL,NULL),(2623,'3633633666969','ABC SSEE 保護貼 ',1,0,20.0,429,NULL,'1',NULL,NULL),(2624,'3633633666969','ABC SSEE 保護貼 ',1,0,20.0,429,NULL,'1',NULL,NULL),(2625,'3633633666969','ABC SSEE 保護貼 ',1,0,20.0,429,NULL,'1',NULL,NULL),(2626,'3633633666969','ABC SSEE 保護貼 ',1,0,20.0,429,NULL,'1',NULL,NULL),(2627,'3633633666969','ABC SSEE 保護貼 ',1,0,20.0,429,NULL,'1',NULL,NULL),(2628,'3633633666969','ABC SSEE 保護貼 ',1,0,20.0,429,NULL,'1',NULL,NULL),(2629,'3633633666969','ABC SSEE 保護貼 ',1,0,20.0,429,NULL,'1',NULL,NULL),(2630,'3633633666969','ABC SSEE 保護貼 ',1,0,20.0,429,NULL,'1',NULL,NULL),(2631,'3633633666969','ABC SSEE 保護貼 ',1,0,20.0,429,NULL,'1',NULL,NULL),(2632,'3633633666969','ABC SSEE 保護貼 ',1,0,20.0,429,NULL,'1',NULL,NULL),(2633,'3633633666969','ABC SSEE 保護貼 ',1,0,20.0,429,NULL,'1',NULL,NULL),(2634,'3633633666969','ABC SSEE 保護貼 ',1,0,20.0,429,NULL,'1',NULL,NULL),(2635,'3633633666969','ABC SSEE 保護貼 ',1,0,20.0,429,NULL,'1',NULL,NULL),(2636,'3633633666969','ABC SSEE 保護貼 ',1,0,20.0,429,NULL,'1',NULL,NULL),(2637,'3633633666969','ABC SSEE 保護貼 ',1,0,20.0,429,NULL,'1',NULL,NULL),(2638,'3633633666969','ABC SSEE 保護貼 ',1,0,20.0,429,NULL,'1',NULL,NULL),(2639,'3633633666969','ABC SSEE 保護貼 ',1,0,20.0,429,NULL,'1',NULL,NULL),(2640,'3633633666969','ABC SSEE 保護貼 ',1,0,20.0,429,NULL,'1',NULL,NULL),(2641,'3633633666969','ABC SSEE 保護貼 ',1,0,20.0,429,NULL,'1',NULL,NULL),(2642,'3633633666969','ABC SSEE 保護貼 ',1,0,20.0,429,NULL,'1',NULL,NULL),(2643,'3633633666969','ABC SSEE 保護貼 ',1,0,20.0,429,NULL,'1',NULL,NULL),(2644,'3633633666969','ABC SSEE 保護貼 ',1,0,20.0,429,NULL,'1',NULL,NULL),(2645,'3633633666969','ABC SSEE 保護貼 ',1,0,20.0,429,NULL,'1',NULL,NULL),(2646,'3633633666969','ABC SSEE 保護貼 ',1,0,20.0,429,NULL,'1',NULL,NULL),(2647,'3633633666969','ABC SSEE 保護貼 ',1,0,20.0,429,NULL,'1',NULL,NULL),(2648,'3633633666969','ABC SSEE 保護貼 ',1,0,20.0,429,NULL,'1',NULL,NULL),(2649,'3633633666969','ABC SSEE 保護貼 ',1,0,20.0,429,NULL,'1',NULL,NULL),(2650,'3633633666969','ABC SSEE 保護貼 ',1,0,20.0,429,NULL,'1',NULL,NULL),(2651,'3633633666969','ABC SSEE 保護貼 ',1,0,20.0,429,NULL,'1',NULL,NULL),(2652,'3633633666969','ABC SSEE 保護貼 ',1,0,20.0,429,NULL,'1',NULL,NULL),(2653,'3633633666969','ABC SSEE 保護貼 ',1,0,20.0,430,NULL,'1',NULL,NULL),(2654,'3633633666969','ABC SSEE 保護貼 ',1,0,20.0,430,NULL,'1',NULL,NULL),(2655,'3633633666969','ABC SSEE 保護貼 ',1,0,20.0,430,NULL,'1',NULL,NULL),(2656,'3633633666969','ABC SSEE 保護貼 ',1,0,20.0,430,NULL,'1',NULL,NULL),(2657,'3633633666969','ABC SSEE 保護貼 ',1,0,20.0,430,NULL,'1',NULL,NULL),(2658,'3633633666969','ABC SSEE 保護貼 ',1,0,20.0,430,NULL,'1',NULL,NULL),(2659,'3633633666969','ABC SSEE 保護貼 ',1,0,20.0,430,NULL,'1',NULL,NULL),(2660,'3633633666969','ABC SSEE 保護貼 ',1,0,20.0,430,NULL,'1',NULL,NULL),(2661,'3633633666969','ABC SSEE 保護貼 ',1,0,20.0,430,NULL,'1',NULL,NULL),(2662,'3633633666969','ABC SSEE 保護貼 ',1,0,20.0,430,NULL,'1',NULL,NULL),(2663,'3633633666969','ABC SSEE 保護貼 ',1,0,20.0,430,NULL,'1',NULL,NULL),(2664,'3633633666969','ABC SSEE 保護貼 ',1,0,20.0,430,NULL,'1',NULL,NULL),(2665,'3633633666969','ABC SSEE 保護貼 ',1,0,20.0,430,NULL,'1',NULL,NULL),(2666,'3633633666969','ABC SSEE 保護貼 ',1,0,20.0,430,NULL,'1',NULL,NULL),(2667,'3633633666969','ABC SSEE 保護貼 ',1,0,20.0,430,NULL,'1',NULL,NULL),(2668,'3633633666969','ABC SSEE 保護貼 ',1,0,20.0,430,NULL,'1',NULL,NULL),(2669,'3633633666969','ABC SSEE 保護貼 ',1,0,20.0,430,NULL,'1',NULL,NULL),(2670,'3633633666969','ABC SSEE 保護貼 ',1,0,20.0,430,NULL,'1',NULL,NULL),(2671,'3633633666969','ABC SSEE 保護貼 ',1,0,20.0,430,NULL,'1',NULL,NULL),(2672,'3633633666969','ABC SSEE 保護貼 ',1,0,20.0,430,NULL,'1',NULL,NULL),(2673,'3633633666969','ABC SSEE 保護貼 ',1,0,20.0,430,NULL,'1',NULL,NULL),(2674,'3633633666969','ABC SSEE 保護貼 ',1,0,20.0,430,NULL,'1',NULL,NULL),(2675,'3633633666969','ABC SSEE 保護貼 ',1,0,20.0,430,NULL,'1',NULL,NULL),(2676,'3633633666969','ABC SSEE 保護貼 ',1,0,20.0,430,NULL,'1',NULL,NULL),(2677,'3633633666969','ABC SSEE 保護貼 ',1,0,20.0,430,NULL,'1',NULL,NULL),(2678,'3633633666969','ABC SSEE 保護貼 ',1,0,20.0,430,NULL,'1',NULL,NULL),(2679,'3633633666969','ABC SSEE 保護貼 ',1,0,20.0,430,NULL,'1',NULL,NULL),(2680,'3633633666969','ABC SSEE 保護貼 ',1,0,20.0,430,NULL,'1',NULL,NULL),(2681,'3633633666969','ABC SSEE 保護貼 ',1,0,20.0,430,NULL,'1',NULL,NULL),(2682,'3633633666969','ABC SSEE 保護貼 ',1,0,20.0,430,NULL,'1',NULL,NULL),(2683,'3633633666969','ABC SSEE 保護貼 ',1,0,20.0,430,NULL,'1',NULL,NULL),(2684,'3633633666969','ABC SSEE 保護貼 ',1,0,20.0,430,NULL,'1',NULL,NULL),(2685,'3633633666969','ABC SSEE 保護貼 ',1,0,20.0,430,NULL,'1',NULL,NULL),(2686,'3633633666969','ABC SSEE 保護貼 ',1,0,20.0,430,NULL,'1',NULL,NULL),(2687,'3633633666969','ABC SSEE 保護貼 ',1,0,20.0,430,NULL,'1',NULL,NULL),(2688,'3633633666969','ABC SSEE 保護貼 ',1,0,20.0,430,NULL,'1',NULL,NULL),(2689,'3633633666969','ABC SSEE 保護貼 ',1,0,20.0,430,NULL,'1',NULL,NULL),(2690,'3633633666969','ABC SSEE 保護貼 ',1,0,20.0,430,NULL,'1',NULL,NULL),(2691,'3633633666969','ABC SSEE 保護貼 ',1,0,20.0,430,NULL,'1',NULL,NULL),(2692,'3633633666969','ABC SSEE 保護貼 ',1,0,20.0,430,NULL,'1',NULL,NULL),(2693,'3633633666969','ABC SSEE 保護貼 ',1,0,20.0,431,NULL,'1',NULL,NULL),(2694,'3633633666969','ABC SSEE 保護貼 ',1,0,20.0,431,NULL,'1',NULL,NULL),(2695,'3633633666969','ABC SSEE 保護貼 ',1,0,20.0,431,NULL,'1',NULL,NULL),(2696,'3633633666969','ABC SSEE 保護貼 ',1,0,20.0,431,NULL,'1',NULL,NULL),(2697,'3633633666969','ABC SSEE 保護貼 ',1,0,20.0,431,NULL,'1',NULL,NULL),(2698,'3633633666969','ABC SSEE 保護貼 ',1,0,20.0,431,NULL,'1',NULL,NULL),(2699,'3633633666969','ABC SSEE 保護貼 ',1,0,20.0,431,NULL,'1',NULL,NULL),(2700,'3633633666969','ABC SSEE 保護貼 ',1,0,20.0,431,NULL,'1',NULL,NULL),(2701,'3633633666969','ABC SSEE 保護貼 ',1,0,20.0,431,NULL,'1',NULL,NULL),(2702,'3633633666969','ABC SSEE 保護貼 ',1,0,20.0,431,NULL,'1',NULL,NULL),(2703,'3633633666969','ABC SSEE 保護貼 ',1,0,20.0,431,NULL,'1',NULL,NULL),(2704,'3633633666969','ABC SSEE 保護貼 ',1,0,20.0,431,NULL,'1',NULL,NULL),(2705,'3633633666969','ABC SSEE 保護貼 ',1,0,20.0,431,NULL,'1',NULL,NULL),(2706,'3633633666969','ABC SSEE 保護貼 ',1,0,20.0,431,NULL,'1',NULL,NULL),(2707,'3633633666969','ABC SSEE 保護貼 ',1,0,20.0,431,NULL,'1',NULL,NULL),(2708,'3633633666969','ABC SSEE 保護貼 ',1,0,20.0,431,NULL,'1',NULL,NULL),(2709,'3633633666969','ABC SSEE 保護貼 ',1,0,20.0,431,NULL,'1',NULL,NULL),(2710,'3633633666969','ABC SSEE 保護貼 ',1,0,20.0,431,NULL,'1',NULL,NULL),(2711,'3633633666969','ABC SSEE 保護貼 ',1,0,20.0,431,NULL,'1',NULL,NULL),(2712,'3633633666969','ABC SSEE 保護貼 ',1,0,20.0,431,NULL,'1',NULL,NULL),(2713,'3633633666969','ABC SSEE 保護貼 ',1,0,20.0,431,NULL,'1',NULL,NULL),(2714,'3633633666969','ABC SSEE 保護貼 ',1,0,20.0,431,NULL,'1',NULL,NULL),(2715,'3633633666969','ABC SSEE 保護貼 ',1,0,20.0,431,NULL,'1',NULL,NULL),(2716,'3633633666969','ABC SSEE 保護貼 ',1,0,20.0,431,NULL,'1',NULL,NULL),(2717,'3633633666969','ABC SSEE 保護貼 ',1,0,20.0,431,NULL,'1',NULL,NULL),(2718,'3633633666969','ABC SSEE 保護貼 ',1,0,20.0,431,NULL,'1',NULL,NULL),(2719,'3633633666969','ABC SSEE 保護貼 ',1,0,20.0,431,NULL,'1',NULL,NULL),(2720,'3633633666969','ABC SSEE 保護貼 ',1,0,20.0,431,NULL,'1',NULL,NULL),(2721,'3633633666969','ABC SSEE 保護貼 ',1,0,20.0,431,NULL,'1',NULL,NULL),(2722,'3633633666969','ABC SSEE 保護貼 ',1,0,20.0,431,NULL,'1',NULL,NULL),(2723,'3633633666969','ABC SSEE 保護貼 ',1,0,20.0,431,NULL,'1',NULL,NULL),(2724,'3633633666969','ABC SSEE 保護貼 ',1,0,20.0,431,NULL,'1',NULL,NULL),(2725,'3633633666969','ABC SSEE 保護貼 ',1,0,20.0,431,NULL,'1',NULL,NULL),(2726,'3633633666969','ABC SSEE 保護貼 ',1,0,20.0,431,NULL,'1',NULL,NULL),(2727,'3633633666969','ABC SSEE 保護貼 ',1,0,20.0,431,NULL,'1',NULL,NULL),(2728,'3633633666969','ABC SSEE 保護貼 ',1,0,20.0,431,NULL,'1',NULL,NULL),(2729,'3633633666969','ABC SSEE 保護貼 ',1,0,20.0,431,NULL,'1',NULL,NULL),(2730,'3633633666969','ABC SSEE 保護貼 ',1,0,20.0,431,NULL,'1',NULL,NULL),(2731,'3633633666969','ABC SSEE 保護貼 ',1,0,20.0,431,NULL,'1',NULL,NULL),(2732,'3633633666969','ABC SSEE 保護貼 ',1,0,20.0,431,NULL,'1',NULL,NULL),(2733,'3633633666969','ABC SSEE 保護貼 ',1,0,20.0,432,NULL,'1',NULL,NULL),(2734,'3633633666969','ABC SSEE 保護貼 ',1,0,20.0,433,NULL,'1',NULL,NULL),(2735,'3633633666969','ABC SSEE 保護貼 ',1,0,20.0,434,NULL,'1',NULL,NULL),(2736,'3633633666969','ABC SSEE 保護貼 ',1,0,20.0,435,NULL,'1',NULL,NULL),(2737,'3633633666969','ABC SSEE 保護貼 ',1,0,20.0,436,NULL,'1',NULL,NULL),(2738,'3633633666969','ABC SSEE 保護貼 ',1,0,20.0,437,NULL,'1',NULL,NULL),(2739,'3633633666969','ABC SSEE 保護貼 ',1,0,20.0,438,NULL,'1',NULL,NULL),(2740,'3633633666969','ABC SSEE 保護貼 ',1,0,20.0,439,NULL,'1',NULL,NULL),(2741,'3633633666969','ABC SSEE 保護貼 ',1,0,20.0,439,NULL,'1',NULL,NULL),(2742,'3633633666969','ABC SSEE 保護貼 ',1,0,20.0,439,NULL,'1',NULL,NULL),(2743,'3633633666969','ABC SSEE 保護貼 ',1,0,20.0,439,NULL,'1',NULL,NULL),(2744,'3633633666969','ABC SSEE 保護貼 ',1,0,20.0,439,NULL,'1',NULL,NULL),(2745,'3633633666969','ABC SSEE 保護貼 ',1,0,20.0,439,NULL,'1',NULL,NULL),(2746,'3633633666969','ABC SSEE 保護貼 ',1,0,20.0,439,NULL,'1',NULL,NULL),(2747,'3633633666969','ABC SSEE 保護貼 ',1,0,20.0,439,NULL,'1',NULL,NULL),(2748,'3633633666969','ABC SSEE 保護貼 ',1,0,20.0,439,NULL,'1',NULL,NULL),(2749,'3633633666969','ABC SSEE 保護貼 ',1,0,20.0,439,NULL,'1',NULL,NULL),(2750,'3633633666969','ABC SSEE 保護貼 ',1,0,20.0,439,NULL,'1',NULL,NULL),(2751,'3633633666969','ABC SSEE 保護貼 ',1,0,20.0,439,NULL,'1',NULL,NULL),(2752,'3633633666969','ABC SSEE 保護貼 ',1,0,20.0,439,NULL,'1',NULL,NULL),(2753,'3633633666969','ABC SSEE 保護貼 ',1,0,20.0,439,NULL,'1',NULL,NULL),(2754,'3633633666969','ABC SSEE 保護貼 ',1,0,20.0,439,NULL,'1',NULL,NULL),(2755,'3633633666969','ABC SSEE 保護貼 ',1,0,20.0,439,NULL,'1',NULL,NULL),(2756,'3633633666969','ABC SSEE 保護貼 ',1,0,20.0,439,NULL,'1',NULL,NULL),(2757,'3633633666969','ABC SSEE 保護貼 ',1,0,20.0,439,NULL,'1',NULL,NULL),(2758,'3633633666969','ABC SSEE 保護貼 ',1,0,20.0,439,NULL,'1',NULL,NULL),(2759,'3633633666969','ABC SSEE 保護貼 ',1,0,20.0,439,NULL,'1',NULL,NULL),(2760,'3633633666969','ABC SSEE 保護貼 ',1,0,20.0,439,NULL,'1',NULL,NULL),(2761,'3633633666969','ABC SSEE 保護貼 ',1,0,20.0,439,NULL,'1',NULL,NULL),(2762,'3633633666969','ABC SSEE 保護貼 ',1,0,20.0,439,NULL,'1',NULL,NULL),(2763,'3633633666969','ABC SSEE 保護貼 ',1,0,20.0,439,NULL,'1',NULL,NULL),(2764,'3633633666969','ABC SSEE 保護貼 ',1,0,20.0,439,NULL,'1',NULL,NULL),(2765,'3633633666969','ABC SSEE 保護貼 ',1,0,20.0,439,NULL,'1',NULL,NULL),(2766,'3633633666969','ABC SSEE 保護貼 ',1,0,20.0,439,NULL,'1',NULL,NULL),(2767,'3633633666969','ABC SSEE 保護貼 ',1,0,20.0,439,NULL,'1',NULL,NULL),(2768,'3633633666969','ABC SSEE 保護貼 ',1,0,20.0,439,NULL,'1',NULL,NULL),(2769,'3633633666969','ABC SSEE 保護貼 ',1,0,20.0,439,NULL,'1',NULL,NULL),(2770,'3633633666969','ABC SSEE 保護貼 ',1,0,20.0,439,NULL,'1',NULL,NULL),(2771,'3633633666969','ABC SSEE 保護貼 ',1,0,20.0,439,NULL,'1',NULL,NULL),(2772,'3633633666969','ABC SSEE 保護貼 ',1,0,20.0,439,NULL,'1',NULL,NULL),(2773,'3633633666969','ABC SSEE 保護貼 ',1,0,20.0,439,NULL,'1',NULL,NULL),(2774,'3633633666969','ABC SSEE 保護貼 ',1,0,20.0,439,NULL,'1',NULL,NULL),(2775,'3633633666969','ABC SSEE 保護貼 ',1,0,20.0,439,NULL,'1',NULL,NULL),(2776,'3633633666969','ABC SSEE 保護貼 ',1,0,20.0,439,NULL,'1',NULL,NULL),(2777,'3633633666969','ABC SSEE 保護貼 ',1,0,20.0,439,NULL,'1',NULL,NULL),(2778,'3633633666969','ABC SSEE 保護貼 ',1,0,20.0,439,NULL,'1',NULL,NULL),(2779,'3633633666969','ABC SSEE 保護貼 ',1,0,20.0,439,NULL,'1',NULL,NULL),(2780,'3633633666969','ABC SSEE 保護貼 ',1,0,20.0,440,NULL,'1',NULL,NULL),(2781,'3633633666969','ABC SSEE 保護貼 ',1,0,20.0,440,NULL,'1',NULL,NULL),(2782,'3633633666969','ABC SSEE 保護貼 ',1,0,20.0,440,NULL,'1',NULL,NULL),(2783,'3633633666969','ABC SSEE 保護貼 ',1,0,20.0,440,NULL,'1',NULL,NULL),(2784,'3633633666969','ABC SSEE 保護貼 ',1,0,20.0,440,NULL,'1',NULL,NULL),(2785,'3633633666969','ABC SSEE 保護貼 ',1,0,20.0,440,NULL,'1',NULL,NULL),(2786,'3633633666969','ABC SSEE 保護貼 ',1,0,20.0,440,NULL,'1',NULL,NULL),(2787,'3633633666969','ABC SSEE 保護貼 ',1,0,20.0,440,NULL,'1',NULL,NULL),(2788,'3633633666969','ABC SSEE 保護貼 ',1,0,20.0,440,NULL,'1',NULL,NULL),(2789,'3633633666969','ABC SSEE 保護貼 ',1,0,20.0,440,NULL,'1',NULL,NULL),(2790,'3633633666969','ABC SSEE 保護貼 ',1,0,20.0,440,NULL,'1',NULL,NULL),(2791,'3633633666969','ABC SSEE 保護貼 ',1,0,20.0,440,NULL,'1',NULL,NULL),(2792,'3633633666969','ABC SSEE 保護貼 ',1,0,20.0,440,NULL,'1',NULL,NULL),(2793,'3633633666969','ABC SSEE 保護貼 ',1,0,20.0,440,NULL,'1',NULL,NULL),(2794,'3633633666969','ABC SSEE 保護貼 ',1,0,20.0,440,NULL,'1',NULL,NULL),(2795,'3633633666969','ABC SSEE 保護貼 ',1,0,20.0,440,NULL,'1',NULL,NULL),(2796,'3633633666969','ABC SSEE 保護貼 ',1,0,20.0,440,NULL,'1',NULL,NULL),(2797,'3633633666969','ABC SSEE 保護貼 ',1,0,20.0,440,NULL,'1',NULL,NULL),(2798,'3633633666969','ABC SSEE 保護貼 ',1,0,20.0,440,NULL,'1',NULL,NULL),(2799,'3633633666969','ABC SSEE 保護貼 ',1,0,20.0,440,NULL,'1',NULL,NULL),(2800,'3633633666969','ABC SSEE 保護貼 ',1,0,20.0,441,NULL,'1',NULL,NULL),(2801,'3633633666969','ABC SSEE 保護貼 ',1,0,20.0,441,NULL,'1',NULL,NULL),(2802,'3633633666969','ABC SSEE 保護貼 ',1,0,20.0,441,NULL,'1',NULL,NULL),(2803,'3633633666969','ABC SSEE 保護貼 ',1,0,20.0,441,NULL,'1',NULL,NULL),(2804,'3633633666969','ABC SSEE 保護貼 ',1,0,20.0,441,NULL,'1',NULL,NULL),(2805,'3633633666969','ABC SSEE 保護貼 ',1,0,20.0,441,NULL,'1',NULL,NULL),(2806,'3633633666969','ABC SSEE 保護貼 ',1,0,20.0,441,NULL,'1',NULL,NULL),(2807,'3633633666969','ABC SSEE 保護貼 ',1,0,20.0,441,NULL,'1',NULL,NULL),(2808,'3633633666969','ABC SSEE 保護貼 ',1,0,20.0,441,NULL,'1',NULL,NULL),(2809,'3633633666969','ABC SSEE 保護貼 ',1,0,20.0,441,NULL,'1',NULL,NULL),(2810,'3633633666969','ABC SSEE 保護貼 ',1,0,20.0,441,NULL,'1',NULL,NULL),(2811,'3633633666969','ABC SSEE 保護貼 ',1,0,20.0,441,NULL,'1',NULL,NULL),(2812,'3633633666969','ABC SSEE 保護貼 ',1,0,20.0,441,NULL,'1',NULL,NULL),(2813,'3633633666969','ABC SSEE 保護貼 ',1,0,20.0,441,NULL,'1',NULL,NULL),(2814,'3633633666969','ABC SSEE 保護貼 ',1,0,20.0,441,NULL,'1',NULL,NULL),(2815,'3633633666969','ABC SSEE 保護貼 ',1,0,20.0,441,NULL,'1',NULL,NULL),(2816,'3633633666969','ABC SSEE 保護貼 ',1,0,20.0,441,NULL,'1',NULL,NULL),(2817,'3633633666969','ABC SSEE 保護貼 ',1,0,20.0,441,NULL,'1',NULL,NULL),(2818,'3633633666969','ABC SSEE 保護貼 ',1,0,20.0,441,NULL,'1',NULL,NULL),(2819,'3633633666969','ABC SSEE 保護貼 ',1,0,20.0,441,NULL,'1',NULL,NULL),(2820,'3633633666969','ABC SSEE 保護貼 ',1,0,20.0,441,NULL,'1',NULL,NULL),(2821,'3633633666969','ABC SSEE 保護貼 ',1,0,20.0,441,NULL,'1',NULL,NULL),(2822,'3633633666969','ABC SSEE 保護貼 ',1,0,20.0,441,NULL,'1',NULL,NULL),(2823,'3633633666969','ABC SSEE 保護貼 ',1,0,20.0,441,NULL,'1',NULL,NULL),(2824,'3633633666969','ABC SSEE 保護貼 ',1,0,20.0,441,NULL,'1',NULL,NULL),(2825,'3633633666969','ABC SSEE 保護貼 ',1,0,20.0,441,NULL,'1',NULL,NULL),(2826,'3633633666969','ABC SSEE 保護貼 ',1,0,20.0,441,NULL,'1',NULL,NULL),(2827,'3633633666969','ABC SSEE 保護貼 ',1,0,20.0,441,NULL,'1',NULL,NULL),(2828,'3633633666969','ABC SSEE 保護貼 ',1,0,20.0,441,NULL,'1',NULL,NULL),(2829,'3633633666969','ABC SSEE 保護貼 ',1,0,20.0,441,NULL,'1',NULL,NULL),(2830,'3633633666969','ABC SSEE 保護貼 ',1,0,20.0,441,NULL,'1',NULL,NULL),(2831,'3633633666969','ABC SSEE 保護貼 ',1,0,20.0,441,NULL,'1',NULL,NULL),(2832,'3633633666969','ABC SSEE 保護貼 ',1,0,20.0,441,NULL,'1',NULL,NULL),(2833,'3633633666969','ABC SSEE 保護貼 ',1,0,20.0,441,NULL,'1',NULL,NULL),(2834,'3633633666969','ABC SSEE 保護貼 ',1,0,20.0,441,NULL,'1',NULL,NULL),(2835,'3633633666969','ABC SSEE 保護貼 ',1,0,20.0,441,NULL,'1',NULL,NULL),(2836,'3633633666969','ABC SSEE 保護貼 ',1,0,20.0,441,NULL,'1',NULL,NULL),(2837,'3633633666969','ABC SSEE 保護貼 ',1,0,20.0,441,NULL,'1',NULL,NULL),(2838,'3633633666969','ABC SSEE 保護貼 ',1,0,20.0,441,NULL,'1',NULL,NULL),(2839,'3633633666969','ABC SSEE 保護貼 ',1,0,20.0,441,NULL,'1',NULL,NULL),(2840,'3633633666968','GGFG DDS 保護貼',1,0,20.0,442,NULL,'1',NULL,NULL),(2841,'3633633666968','GGFG DDS 保護貼',1,0,20.0,442,NULL,'1',NULL,NULL),(2842,'3633633666968','GGFG DDS 保護貼',1,0,20.0,442,NULL,'1',NULL,NULL),(2843,'3633633666968','GGFG DDS 保護貼',1,0,20.0,442,NULL,'1',NULL,NULL),(2844,'3633633666968','GGFG DDS 保護貼',1,0,20.0,442,NULL,'1',NULL,NULL),(2845,'3633633666968','GGFG DDS 保護貼',1,0,20.0,442,NULL,'1',NULL,NULL),(2846,'3633633666968','GGFG DDS 保護貼',1,0,20.0,442,NULL,'1',NULL,NULL),(2847,'3633633666968','GGFG DDS 保護貼',1,0,20.0,442,NULL,'1',NULL,NULL),(2848,'3633633666968','GGFG DDS 保護貼',1,0,20.0,442,NULL,'1',NULL,NULL),(2849,'3633633666968','GGFG DDS 保護貼',1,0,20.0,442,NULL,'1',NULL,NULL),(2850,'3633633666968','GGFG DDS 保護貼',1,0,20.0,442,NULL,'1',NULL,NULL),(2851,'3633633666968','GGFG DDS 保護貼',1,0,20.0,442,NULL,'1',NULL,NULL),(2852,'3633633666968','GGFG DDS 保護貼',1,0,20.0,442,NULL,'1',NULL,NULL),(2853,'3633633666968','GGFG DDS 保護貼',1,0,20.0,442,NULL,'1',NULL,NULL),(2854,'3633633666968','GGFG DDS 保護貼',1,0,20.0,442,NULL,'1',NULL,NULL),(2855,'3633633666968','GGFG DDS 保護貼',1,0,20.0,442,NULL,'1',NULL,NULL),(2856,'3633633666968','GGFG DDS 保護貼',1,0,20.0,442,NULL,'1',NULL,NULL),(2857,'3633633666968','GGFG DDS 保護貼',1,0,20.0,442,NULL,'1',NULL,NULL),(2858,'3633633666968','GGFG DDS 保護貼',1,0,20.0,442,NULL,'1',NULL,NULL),(2859,'3633633666968','GGFG DDS 保護貼',1,0,20.0,442,NULL,'1',NULL,NULL),(2860,'3633633666968','GGFG DDS 保護貼',1,0,20.0,442,NULL,'1',NULL,NULL),(2861,'3633633666968','GGFG DDS 保護貼',1,0,20.0,442,NULL,'1',NULL,NULL),(2862,'3633633666968','GGFG DDS 保護貼',1,0,20.0,442,NULL,'1',NULL,NULL),(2863,'3633633666968','GGFG DDS 保護貼',1,0,20.0,442,NULL,'1',NULL,NULL),(2864,'3633633666968','GGFG DDS 保護貼',1,0,20.0,442,NULL,'1',NULL,NULL),(2865,'3633633666968','GGFG DDS 保護貼',1,0,20.0,442,NULL,'1',NULL,NULL),(2866,'3633633666968','GGFG DDS 保護貼',1,0,20.0,442,NULL,'1',NULL,NULL),(2867,'3633633666968','GGFG DDS 保護貼',1,0,20.0,442,NULL,'1',NULL,NULL),(2868,'3633633666968','GGFG DDS 保護貼',1,0,20.0,442,NULL,'1',NULL,NULL),(2869,'3633633666968','GGFG DDS 保護貼',1,0,20.0,442,NULL,'1',NULL,NULL),(2870,'3633633666968','GGFG DDS 保護貼',1,0,20.0,442,NULL,'1',NULL,NULL),(2871,'3633633666968','GGFG DDS 保護貼',1,0,20.0,442,NULL,'1',NULL,NULL),(2872,'3633633666968','GGFG DDS 保護貼',1,0,20.0,442,NULL,'1',NULL,NULL),(2873,'3633633666968','GGFG DDS 保護貼',1,0,20.0,442,NULL,'1',NULL,NULL),(2874,'3633633666968','GGFG DDS 保護貼',1,0,20.0,442,NULL,'1',NULL,NULL),(2875,'3633633666968','GGFG DDS 保護貼',1,0,20.0,442,NULL,'1',NULL,NULL),(2876,'3633633666968','GGFG DDS 保護貼',1,0,20.0,442,NULL,'1',NULL,NULL),(2877,'3633633666968','GGFG DDS 保護貼',1,0,20.0,442,NULL,'1',NULL,NULL),(2878,'3633633666968','GGFG DDS 保護貼',1,0,20.0,442,NULL,'1',NULL,NULL),(2879,'3633633666968','GGFG DDS 保護貼',1,0,20.0,442,NULL,'1',NULL,NULL),(2880,'3633633666969','ABC SSEE 保護貼 ',1,0,20.0,443,NULL,'1',NULL,NULL),(2881,'3633633666969','ABC SSEE 保護貼 ',1,0,20.0,443,NULL,'1',NULL,NULL),(2882,'3633633666969','ABC SSEE 保護貼 ',1,0,20.0,443,NULL,'1',NULL,NULL),(2883,'3633633666969','ABC SSEE 保護貼 ',1,0,20.0,443,NULL,'1',NULL,NULL),(2884,'3633633666969','ABC SSEE 保護貼 ',1,0,20.0,443,NULL,'1',NULL,NULL),(2885,'3633633666969','ABC SSEE 保護貼 ',1,0,20.0,443,NULL,'1',NULL,NULL),(2886,'3633633666969','ABC SSEE 保護貼 ',1,0,20.0,443,NULL,'1',NULL,NULL),(2887,'3633633666969','ABC SSEE 保護貼 ',1,0,20.0,443,NULL,'1',NULL,NULL),(2888,'3633633666969','ABC SSEE 保護貼 ',1,0,20.0,443,NULL,'1',NULL,NULL),(2889,'3633633666969','ABC SSEE 保護貼 ',1,0,20.0,443,NULL,'1',NULL,NULL),(2890,'3633633666969','ABC SSEE 保護貼 ',1,0,20.0,443,NULL,'1',NULL,NULL),(2891,'3633633666969','ABC SSEE 保護貼 ',1,0,20.0,443,NULL,'1',NULL,NULL),(2892,'3633633666969','ABC SSEE 保護貼 ',1,0,20.0,443,NULL,'1',NULL,NULL),(2893,'3633633666969','ABC SSEE 保護貼 ',1,0,20.0,443,NULL,'1',NULL,NULL),(2894,'3633633666969','ABC SSEE 保護貼 ',1,0,20.0,443,NULL,'1',NULL,NULL),(2895,'3633633666969','ABC SSEE 保護貼 ',1,0,20.0,443,NULL,'1',NULL,NULL),(2896,'3633633666969','ABC SSEE 保護貼 ',1,0,20.0,443,NULL,'1',NULL,NULL),(2897,'3633633666969','ABC SSEE 保護貼 ',1,0,20.0,443,NULL,'1',NULL,NULL),(2898,'3633633666969','ABC SSEE 保護貼 ',1,0,20.0,443,NULL,'1',NULL,NULL),(2899,'3633633666969','ABC SSEE 保護貼 ',1,0,20.0,443,NULL,'1',NULL,NULL),(2900,'3633633666969','ABC SSEE 保護貼 ',1,0,20.0,443,NULL,'1',NULL,NULL),(2901,'3633633666969','ABC SSEE 保護貼 ',1,0,20.0,443,NULL,'1',NULL,NULL),(2902,'3633633666969','ABC SSEE 保護貼 ',1,0,20.0,443,NULL,'1',NULL,NULL),(2903,'3633633666969','ABC SSEE 保護貼 ',1,0,20.0,443,NULL,'1',NULL,NULL),(2904,'3633633666969','ABC SSEE 保護貼 ',1,0,20.0,443,NULL,'1',NULL,NULL),(2905,'3633633666969','ABC SSEE 保護貼 ',1,0,20.0,443,NULL,'1',NULL,NULL),(2906,'3633633666969','ABC SSEE 保護貼 ',1,0,20.0,443,NULL,'1',NULL,NULL),(2907,'3633633666969','ABC SSEE 保護貼 ',1,0,20.0,443,NULL,'1',NULL,NULL),(2908,'3633633666969','ABC SSEE 保護貼 ',1,0,20.0,443,NULL,'1',NULL,NULL),(2909,'3633633666969','ABC SSEE 保護貼 ',1,0,20.0,443,NULL,'1',NULL,NULL),(2910,'3633633666969','ABC SSEE 保護貼 ',1,0,20.0,443,NULL,'1',NULL,NULL),(2911,'3633633666969','ABC SSEE 保護貼 ',1,0,20.0,443,NULL,'1',NULL,NULL),(2912,'3633633666969','ABC SSEE 保護貼 ',1,0,20.0,443,NULL,'1',NULL,NULL),(2913,'3633633666969','ABC SSEE 保護貼 ',1,0,20.0,443,NULL,'1',NULL,NULL),(2914,'3633633666969','ABC SSEE 保護貼 ',1,0,20.0,443,NULL,'1',NULL,NULL),(2915,'3633633666969','ABC SSEE 保護貼 ',1,0,20.0,443,NULL,'1',NULL,NULL),(2916,'3633633666969','ABC SSEE 保護貼 ',1,0,20.0,443,NULL,'1',NULL,NULL),(2917,'3633633666969','ABC SSEE 保護貼 ',1,0,20.0,443,NULL,'1',NULL,NULL),(2918,'3633633666969','ABC SSEE 保護貼 ',1,0,20.0,443,NULL,'1',NULL,NULL),(2919,'3633633666969','ABC SSEE 保護貼 ',1,0,20.0,443,NULL,'1',NULL,NULL),(2920,'3633633666969','ABC SSEE 保護貼 ',1,0,20.0,444,NULL,'1',NULL,NULL),(2921,'3633633666969','ABC SSEE 保護貼 ',1,0,20.0,444,NULL,'1',NULL,NULL),(2922,'3633633666969','ABC SSEE 保護貼 ',1,0,20.0,444,NULL,'1',NULL,NULL),(2923,'3633633666969','ABC SSEE 保護貼 ',1,0,20.0,444,NULL,'1',NULL,NULL),(2924,'3633633666969','ABC SSEE 保護貼 ',1,0,20.0,444,NULL,'1',NULL,NULL),(2925,'3633633666969','ABC SSEE 保護貼 ',1,0,20.0,444,NULL,'1',NULL,NULL),(2926,'3633633666969','ABC SSEE 保護貼 ',1,0,20.0,444,NULL,'1',NULL,NULL),(2927,'3633633666969','ABC SSEE 保護貼 ',1,0,20.0,444,NULL,'1',NULL,NULL),(2928,'3633633666969','ABC SSEE 保護貼 ',1,0,20.0,444,NULL,'1',NULL,NULL),(2929,'3633633666969','ABC SSEE 保護貼 ',1,0,20.0,444,NULL,'1',NULL,NULL),(2930,'3633633666969','ABC SSEE 保護貼 ',1,0,20.0,444,NULL,'1',NULL,NULL),(2931,'3633633666969','ABC SSEE 保護貼 ',1,0,20.0,444,NULL,'1',NULL,NULL),(2932,'3633633666969','ABC SSEE 保護貼 ',1,0,20.0,444,NULL,'1',NULL,NULL),(2933,'3633633666969','ABC SSEE 保護貼 ',1,0,20.0,444,NULL,'1',NULL,NULL),(2934,'3633633666969','ABC SSEE 保護貼 ',1,0,20.0,444,NULL,'1',NULL,NULL),(2935,'3633633666969','ABC SSEE 保護貼 ',1,0,20.0,444,NULL,'1',NULL,NULL),(2936,'3633633666969','ABC SSEE 保護貼 ',1,0,20.0,444,NULL,'1',NULL,NULL),(2937,'3633633666969','ABC SSEE 保護貼 ',1,0,20.0,444,NULL,'1',NULL,NULL),(2938,'3633633666969','ABC SSEE 保護貼 ',1,0,20.0,444,NULL,'1',NULL,NULL),(2939,'3633633666969','ABC SSEE 保護貼 ',1,0,20.0,444,NULL,'1',NULL,NULL),(2940,'3633633666969','ABC SSEE 保護貼 ',1,0,20.0,444,NULL,'1',NULL,NULL),(2941,'3633633666969','ABC SSEE 保護貼 ',1,0,20.0,444,NULL,'1',NULL,NULL),(2942,'3633633666969','ABC SSEE 保護貼 ',1,0,20.0,444,NULL,'1',NULL,NULL),(2943,'3633633666969','ABC SSEE 保護貼 ',1,0,20.0,444,NULL,'1',NULL,NULL),(2944,'3633633666969','ABC SSEE 保護貼 ',1,0,20.0,444,NULL,'1',NULL,NULL),(2945,'3633633666969','ABC SSEE 保護貼 ',1,0,20.0,444,NULL,'1',NULL,NULL),(2946,'3633633666969','ABC SSEE 保護貼 ',1,0,20.0,444,NULL,'1',NULL,NULL),(2947,'3633633666969','ABC SSEE 保護貼 ',1,0,20.0,444,NULL,'1',NULL,NULL),(2948,'3633633666969','ABC SSEE 保護貼 ',1,0,20.0,444,NULL,'1',NULL,NULL),(2949,'3633633666969','ABC SSEE 保護貼 ',1,0,20.0,444,NULL,'1',NULL,NULL),(2950,'3633633666969','ABC SSEE 保護貼 ',1,0,20.0,444,NULL,'1',NULL,NULL),(2951,'3633633666969','ABC SSEE 保護貼 ',1,0,20.0,444,NULL,'1',NULL,NULL),(2952,'3633633666969','ABC SSEE 保護貼 ',1,0,20.0,444,NULL,'1',NULL,NULL),(2953,'3633633666969','ABC SSEE 保護貼 ',1,0,20.0,444,NULL,'1',NULL,NULL),(2954,'3633633666969','ABC SSEE 保護貼 ',1,0,20.0,444,NULL,'1',NULL,NULL),(2955,'3633633666969','ABC SSEE 保護貼 ',1,0,20.0,444,NULL,'1',NULL,NULL),(2956,'3633633666969','ABC SSEE 保護貼 ',1,0,20.0,444,NULL,'1',NULL,NULL),(2957,'3633633666969','ABC SSEE 保護貼 ',1,0,20.0,444,NULL,'1',NULL,NULL),(2958,'3633633666969','ABC SSEE 保護貼 ',1,0,20.0,444,NULL,'1',NULL,NULL),(2959,'3633633666969','ABC SSEE 保護貼 ',1,0,20.0,444,NULL,'1',NULL,NULL),(2960,'3633633666969','ABC SSEE 保護貼 ',1,0,20.0,445,NULL,'1',NULL,NULL),(2961,'3633633666969','ABC SSEE 保護貼 ',1,0,20.0,446,NULL,'1',NULL,NULL),(2962,'3633633666969','ABC SSEE 保護貼 ',1,0,20.0,446,NULL,'1',NULL,NULL),(2963,'3633633666969','ABC SSEE 保護貼 ',1,0,20.0,446,NULL,'1',NULL,NULL),(2964,'3633633666969','ABC SSEE 保護貼 ',1,0,20.0,446,NULL,'1',NULL,NULL),(2965,'3633633666969','ABC SSEE 保護貼 ',1,0,20.0,446,NULL,'1',NULL,NULL),(2966,'3633633666969','ABC SSEE 保護貼 ',1,0,20.0,446,NULL,'1',NULL,NULL),(2967,'3633633666969','ABC SSEE 保護貼 ',1,0,20.0,446,NULL,'1',NULL,NULL),(2968,'3633633666969','ABC SSEE 保護貼 ',1,0,20.0,446,NULL,'1',NULL,NULL),(2969,'3633633666969','ABC SSEE 保護貼 ',1,0,20.0,446,NULL,'1',NULL,NULL),(2970,'3633633666969','ABC SSEE 保護貼 ',1,0,20.0,446,NULL,'1',NULL,NULL),(2971,'3633633666969','ABC SSEE 保護貼 ',1,0,20.0,446,NULL,'1',NULL,NULL),(2972,'3633633666969','ABC SSEE 保護貼 ',1,0,20.0,446,NULL,'1',NULL,NULL),(2973,'3633633666969','ABC SSEE 保護貼 ',1,0,20.0,446,NULL,'1',NULL,NULL),(2974,'3633633666969','ABC SSEE 保護貼 ',1,0,20.0,446,NULL,'1',NULL,NULL),(2975,'3633633666969','ABC SSEE 保護貼 ',1,0,20.0,446,NULL,'1',NULL,NULL),(2976,'3633633666969','ABC SSEE 保護貼 ',1,0,20.0,446,NULL,'1',NULL,NULL),(2977,'3633633666969','ABC SSEE 保護貼 ',1,0,20.0,446,NULL,'1',NULL,NULL),(2978,'3633633666969','ABC SSEE 保護貼 ',1,0,20.0,446,NULL,'1',NULL,NULL),(2979,'3633633666969','ABC SSEE 保護貼 ',1,0,20.0,446,NULL,'1',NULL,NULL),(2980,'3633633666969','ABC SSEE 保護貼 ',1,0,20.0,446,NULL,'1',NULL,NULL),(2981,'3633633666969','ABC SSEE 保護貼 ',1,0,20.0,446,NULL,'1',NULL,NULL),(2982,'3633633666969','ABC SSEE 保護貼 ',1,0,20.0,446,NULL,'1',NULL,NULL),(2983,'3633633666969','ABC SSEE 保護貼 ',1,0,20.0,446,NULL,'1',NULL,NULL),(2984,'3633633666969','ABC SSEE 保護貼 ',1,0,20.0,446,NULL,'1',NULL,NULL),(2985,'3633633666969','ABC SSEE 保護貼 ',1,0,20.0,446,NULL,'1',NULL,NULL),(2986,'3633633666969','ABC SSEE 保護貼 ',1,0,20.0,446,NULL,'1',NULL,NULL),(2987,'3633633666969','ABC SSEE 保護貼 ',1,0,20.0,446,NULL,'1',NULL,NULL),(2988,'3633633666969','ABC SSEE 保護貼 ',1,0,20.0,446,NULL,'1',NULL,NULL),(2989,'3633633666969','ABC SSEE 保護貼 ',1,0,20.0,446,NULL,'1',NULL,NULL),(2990,'3633633666969','ABC SSEE 保護貼 ',1,0,20.0,446,NULL,'1',NULL,NULL),(2991,'3633633666969','ABC SSEE 保護貼 ',1,0,20.0,446,NULL,'1',NULL,NULL),(2992,'3633633666969','ABC SSEE 保護貼 ',1,0,20.0,446,NULL,'1',NULL,NULL),(2993,'3633633666969','ABC SSEE 保護貼 ',1,0,20.0,446,NULL,'1',NULL,NULL),(2994,'3633633666969','ABC SSEE 保護貼 ',1,0,20.0,446,NULL,'1',NULL,NULL),(2995,'3633633666969','ABC SSEE 保護貼 ',1,0,20.0,446,NULL,'1',NULL,NULL),(2996,'3633633666969','ABC SSEE 保護貼 ',1,0,20.0,446,NULL,'1',NULL,NULL),(2997,'3633633666969','ABC SSEE 保護貼 ',1,0,20.0,446,NULL,'1',NULL,NULL),(2998,'3633633666969','ABC SSEE 保護貼 ',1,0,20.0,446,NULL,'1',NULL,NULL),(2999,'3633633666969','ABC SSEE 保護貼 ',1,0,20.0,446,NULL,'1',NULL,NULL),(3000,'3633633666969','ABC SSEE 保護貼 ',1,0,20.0,446,NULL,'1',NULL,NULL),(3001,'3633633666969','ABC SSEE 保護貼 ',1,0,20.0,446,NULL,'1',NULL,NULL),(3002,'3633633666969','ABC SSEE 保護貼 ',1,0,20.0,447,NULL,'1',NULL,NULL),(3003,'3633633666969','ABC SSEE 保護貼 ',1,0,20.0,447,NULL,'1',NULL,NULL),(3004,'3633633666969','ABC SSEE 保護貼 ',1,0,20.0,447,NULL,'1',NULL,NULL),(3005,'3633633666969','ABC SSEE 保護貼 ',1,0,20.0,447,NULL,'1',NULL,NULL),(3006,'3633633666969','ABC SSEE 保護貼 ',1,0,20.0,447,NULL,'1',NULL,NULL),(3007,'3633633666969','ABC SSEE 保護貼 ',1,0,20.0,447,NULL,'1',NULL,NULL),(3008,'3633633666969','ABC SSEE 保護貼 ',1,0,20.0,447,NULL,'1',NULL,NULL),(3009,'3633633666969','ABC SSEE 保護貼 ',1,0,20.0,447,NULL,'1',NULL,NULL),(3010,'3633633666969','ABC SSEE 保護貼 ',1,0,20.0,447,NULL,'1',NULL,NULL),(3011,'3633633666969','ABC SSEE 保護貼 ',1,0,20.0,447,NULL,'1',NULL,NULL),(3012,'3633633666969','ABC SSEE 保護貼 ',1,0,20.0,447,NULL,'1',NULL,NULL),(3013,'3633633666969','ABC SSEE 保護貼 ',1,0,20.0,447,NULL,'1',NULL,NULL),(3014,'3633633666969','ABC SSEE 保護貼 ',1,0,20.0,447,NULL,'1',NULL,NULL),(3015,'3633633666969','ABC SSEE 保護貼 ',1,0,20.0,447,NULL,'1',NULL,NULL),(3016,'3633633666969','ABC SSEE 保護貼 ',1,0,20.0,447,NULL,'1',NULL,NULL),(3017,'3633633666969','ABC SSEE 保護貼 ',1,0,20.0,447,NULL,'1',NULL,NULL),(3018,'3633633666969','ABC SSEE 保護貼 ',1,0,20.0,447,NULL,'1',NULL,NULL),(3019,'3633633666969','ABC SSEE 保護貼 ',1,0,20.0,447,NULL,'1',NULL,NULL),(3020,'3633633666969','ABC SSEE 保護貼 ',1,0,20.0,447,NULL,'1',NULL,NULL),(3021,'3633633666969','ABC SSEE 保護貼 ',1,0,20.0,447,NULL,'1',NULL,NULL),(3022,'3633633666969','ABC SSEE 保護貼 ',1,0,20.0,447,NULL,'1',NULL,NULL),(3023,'3633633666969','ABC SSEE 保護貼 ',1,0,20.0,447,NULL,'1',NULL,NULL),(3024,'3633633666969','ABC SSEE 保護貼 ',1,0,20.0,447,NULL,'1',NULL,NULL),(3025,'3633633666969','ABC SSEE 保護貼 ',1,0,20.0,447,NULL,'1',NULL,NULL),(3026,'3633633666969','ABC SSEE 保護貼 ',1,0,20.0,447,NULL,'1',NULL,NULL),(3027,'3633633666969','ABC SSEE 保護貼 ',1,0,20.0,447,NULL,'1',NULL,NULL),(3028,'3633633666969','ABC SSEE 保護貼 ',1,0,20.0,447,NULL,'1',NULL,NULL),(3029,'3633633666969','ABC SSEE 保護貼 ',1,0,20.0,447,NULL,'1',NULL,NULL),(3030,'3633633666969','ABC SSEE 保護貼 ',1,0,20.0,447,NULL,'1',NULL,NULL),(3031,'3633633666969','ABC SSEE 保護貼 ',1,0,20.0,447,NULL,'1',NULL,NULL),(3032,'3633633666969','ABC SSEE 保護貼 ',1,0,20.0,447,NULL,'1',NULL,NULL),(3033,'3633633666969','ABC SSEE 保護貼 ',1,0,20.0,447,NULL,'1',NULL,NULL),(3034,'3633633666969','ABC SSEE 保護貼 ',1,0,20.0,447,NULL,'1',NULL,NULL),(3035,'3633633666969','ABC SSEE 保護貼 ',1,0,20.0,447,NULL,'1',NULL,NULL),(3036,'3633633666969','ABC SSEE 保護貼 ',1,0,20.0,447,NULL,'1',NULL,NULL),(3037,'3633633666969','ABC SSEE 保護貼 ',1,0,20.0,447,NULL,'1',NULL,NULL),(3038,'3633633666969','ABC SSEE 保護貼 ',1,0,20.0,447,NULL,'1',NULL,NULL),(3039,'3633633666969','ABC SSEE 保護貼 ',1,0,20.0,447,NULL,'1',NULL,NULL),(3040,'3633633666969','ABC SSEE 保護貼 ',1,0,20.0,447,NULL,'1',NULL,NULL),(3041,'3633633666969','ABC SSEE 保護貼 ',1,0,20.0,447,NULL,'1',NULL,NULL),(3042,'3633633666969','ABC SSEE 保護貼 ',1,0,20.0,447,NULL,'1',NULL,NULL),(3043,'3633633666969','ABC SSEE 保護貼 ',1,0,20.0,447,NULL,'1',NULL,NULL),(3044,'3633633666969','ABC SSEE 保護貼 ',1,0,20.0,448,NULL,'1',NULL,NULL),(3045,'3633633666969','ABC SSEE 保護貼 ',1,0,20.0,448,NULL,'1',NULL,NULL),(3046,'3633633666969','ABC SSEE 保護貼 ',1,0,20.0,448,NULL,'1',NULL,NULL),(3047,'3633633666969','ABC SSEE 保護貼 ',1,0,20.0,448,NULL,'1',NULL,NULL),(3048,'3633633666969','ABC SSEE 保護貼 ',1,0,20.0,448,NULL,'1',NULL,NULL),(3049,'3633633666969','ABC SSEE 保護貼 ',1,0,20.0,448,NULL,'1',NULL,NULL),(3050,'3633633666969','ABC SSEE 保護貼 ',1,0,20.0,448,NULL,'1',NULL,NULL),(3051,'3633633666969','ABC SSEE 保護貼 ',1,0,20.0,448,NULL,'1',NULL,NULL),(3052,'3633633666969','ABC SSEE 保護貼 ',1,0,20.0,448,NULL,'1',NULL,NULL),(3053,'3633633666969','ABC SSEE 保護貼 ',1,0,20.0,448,NULL,'1',NULL,NULL),(3054,'3633633666969','ABC SSEE 保護貼 ',1,0,20.0,448,NULL,'1',NULL,NULL),(3055,'3633633666969','ABC SSEE 保護貼 ',1,0,20.0,448,NULL,'1',NULL,NULL),(3056,'3633633666969','ABC SSEE 保護貼 ',1,0,20.0,448,NULL,'1',NULL,NULL),(3057,'3633633666969','ABC SSEE 保護貼 ',1,0,20.0,448,NULL,'1',NULL,NULL),(3058,'3633633666969','ABC SSEE 保護貼 ',1,0,20.0,448,NULL,'1',NULL,NULL),(3059,'3633633666969','ABC SSEE 保護貼 ',1,0,20.0,448,NULL,'1',NULL,NULL),(3060,'3633633666969','ABC SSEE 保護貼 ',1,0,20.0,448,NULL,'1',NULL,NULL),(3061,'3633633666969','ABC SSEE 保護貼 ',1,0,20.0,448,NULL,'1',NULL,NULL),(3062,'3633633666969','ABC SSEE 保護貼 ',1,0,20.0,448,NULL,'1',NULL,NULL),(3063,'3633633666969','ABC SSEE 保護貼 ',1,0,20.0,448,NULL,'1',NULL,NULL),(3064,'3633633666969','ABC SSEE 保護貼 ',1,0,20.0,448,NULL,'1',NULL,NULL),(3065,'3633633666969','ABC SSEE 保護貼 ',1,0,20.0,448,NULL,'1',NULL,NULL),(3066,'3633633666969','ABC SSEE 保護貼 ',1,0,20.0,448,NULL,'1',NULL,NULL),(3067,'3633633666969','ABC SSEE 保護貼 ',1,0,20.0,448,NULL,'1',NULL,NULL),(3068,'3633633666969','ABC SSEE 保護貼 ',1,0,20.0,448,NULL,'1',NULL,NULL),(3069,'3633633666969','ABC SSEE 保護貼 ',1,0,20.0,448,NULL,'1',NULL,NULL),(3070,'3633633666969','ABC SSEE 保護貼 ',1,0,20.0,448,NULL,'1',NULL,NULL),(3071,'3633633666969','ABC SSEE 保護貼 ',1,0,20.0,448,NULL,'1',NULL,NULL),(3072,'3633633666969','ABC SSEE 保護貼 ',1,0,20.0,448,NULL,'1',NULL,NULL),(3073,'3633633666969','ABC SSEE 保護貼 ',1,0,20.0,448,NULL,'1',NULL,NULL),(3074,'3633633666969','ABC SSEE 保護貼 ',1,0,20.0,448,NULL,'1',NULL,NULL),(3075,'3633633666969','ABC SSEE 保護貼 ',1,0,20.0,448,NULL,'1',NULL,NULL),(3076,'3633633666969','ABC SSEE 保護貼 ',1,0,20.0,448,NULL,'1',NULL,NULL),(3077,'3633633666969','ABC SSEE 保護貼 ',1,0,20.0,448,NULL,'1',NULL,NULL),(3078,'3633633666969','ABC SSEE 保護貼 ',1,0,20.0,448,NULL,'1',NULL,NULL),(3079,'3633633666969','ABC SSEE 保護貼 ',1,0,20.0,448,NULL,'1',NULL,NULL),(3080,'3633633666969','ABC SSEE 保護貼 ',1,0,20.0,448,NULL,'1',NULL,NULL),(3081,'3633633666969','ABC SSEE 保護貼 ',1,0,20.0,448,NULL,'1',NULL,NULL),(3082,'3633633666969','ABC SSEE 保護貼 ',1,0,20.0,448,NULL,'1',NULL,NULL),(3083,'3633633666969','ABC SSEE 保護貼 ',1,0,20.0,448,NULL,'1',NULL,NULL),(3084,'3633633666969','ABC SSEE 保護貼 ',1,0,20.0,448,NULL,'1',NULL,NULL),(3085,'3633633666969','ABC SSEE 保護貼 ',1,0,20.0,448,NULL,'1',NULL,NULL),(3086,'3633633666969','ABC SSEE 保護貼 ',1,0,20.0,448,NULL,'1',NULL,NULL),(3087,'3633633666969','ABC SSEE 保護貼 ',1,0,20.0,448,NULL,'1',NULL,NULL),(3088,'3633633666969','ABC SSEE 保護貼 ',1,0,20.0,449,NULL,'1',NULL,NULL),(3089,'3633633666969','ABC SSEE 保護貼 ',1,0,20.0,449,NULL,'1',NULL,NULL),(3090,'3633633666969','ABC SSEE 保護貼 ',1,0,20.0,449,NULL,'1',NULL,NULL),(3091,'3633633666969','ABC SSEE 保護貼 ',1,0,20.0,449,NULL,'1',NULL,NULL),(3092,'3633633666969','ABC SSEE 保護貼 ',1,0,20.0,449,NULL,'1',NULL,NULL),(3093,'3633633666969','ABC SSEE 保護貼 ',1,0,20.0,449,NULL,'1',NULL,NULL),(3094,'3633633666969','ABC SSEE 保護貼 ',1,0,20.0,449,NULL,'1',NULL,NULL),(3095,'3633633666969','ABC SSEE 保護貼 ',1,0,20.0,449,NULL,'1',NULL,NULL),(3096,'3633633666969','ABC SSEE 保護貼 ',1,0,20.0,449,NULL,'1',NULL,NULL),(3097,'3633633666969','ABC SSEE 保護貼 ',1,0,20.0,449,NULL,'1',NULL,NULL),(3098,'3633633666969','ABC SSEE 保護貼 ',1,0,20.0,449,NULL,'1',NULL,NULL),(3099,'3633633666969','ABC SSEE 保護貼 ',1,0,20.0,449,NULL,'1',NULL,NULL),(3100,'3633633666969','ABC SSEE 保護貼 ',1,0,20.0,449,NULL,'1',NULL,NULL),(3101,'3633633666969','ABC SSEE 保護貼 ',1,0,20.0,449,NULL,'1',NULL,NULL),(3102,'3633633666969','ABC SSEE 保護貼 ',1,0,20.0,449,NULL,'1',NULL,NULL),(3103,'3633633666969','ABC SSEE 保護貼 ',1,0,20.0,449,NULL,'1',NULL,NULL),(3104,'3633633666969','ABC SSEE 保護貼 ',1,0,20.0,449,NULL,'1',NULL,NULL),(3105,'3633633666969','ABC SSEE 保護貼 ',1,0,20.0,449,NULL,'1',NULL,NULL),(3106,'3633633666969','ABC SSEE 保護貼 ',1,0,20.0,449,NULL,'1',NULL,NULL),(3107,'3633633666969','ABC SSEE 保護貼 ',1,0,20.0,449,NULL,'1',NULL,NULL),(3108,'3633633666969','ABC SSEE 保護貼 ',1,0,20.0,449,NULL,'1',NULL,NULL),(3109,'3633633666969','ABC SSEE 保護貼 ',1,0,20.0,449,NULL,'1',NULL,NULL),(3110,'3633633666969','ABC SSEE 保護貼 ',1,0,20.0,449,NULL,'1',NULL,NULL),(3111,'3633633666969','ABC SSEE 保護貼 ',1,0,20.0,449,NULL,'1',NULL,NULL),(3112,'3633633666969','ABC SSEE 保護貼 ',1,0,20.0,449,NULL,'1',NULL,NULL),(3113,'3633633666969','ABC SSEE 保護貼 ',1,0,20.0,449,NULL,'1',NULL,NULL),(3114,'3633633666969','ABC SSEE 保護貼 ',1,0,20.0,449,NULL,'1',NULL,NULL),(3115,'3633633666969','ABC SSEE 保護貼 ',1,0,20.0,449,NULL,'1',NULL,NULL),(3116,'3633633666969','ABC SSEE 保護貼 ',1,0,20.0,449,NULL,'1',NULL,NULL),(3117,'3633633666969','ABC SSEE 保護貼 ',1,0,20.0,449,NULL,'1',NULL,NULL),(3118,'3633633666969','ABC SSEE 保護貼 ',1,0,20.0,449,NULL,'1',NULL,NULL),(3119,'3633633666969','ABC SSEE 保護貼 ',1,0,20.0,449,NULL,'1',NULL,NULL),(3120,'3633633666969','ABC SSEE 保護貼 ',1,0,20.0,449,NULL,'1',NULL,NULL),(3121,'3633633666969','ABC SSEE 保護貼 ',1,0,20.0,449,NULL,'1',NULL,NULL),(3122,'3633633666969','ABC SSEE 保護貼 ',1,0,20.0,449,NULL,'1',NULL,NULL),(3123,'3633633666969','ABC SSEE 保護貼 ',1,0,20.0,449,NULL,'1',NULL,NULL),(3124,'3633633666969','ABC SSEE 保護貼 ',1,0,20.0,449,NULL,'1',NULL,NULL),(3125,'3633633666969','ABC SSEE 保護貼 ',1,0,20.0,449,NULL,'1',NULL,NULL),(3126,'3633633666969','ABC SSEE 保護貼 ',1,0,20.0,450,NULL,'1',NULL,NULL),(3127,'3633633666969','ABC SSEE 保護貼 ',1,0,20.0,450,NULL,'1',NULL,NULL),(3128,'3633633666969','ABC SSEE 保護貼 ',1,0,20.0,450,NULL,'1',NULL,NULL),(3129,'3633633666969','ABC SSEE 保護貼 ',1,0,20.0,450,NULL,'1',NULL,NULL),(3130,'3633633666969','ABC SSEE 保護貼 ',1,0,20.0,450,NULL,'1',NULL,NULL),(3131,'3633633666969','ABC SSEE 保護貼 ',1,0,20.0,450,NULL,'1',NULL,NULL),(3132,'3633633666969','ABC SSEE 保護貼 ',1,0,20.0,450,NULL,'1',NULL,NULL),(3133,'3633633666969','ABC SSEE 保護貼 ',1,0,20.0,450,NULL,'1',NULL,NULL),(3134,'3633633666969','ABC SSEE 保護貼 ',1,0,20.0,450,NULL,'1',NULL,NULL),(3135,'3633633666969','ABC SSEE 保護貼 ',1,0,20.0,450,NULL,'1',NULL,NULL),(3136,'3633633666969','ABC SSEE 保護貼 ',1,0,20.0,450,NULL,'1',NULL,NULL),(3137,'3633633666969','ABC SSEE 保護貼 ',1,0,20.0,450,NULL,'1',NULL,NULL),(3138,'3633633666969','ABC SSEE 保護貼 ',1,0,20.0,450,NULL,'1',NULL,NULL),(3139,'3633633666969','ABC SSEE 保護貼 ',1,0,20.0,450,NULL,'1',NULL,NULL),(3140,'3633633666969','ABC SSEE 保護貼 ',1,0,20.0,450,NULL,'1',NULL,NULL),(3141,'3633633666969','ABC SSEE 保護貼 ',1,0,20.0,450,NULL,'1',NULL,NULL),(3142,'3633633666969','ABC SSEE 保護貼 ',1,0,20.0,450,NULL,'1',NULL,NULL),(3143,'3633633666969','ABC SSEE 保護貼 ',1,0,20.0,450,NULL,'1',NULL,NULL),(3144,'3633633666969','ABC SSEE 保護貼 ',1,0,20.0,450,NULL,'1',NULL,NULL),(3145,'3633633666969','ABC SSEE 保護貼 ',1,0,20.0,450,NULL,'1',NULL,NULL),(3146,'3633633666969','ABC SSEE 保護貼 ',1,0,20.0,450,NULL,'1',NULL,NULL),(3147,'3633633666969','ABC SSEE 保護貼 ',1,0,20.0,450,NULL,'1',NULL,NULL),(3148,'3633633666969','ABC SSEE 保護貼 ',1,0,20.0,450,NULL,'1',NULL,NULL),(3149,'3633633666969','ABC SSEE 保護貼 ',1,0,20.0,450,NULL,'1',NULL,NULL),(3150,'3633633666969','ABC SSEE 保護貼 ',1,0,20.0,450,NULL,'1',NULL,NULL),(3151,'3633633666969','ABC SSEE 保護貼 ',1,0,20.0,450,NULL,'1',NULL,NULL),(3152,'3633633666969','ABC SSEE 保護貼 ',1,0,20.0,450,NULL,'1',NULL,NULL),(3153,'3633633666969','ABC SSEE 保護貼 ',1,0,20.0,450,NULL,'1',NULL,NULL),(3154,'3633633666969','ABC SSEE 保護貼 ',1,0,20.0,450,NULL,'1',NULL,NULL),(3155,'3633633666969','ABC SSEE 保護貼 ',1,0,20.0,450,NULL,'1',NULL,NULL),(3156,'3633633666969','ABC SSEE 保護貼 ',1,0,20.0,450,NULL,'1',NULL,NULL),(3157,'3633633666969','ABC SSEE 保護貼 ',1,0,20.0,450,NULL,'1',NULL,NULL),(3158,'3633633666969','ABC SSEE 保護貼 ',1,0,20.0,450,NULL,'1',NULL,NULL),(3159,'3633633666969','ABC SSEE 保護貼 ',1,0,20.0,450,NULL,'1',NULL,NULL),(3160,'3633633666969','ABC SSEE 保護貼 ',1,0,20.0,450,NULL,'1',NULL,NULL),(3161,'3633633666969','ABC SSEE 保護貼 ',1,0,20.0,450,NULL,'1',NULL,NULL),(3162,'3633633666969','ABC SSEE 保護貼 ',1,0,20.0,450,NULL,'1',NULL,NULL),(3163,'3633633666969','ABC SSEE 保護貼 ',1,0,20.0,450,NULL,'1',NULL,NULL),(3164,'3633633666969','ABC SSEE 保護貼 ',1,0,20.0,450,NULL,'1',NULL,NULL),(3165,'3633633666969','ABC SSEE 保護貼 ',1,0,20.0,451,NULL,'1',NULL,NULL),(3166,'3633633666969','ABC SSEE 保護貼 ',1,0,20.0,451,NULL,'1',NULL,NULL),(3167,'3633633666969','ABC SSEE 保護貼 ',1,0,20.0,451,NULL,'1',NULL,NULL),(3168,'3633633666969','ABC SSEE 保護貼 ',1,0,20.0,451,NULL,'1',NULL,NULL),(3169,'3633633666969','ABC SSEE 保護貼 ',1,0,20.0,451,NULL,'1',NULL,NULL),(3170,'3633633666969','ABC SSEE 保護貼 ',1,0,20.0,451,NULL,'1',NULL,NULL),(3171,'3633633666969','ABC SSEE 保護貼 ',1,0,20.0,451,NULL,'1',NULL,NULL),(3172,'3633633666969','ABC SSEE 保護貼 ',1,0,20.0,451,NULL,'1',NULL,NULL),(3173,'3633633666969','ABC SSEE 保護貼 ',1,0,20.0,451,NULL,'1',NULL,NULL),(3174,'3633633666969','ABC SSEE 保護貼 ',1,0,20.0,451,NULL,'1',NULL,NULL),(3175,'3633633666969','ABC SSEE 保護貼 ',1,0,20.0,451,NULL,'1',NULL,NULL),(3176,'3633633666969','ABC SSEE 保護貼 ',1,0,20.0,451,NULL,'1',NULL,NULL),(3177,'3633633666969','ABC SSEE 保護貼 ',1,0,20.0,451,NULL,'1',NULL,NULL),(3178,'3633633666969','ABC SSEE 保護貼 ',1,0,20.0,451,NULL,'1',NULL,NULL),(3179,'3633633666969','ABC SSEE 保護貼 ',1,0,20.0,451,NULL,'1',NULL,NULL),(3180,'3633633666969','ABC SSEE 保護貼 ',1,0,20.0,451,NULL,'1',NULL,NULL),(3181,'3633633666969','ABC SSEE 保護貼 ',1,0,20.0,451,NULL,'1',NULL,NULL),(3182,'3633633666969','ABC SSEE 保護貼 ',1,0,20.0,451,NULL,'1',NULL,NULL),(3183,'3633633666969','ABC SSEE 保護貼 ',1,0,20.0,451,NULL,'1',NULL,NULL),(3184,'3633633666969','ABC SSEE 保護貼 ',1,0,20.0,451,NULL,'1',NULL,NULL),(3185,'3633633666969','ABC SSEE 保護貼 ',1,0,20.0,451,NULL,'1',NULL,NULL),(3186,'3633633666969','ABC SSEE 保護貼 ',1,0,20.0,451,NULL,'1',NULL,NULL),(3187,'3633633666969','ABC SSEE 保護貼 ',1,0,20.0,451,NULL,'1',NULL,NULL),(3188,'3633633666969','ABC SSEE 保護貼 ',1,0,20.0,451,NULL,'1',NULL,NULL),(3189,'3633633666969','ABC SSEE 保護貼 ',1,0,20.0,451,NULL,'1',NULL,NULL),(3190,'3633633666969','ABC SSEE 保護貼 ',1,0,20.0,451,NULL,'1',NULL,NULL),(3191,'3633633666969','ABC SSEE 保護貼 ',1,0,20.0,451,NULL,'1',NULL,NULL),(3192,'3633633666969','ABC SSEE 保護貼 ',1,0,20.0,451,NULL,'1',NULL,NULL),(3193,'3633633666969','ABC SSEE 保護貼 ',1,0,20.0,451,NULL,'1',NULL,NULL),(3194,'3633633666969','ABC SSEE 保護貼 ',1,0,20.0,451,NULL,'1',NULL,NULL),(3195,'3633633666969','ABC SSEE 保護貼 ',1,0,20.0,451,NULL,'1',NULL,NULL),(3196,'3633633666969','ABC SSEE 保護貼 ',1,0,20.0,451,NULL,'1',NULL,NULL),(3197,'3633633666969','ABC SSEE 保護貼 ',1,0,20.0,451,NULL,'1',NULL,NULL),(3198,'3633633666969','ABC SSEE 保護貼 ',1,0,20.0,451,NULL,'1',NULL,NULL),(3199,'3633633666969','ABC SSEE 保護貼 ',1,0,20.0,451,NULL,'1',NULL,NULL),(3200,'3633633666969','ABC SSEE 保護貼 ',1,0,20.0,451,NULL,'1',NULL,NULL),(3201,'3633633666969','ABC SSEE 保護貼 ',1,0,20.0,451,NULL,'1',NULL,NULL),(3202,'3633633666969','ABC SSEE 保護貼 ',1,0,20.0,451,NULL,'1',NULL,NULL),(3203,'3633633666969','ABC SSEE 保護貼 ',1,0,20.0,451,NULL,'1',NULL,NULL),(3204,'3633633666969','ABC SSEE 保護貼 ',1,0,20.0,451,NULL,'1',NULL,NULL),(3205,'3633633666969','ABC SSEE 保護貼 ',1,0,20.0,452,NULL,'1',NULL,NULL),(3206,'3633633666969','ABC SSEE 保護貼 ',1,0,20.0,452,NULL,'1',NULL,NULL),(3207,'3633633666969','ABC SSEE 保護貼 ',1,0,20.0,452,NULL,'1',NULL,NULL),(3208,'3633633666969','ABC SSEE 保護貼 ',1,0,20.0,452,NULL,'1',NULL,NULL),(3209,'3633633666969','ABC SSEE 保護貼 ',1,0,20.0,452,NULL,'1',NULL,NULL),(3210,'3633633666969','ABC SSEE 保護貼 ',1,0,20.0,452,NULL,'1',NULL,NULL),(3211,'3633633666969','ABC SSEE 保護貼 ',1,0,20.0,452,NULL,'1',NULL,NULL),(3212,'3633633666969','ABC SSEE 保護貼 ',1,0,20.0,452,NULL,'1',NULL,NULL),(3213,'3633633666969','ABC SSEE 保護貼 ',1,0,20.0,452,NULL,'1',NULL,NULL),(3214,'3633633666969','ABC SSEE 保護貼 ',1,0,20.0,452,NULL,'1',NULL,NULL),(3215,'3633633666969','ABC SSEE 保護貼 ',1,0,20.0,452,NULL,'1',NULL,NULL),(3216,'3633633666969','ABC SSEE 保護貼 ',1,0,20.0,452,NULL,'1',NULL,NULL),(3217,'3633633666969','ABC SSEE 保護貼 ',1,0,20.0,452,NULL,'1',NULL,NULL),(3218,'3633633666969','ABC SSEE 保護貼 ',1,0,20.0,452,NULL,'1',NULL,NULL),(3219,'3633633666969','ABC SSEE 保護貼 ',1,0,20.0,452,NULL,'1',NULL,NULL),(3220,'3633633666969','ABC SSEE 保護貼 ',1,0,20.0,452,NULL,'1',NULL,NULL),(3221,'3633633666969','ABC SSEE 保護貼 ',1,0,20.0,452,NULL,'1',NULL,NULL),(3222,'3633633666969','ABC SSEE 保護貼 ',1,0,20.0,452,NULL,'1',NULL,NULL),(3223,'3633633666969','ABC SSEE 保護貼 ',1,0,20.0,452,NULL,'1',NULL,NULL),(3224,'3633633666969','ABC SSEE 保護貼 ',1,0,20.0,452,NULL,'1',NULL,NULL),(3225,'3633633666969','ABC SSEE 保護貼 ',1,0,20.0,452,NULL,'1',NULL,NULL),(3226,'3633633666969','ABC SSEE 保護貼 ',1,0,20.0,452,NULL,'1',NULL,NULL),(3227,'3633633666969','ABC SSEE 保護貼 ',1,0,20.0,452,NULL,'1',NULL,NULL),(3228,'3633633666969','ABC SSEE 保護貼 ',1,0,20.0,452,NULL,'1',NULL,NULL),(3229,'3633633666969','ABC SSEE 保護貼 ',1,0,20.0,452,NULL,'1',NULL,NULL),(3230,'3633633666969','ABC SSEE 保護貼 ',1,0,20.0,452,NULL,'1',NULL,NULL),(3231,'3633633666969','ABC SSEE 保護貼 ',1,0,20.0,452,NULL,'1',NULL,NULL),(3232,'3633633666969','ABC SSEE 保護貼 ',1,0,20.0,452,NULL,'1',NULL,NULL),(3233,'3633633666969','ABC SSEE 保護貼 ',1,0,20.0,452,NULL,'1',NULL,NULL),(3234,'3633633666969','ABC SSEE 保護貼 ',1,0,20.0,452,NULL,'1',NULL,NULL),(3235,'3633633666969','ABC SSEE 保護貼 ',1,0,20.0,452,NULL,'1',NULL,NULL),(3236,'3633633666969','ABC SSEE 保護貼 ',1,0,20.0,452,NULL,'1',NULL,NULL),(3237,'3633633666969','ABC SSEE 保護貼 ',1,0,20.0,452,NULL,'1',NULL,NULL),(3238,'3633633666969','ABC SSEE 保護貼 ',1,0,20.0,452,NULL,'1',NULL,NULL),(3239,'3633633666969','ABC SSEE 保護貼 ',1,0,20.0,452,NULL,'1',NULL,NULL),(3240,'3633633666969','ABC SSEE 保護貼 ',1,0,20.0,452,NULL,'1',NULL,NULL),(3241,'3633633666969','ABC SSEE 保護貼 ',1,0,20.0,452,NULL,'1',NULL,NULL),(3242,'3633633666969','ABC SSEE 保護貼 ',1,0,20.0,452,NULL,'1',NULL,NULL),(3243,'3633633666969','ABC SSEE 保護貼 ',1,0,20.0,452,NULL,'1',NULL,NULL),(3244,'3633633666969','ABC SSEE 保護貼 ',1,0,20.0,452,NULL,'1',NULL,NULL),(3245,'3633633666969','ABC SSEE 保護貼 ',1,0,20.0,453,NULL,'1',NULL,NULL),(3246,'3633633666969','ABC SSEE 保護貼 ',1,0,20.0,453,NULL,'1',NULL,NULL),(3247,'3633633666969','ABC SSEE 保護貼 ',1,0,20.0,453,NULL,'1',NULL,NULL),(3248,'3633633666969','ABC SSEE 保護貼 ',1,0,20.0,453,NULL,'1',NULL,NULL),(3249,'3633633666969','ABC SSEE 保護貼 ',1,0,20.0,453,NULL,'1',NULL,NULL),(3250,'3633633666969','ABC SSEE 保護貼 ',1,0,20.0,453,NULL,'1',NULL,NULL),(3251,'3633633666969','ABC SSEE 保護貼 ',1,0,20.0,453,NULL,'1',NULL,NULL),(3252,'3633633666969','ABC SSEE 保護貼 ',1,0,20.0,453,NULL,'1',NULL,NULL),(3253,'3633633666969','ABC SSEE 保護貼 ',1,0,20.0,453,NULL,'1',NULL,NULL),(3254,'3633633666969','ABC SSEE 保護貼 ',1,0,20.0,453,NULL,'1',NULL,NULL),(3255,'3633633666969','ABC SSEE 保護貼 ',1,0,20.0,453,NULL,'1',NULL,NULL),(3256,'3633633666969','ABC SSEE 保護貼 ',1,0,20.0,453,NULL,'1',NULL,NULL),(3257,'3633633666969','ABC SSEE 保護貼 ',1,0,20.0,453,NULL,'1',NULL,NULL),(3258,'3633633666969','ABC SSEE 保護貼 ',1,0,20.0,453,NULL,'1',NULL,NULL),(3259,'3633633666969','ABC SSEE 保護貼 ',1,0,20.0,453,NULL,'1',NULL,NULL),(3260,'3633633666969','ABC SSEE 保護貼 ',1,0,20.0,453,NULL,'1',NULL,NULL),(3261,'3633633666969','ABC SSEE 保護貼 ',1,0,20.0,453,NULL,'1',NULL,NULL),(3262,'3633633666969','ABC SSEE 保護貼 ',1,0,20.0,453,NULL,'1',NULL,NULL),(3263,'3633633666969','ABC SSEE 保護貼 ',1,0,20.0,453,NULL,'1',NULL,NULL),(3264,'3633633666969','ABC SSEE 保護貼 ',1,0,20.0,453,NULL,'1',NULL,NULL),(3265,'3633633666969','ABC SSEE 保護貼 ',1,0,20.0,453,NULL,'1',NULL,NULL),(3266,'3633633666969','ABC SSEE 保護貼 ',1,0,20.0,453,NULL,'1',NULL,NULL),(3267,'3633633666969','ABC SSEE 保護貼 ',1,0,20.0,453,NULL,'1',NULL,NULL),(3268,'3633633666969','ABC SSEE 保護貼 ',1,0,20.0,453,NULL,'1',NULL,NULL),(3269,'3633633666969','ABC SSEE 保護貼 ',1,0,20.0,453,NULL,'1',NULL,NULL),(3270,'3633633666969','ABC SSEE 保護貼 ',1,0,20.0,453,NULL,'1',NULL,NULL),(3271,'3633633666969','ABC SSEE 保護貼 ',1,0,20.0,453,NULL,'1',NULL,NULL),(3272,'3633633666969','ABC SSEE 保護貼 ',1,0,20.0,453,NULL,'1',NULL,NULL),(3273,'3633633666969','ABC SSEE 保護貼 ',1,0,20.0,453,NULL,'1',NULL,NULL),(3274,'3633633666969','ABC SSEE 保護貼 ',1,0,20.0,453,NULL,'1',NULL,NULL),(3275,'3633633666969','ABC SSEE 保護貼 ',1,0,20.0,453,NULL,'1',NULL,NULL),(3276,'3633633666969','ABC SSEE 保護貼 ',1,0,20.0,453,NULL,'1',NULL,NULL),(3277,'3633633666969','ABC SSEE 保護貼 ',1,0,20.0,453,NULL,'1',NULL,NULL),(3278,'3633633666969','ABC SSEE 保護貼 ',1,0,20.0,453,NULL,'1',NULL,NULL),(3279,'3633633666969','ABC SSEE 保護貼 ',1,0,20.0,453,NULL,'1',NULL,NULL),(3280,'3633633666969','ABC SSEE 保護貼 ',1,0,20.0,453,NULL,'1',NULL,NULL),(3281,'3633633666969','ABC SSEE 保護貼 ',1,0,20.0,453,NULL,'1',NULL,NULL),(3282,'3633633666969','ABC SSEE 保護貼 ',1,0,20.0,453,NULL,'1',NULL,NULL),(3283,'3633633666969','ABC SSEE 保護貼 ',1,0,20.0,453,NULL,'1',NULL,NULL),(3284,'3633633666969','ABC SSEE 保護貼 ',1,0,20.0,453,NULL,'1',NULL,NULL),(3285,'3633633666969','ABC SSEE 保護貼 ',1,0,20.0,453,NULL,'1',NULL,NULL),(3286,'3633633666969','ABC SSEE 保護貼 ',1,0,20.0,453,NULL,'1',NULL,NULL),(3287,'3633633666969','ABC SSEE 保護貼 ',1,0,20.0,454,NULL,'1',NULL,NULL),(3288,'3633633666969','ABC SSEE 保護貼 ',1,0,20.0,454,NULL,'1',NULL,NULL),(3289,'3633633666969','ABC SSEE 保護貼 ',1,0,20.0,454,NULL,'1',NULL,NULL),(3290,'3633633666969','ABC SSEE 保護貼 ',1,0,20.0,454,NULL,'1',NULL,NULL),(3291,'3633633666969','ABC SSEE 保護貼 ',1,0,20.0,454,NULL,'1',NULL,NULL),(3292,'3633633666969','ABC SSEE 保護貼 ',1,0,20.0,454,NULL,'1',NULL,NULL),(3293,'3633633666969','ABC SSEE 保護貼 ',1,0,20.0,454,NULL,'1',NULL,NULL),(3294,'3633633666969','ABC SSEE 保護貼 ',1,0,20.0,454,NULL,'1',NULL,NULL),(3295,'3633633666969','ABC SSEE 保護貼 ',1,0,20.0,454,NULL,'1',NULL,NULL),(3296,'3633633666969','ABC SSEE 保護貼 ',1,0,20.0,454,NULL,'1',NULL,NULL),(3297,'3633633666969','ABC SSEE 保護貼 ',1,0,20.0,454,NULL,'1',NULL,NULL),(3298,'3633633666969','ABC SSEE 保護貼 ',1,0,20.0,454,NULL,'1',NULL,NULL),(3299,'3633633666969','ABC SSEE 保護貼 ',1,0,20.0,454,NULL,'1',NULL,NULL),(3300,'3633633666969','ABC SSEE 保護貼 ',1,0,20.0,454,NULL,'1',NULL,NULL),(3301,'3633633666969','ABC SSEE 保護貼 ',1,0,20.0,454,NULL,'1',NULL,NULL),(3302,'3633633666969','ABC SSEE 保護貼 ',1,0,20.0,454,NULL,'1',NULL,NULL),(3303,'3633633666969','ABC SSEE 保護貼 ',1,0,20.0,454,NULL,'1',NULL,NULL),(3304,'3633633666969','ABC SSEE 保護貼 ',1,0,20.0,454,NULL,'1',NULL,NULL),(3305,'3633633666969','ABC SSEE 保護貼 ',1,0,20.0,454,NULL,'1',NULL,NULL),(3306,'3633633666969','ABC SSEE 保護貼 ',1,0,20.0,454,NULL,'1',NULL,NULL),(3307,'3633633666969','ABC SSEE 保護貼 ',1,0,20.0,454,NULL,'1',NULL,NULL),(3308,'3633633666969','ABC SSEE 保護貼 ',1,0,20.0,454,NULL,'1',NULL,NULL),(3309,'3633633666969','ABC SSEE 保護貼 ',1,0,20.0,454,NULL,'1',NULL,NULL),(3310,'3633633666969','ABC SSEE 保護貼 ',1,0,20.0,454,NULL,'1',NULL,NULL),(3311,'3633633666969','ABC SSEE 保護貼 ',1,0,20.0,454,NULL,'1',NULL,NULL),(3312,'3633633666969','ABC SSEE 保護貼 ',1,0,20.0,454,NULL,'1',NULL,NULL),(3313,'3633633666969','ABC SSEE 保護貼 ',1,0,20.0,454,NULL,'1',NULL,NULL),(3314,'3633633666969','ABC SSEE 保護貼 ',1,0,20.0,454,NULL,'1',NULL,NULL),(3315,'3633633666969','ABC SSEE 保護貼 ',1,0,20.0,454,NULL,'1',NULL,NULL),(3316,'3633633666969','ABC SSEE 保護貼 ',1,0,20.0,454,NULL,'1',NULL,NULL),(3317,'3633633666969','ABC SSEE 保護貼 ',1,0,20.0,454,NULL,'1',NULL,NULL),(3318,'3633633666969','ABC SSEE 保護貼 ',1,0,20.0,454,NULL,'1',NULL,NULL),(3319,'3633633666969','ABC SSEE 保護貼 ',1,0,20.0,454,NULL,'1',NULL,NULL),(3320,'3633633666969','ABC SSEE 保護貼 ',1,0,20.0,454,NULL,'1',NULL,NULL),(3321,'3633633666969','ABC SSEE 保護貼 ',1,0,20.0,454,NULL,'1',NULL,NULL),(3322,'3633633666969','ABC SSEE 保護貼 ',1,0,20.0,454,NULL,'1',NULL,NULL),(3323,'3633633666969','ABC SSEE 保護貼 ',1,0,20.0,454,NULL,'1',NULL,NULL),(3324,'3633633666969','ABC SSEE 保護貼 ',1,0,20.0,454,NULL,'1',NULL,NULL),(3325,'3633633666969','ABC SSEE 保護貼 ',1,0,20.0,454,NULL,'1',NULL,NULL),(3326,'3633633666969','ABC SSEE 保護貼 ',1,0,20.0,454,NULL,'1',NULL,NULL),(3327,'3633633666969','ABC SSEE 保護貼 ',1,0,20.0,455,NULL,'1',NULL,NULL),(3328,'3633633666969','ABC SSEE 保護貼 ',1,0,20.0,455,NULL,'1',NULL,NULL),(3329,'3633633666969','ABC SSEE 保護貼 ',1,0,20.0,455,NULL,'1',NULL,NULL),(3330,'3633633666969','ABC SSEE 保護貼 ',1,0,20.0,455,NULL,'1',NULL,NULL),(3331,'3633633666969','ABC SSEE 保護貼 ',1,0,20.0,455,NULL,'1',NULL,NULL),(3332,'3633633666969','ABC SSEE 保護貼 ',1,0,20.0,455,NULL,'1',NULL,NULL),(3333,'3633633666969','ABC SSEE 保護貼 ',1,0,20.0,455,NULL,'1',NULL,NULL),(3334,'3633633666969','ABC SSEE 保護貼 ',1,0,20.0,455,NULL,'1',NULL,NULL),(3335,'3633633666969','ABC SSEE 保護貼 ',1,0,20.0,455,NULL,'1',NULL,NULL),(3336,'3633633666969','ABC SSEE 保護貼 ',1,0,20.0,455,NULL,'1',NULL,NULL),(3337,'3633633666969','ABC SSEE 保護貼 ',1,0,20.0,455,NULL,'1',NULL,NULL),(3338,'3633633666969','ABC SSEE 保護貼 ',1,0,20.0,455,NULL,'1',NULL,NULL),(3339,'3633633666969','ABC SSEE 保護貼 ',1,0,20.0,455,NULL,'1',NULL,NULL),(3340,'3633633666969','ABC SSEE 保護貼 ',1,0,20.0,455,NULL,'1',NULL,NULL),(3341,'3633633666969','ABC SSEE 保護貼 ',1,0,20.0,455,NULL,'1',NULL,NULL),(3342,'3633633666969','ABC SSEE 保護貼 ',1,0,20.0,455,NULL,'1',NULL,NULL),(3343,'3633633666969','ABC SSEE 保護貼 ',1,0,20.0,455,NULL,'1',NULL,NULL),(3344,'3633633666969','ABC SSEE 保護貼 ',1,0,20.0,455,NULL,'1',NULL,NULL),(3345,'3633633666969','ABC SSEE 保護貼 ',1,0,20.0,455,NULL,'1',NULL,NULL),(3346,'3633633666969','ABC SSEE 保護貼 ',1,0,20.0,455,NULL,'1',NULL,NULL),(3347,'3633633666969','ABC SSEE 保護貼 ',1,0,20.0,455,NULL,'1',NULL,NULL),(3348,'3633633666969','ABC SSEE 保護貼 ',1,0,20.0,455,NULL,'1',NULL,NULL),(3349,'3633633666969','ABC SSEE 保護貼 ',1,0,20.0,455,NULL,'1',NULL,NULL),(3350,'3633633666969','ABC SSEE 保護貼 ',1,0,20.0,455,NULL,'1',NULL,NULL),(3351,'3633633666969','ABC SSEE 保護貼 ',1,0,20.0,455,NULL,'1',NULL,NULL),(3352,'3633633666969','ABC SSEE 保護貼 ',1,0,20.0,455,NULL,'1',NULL,NULL),(3353,'3633633666969','ABC SSEE 保護貼 ',1,0,20.0,455,NULL,'1',NULL,NULL),(3354,'3633633666969','ABC SSEE 保護貼 ',1,0,20.0,455,NULL,'1',NULL,NULL),(3355,'3633633666969','ABC SSEE 保護貼 ',1,0,20.0,455,NULL,'1',NULL,NULL),(3356,'3633633666969','ABC SSEE 保護貼 ',1,0,20.0,455,NULL,'1',NULL,NULL),(3357,'3633633666969','ABC SSEE 保護貼 ',1,0,20.0,455,NULL,'1',NULL,NULL),(3358,'3633633666969','ABC SSEE 保護貼 ',1,0,20.0,455,NULL,'1',NULL,NULL),(3359,'3633633666969','ABC SSEE 保護貼 ',1,0,20.0,455,NULL,'1',NULL,NULL),(3360,'3633633666969','ABC SSEE 保護貼 ',1,0,20.0,455,NULL,'1',NULL,NULL),(3361,'3633633666969','ABC SSEE 保護貼 ',1,0,20.0,455,NULL,'1',NULL,NULL),(3362,'3633633666969','ABC SSEE 保護貼 ',1,0,20.0,455,NULL,'1',NULL,NULL),(3363,'3633633666969','ABC SSEE 保護貼 ',1,0,20.0,455,NULL,'1',NULL,NULL),(3364,'3633633666969','ABC SSEE 保護貼 ',1,0,20.0,455,NULL,'1',NULL,NULL),(3365,'3633633666969','ABC SSEE 保護貼 ',1,0,20.0,455,NULL,'1',NULL,NULL),(3366,'3633633666969','ABC SSEE 保護貼 ',1,0,20.0,455,NULL,'1',NULL,NULL),(3367,'3633633666969','ABC SSEE 保護貼 ',1,0,20.0,456,NULL,'1',NULL,NULL),(3368,'3633633666969','ABC SSEE 保護貼 ',1,0,20.0,456,NULL,'1',NULL,NULL),(3369,'3633633666969','ABC SSEE 保護貼 ',1,0,20.0,456,NULL,'1',NULL,NULL),(3370,'3633633666969','ABC SSEE 保護貼 ',1,0,20.0,456,NULL,'1',NULL,NULL),(3371,'3633633666969','ABC SSEE 保護貼 ',1,0,20.0,456,NULL,'1',NULL,NULL),(3372,'3633633666969','ABC SSEE 保護貼 ',1,0,20.0,456,NULL,'1',NULL,NULL),(3373,'3633633666969','ABC SSEE 保護貼 ',1,0,20.0,456,NULL,'1',NULL,NULL),(3374,'3633633666969','ABC SSEE 保護貼 ',1,0,20.0,456,NULL,'1',NULL,NULL),(3375,'3633633666969','ABC SSEE 保護貼 ',1,0,20.0,456,NULL,'1',NULL,NULL),(3376,'3633633666969','ABC SSEE 保護貼 ',1,0,20.0,456,NULL,'1',NULL,NULL),(3377,'3633633666969','ABC SSEE 保護貼 ',1,0,20.0,456,NULL,'1',NULL,NULL),(3378,'3633633666969','ABC SSEE 保護貼 ',1,0,20.0,456,NULL,'1',NULL,NULL),(3379,'3633633666969','ABC SSEE 保護貼 ',1,0,20.0,456,NULL,'1',NULL,NULL),(3380,'3633633666969','ABC SSEE 保護貼 ',1,0,20.0,456,NULL,'1',NULL,NULL),(3381,'3633633666969','ABC SSEE 保護貼 ',1,0,20.0,456,NULL,'1',NULL,NULL),(3382,'3633633666969','ABC SSEE 保護貼 ',1,0,20.0,456,NULL,'1',NULL,NULL),(3383,'3633633666969','ABC SSEE 保護貼 ',1,0,20.0,456,NULL,'1',NULL,NULL),(3384,'3633633666969','ABC SSEE 保護貼 ',1,0,20.0,456,NULL,'1',NULL,NULL),(3385,'3633633666969','ABC SSEE 保護貼 ',1,0,20.0,456,NULL,'1',NULL,NULL),(3386,'3633633666969','ABC SSEE 保護貼 ',1,0,20.0,456,NULL,'1',NULL,NULL),(3387,'3633633666969','ABC SSEE 保護貼 ',1,0,20.0,456,NULL,'1',NULL,NULL),(3388,'3633633666969','ABC SSEE 保護貼 ',1,0,20.0,456,NULL,'1',NULL,NULL),(3389,'3633633666969','ABC SSEE 保護貼 ',1,0,20.0,456,NULL,'1',NULL,NULL),(3390,'3633633666969','ABC SSEE 保護貼 ',1,0,20.0,456,NULL,'1',NULL,NULL),(3391,'3633633666969','ABC SSEE 保護貼 ',1,0,20.0,456,NULL,'1',NULL,NULL),(3392,'3633633666969','ABC SSEE 保護貼 ',1,0,20.0,456,NULL,'1',NULL,NULL),(3393,'3633633666969','ABC SSEE 保護貼 ',1,0,20.0,456,NULL,'1',NULL,NULL),(3394,'3633633666969','ABC SSEE 保護貼 ',1,0,20.0,456,NULL,'1',NULL,NULL),(3395,'3633633666969','ABC SSEE 保護貼 ',1,0,20.0,456,NULL,'1',NULL,NULL),(3396,'3633633666969','ABC SSEE 保護貼 ',1,0,20.0,456,NULL,'1',NULL,NULL),(3397,'3633633666969','ABC SSEE 保護貼 ',1,0,20.0,456,NULL,'1',NULL,NULL),(3398,'3633633666969','ABC SSEE 保護貼 ',1,0,20.0,456,NULL,'1',NULL,NULL),(3399,'3633633666969','ABC SSEE 保護貼 ',1,0,20.0,456,NULL,'1',NULL,NULL),(3400,'3633633666969','ABC SSEE 保護貼 ',1,0,20.0,456,NULL,'1',NULL,NULL),(3401,'3633633666969','ABC SSEE 保護貼 ',1,0,20.0,456,NULL,'1',NULL,NULL),(3402,'3633633666969','ABC SSEE 保護貼 ',1,0,20.0,456,NULL,'1',NULL,NULL),(3403,'3633633666969','ABC SSEE 保護貼 ',1,0,20.0,456,NULL,'1',NULL,NULL),(3404,'3633633666969','ABC SSEE 保護貼 ',1,0,20.0,456,NULL,'1',NULL,NULL),(3405,'3633633666969','ABC SSEE 保護貼 ',1,0,20.0,456,NULL,'1',NULL,NULL),(3406,'3633633666969','ABC SSEE 保護貼 ',1,0,20.0,456,NULL,'1',NULL,NULL),(3407,'3633633666969','ABC SSEE 保護貼 ',1,0,20.0,456,NULL,'1',NULL,NULL),(3408,'3633633666969','ABC SSEE 保護貼 ',1,0,20.0,457,NULL,'1',NULL,NULL),(3409,'3633633666969','ABC SSEE 保護貼 ',1,0,20.0,457,NULL,'1',NULL,NULL),(3410,'3633633666969','ABC SSEE 保護貼 ',1,0,20.0,457,NULL,'1',NULL,NULL),(3411,'3633633666969','ABC SSEE 保護貼 ',1,0,20.0,457,NULL,'1',NULL,NULL),(3412,'3633633666969','ABC SSEE 保護貼 ',1,0,20.0,457,NULL,'1',NULL,NULL),(3413,'3633633666969','ABC SSEE 保護貼 ',1,0,20.0,457,NULL,'1',NULL,NULL),(3414,'3633633666969','ABC SSEE 保護貼 ',1,0,20.0,457,NULL,'1',NULL,NULL),(3415,'3633633666969','ABC SSEE 保護貼 ',1,0,20.0,457,NULL,'1',NULL,NULL),(3416,'3633633666969','ABC SSEE 保護貼 ',1,0,20.0,457,NULL,'1',NULL,NULL),(3417,'3633633666969','ABC SSEE 保護貼 ',1,0,20.0,457,NULL,'1',NULL,NULL),(3418,'3633633666969','ABC SSEE 保護貼 ',1,0,20.0,457,NULL,'1',NULL,NULL),(3419,'3633633666969','ABC SSEE 保護貼 ',1,0,20.0,457,NULL,'1',NULL,NULL),(3420,'3633633666969','ABC SSEE 保護貼 ',1,0,20.0,457,NULL,'1',NULL,NULL),(3421,'3633633666969','ABC SSEE 保護貼 ',1,0,20.0,457,NULL,'1',NULL,NULL),(3422,'3633633666969','ABC SSEE 保護貼 ',1,0,20.0,457,NULL,'1',NULL,NULL),(3423,'3633633666969','ABC SSEE 保護貼 ',1,0,20.0,457,NULL,'1',NULL,NULL),(3424,'3633633666969','ABC SSEE 保護貼 ',1,0,20.0,457,NULL,'1',NULL,NULL),(3425,'3633633666969','ABC SSEE 保護貼 ',1,0,20.0,457,NULL,'1',NULL,NULL),(3426,'3633633666969','ABC SSEE 保護貼 ',1,0,20.0,457,NULL,'1',NULL,NULL),(3427,'3633633666969','ABC SSEE 保護貼 ',1,0,20.0,457,NULL,'1',NULL,NULL),(3428,'3633633666969','ABC SSEE 保護貼 ',1,0,20.0,457,NULL,'1',NULL,NULL),(3429,'3633633666969','ABC SSEE 保護貼 ',1,0,20.0,457,NULL,'1',NULL,NULL),(3430,'3633633666969','ABC SSEE 保護貼 ',1,0,20.0,457,NULL,'1',NULL,NULL),(3431,'3633633666969','ABC SSEE 保護貼 ',1,0,20.0,457,NULL,'1',NULL,NULL),(3432,'3633633666969','ABC SSEE 保護貼 ',1,0,20.0,457,NULL,'1',NULL,NULL),(3433,'3633633666969','ABC SSEE 保護貼 ',1,0,20.0,457,NULL,'1',NULL,NULL),(3434,'3633633666969','ABC SSEE 保護貼 ',1,0,20.0,457,NULL,'1',NULL,NULL),(3435,'3633633666969','ABC SSEE 保護貼 ',1,0,20.0,457,NULL,'1',NULL,NULL),(3436,'3633633666969','ABC SSEE 保護貼 ',1,0,20.0,457,NULL,'1',NULL,NULL),(3437,'3633633666969','ABC SSEE 保護貼 ',1,0,20.0,457,NULL,'1',NULL,NULL),(3438,'3633633666969','ABC SSEE 保護貼 ',1,0,20.0,457,NULL,'1',NULL,NULL),(3439,'3633633666969','ABC SSEE 保護貼 ',1,0,20.0,457,NULL,'1',NULL,NULL),(3440,'3633633666969','ABC SSEE 保護貼 ',1,0,20.0,457,NULL,'1',NULL,NULL),(3441,'3633633666969','ABC SSEE 保護貼 ',1,0,20.0,457,NULL,'1',NULL,NULL),(3442,'3633633666969','ABC SSEE 保護貼 ',1,0,20.0,457,NULL,'1',NULL,NULL),(3443,'3633633666969','ABC SSEE 保護貼 ',1,0,20.0,457,NULL,'1',NULL,NULL),(3444,'3633633666969','ABC SSEE 保護貼 ',1,0,20.0,457,NULL,'1',NULL,NULL),(3445,'3633633666969','ABC SSEE 保護貼 ',1,0,20.0,457,NULL,'1',NULL,NULL),(3446,'3633633666969','ABC SSEE 保護貼 ',1,0,20.0,457,NULL,'1',NULL,NULL),(3447,'3633633666969','ABC SSEE 保護貼 ',1,0,20.0,457,NULL,'1',NULL,NULL),(3448,'3633633666969','ABC SSEE 保護貼 ',1,0,20.0,458,NULL,'1',NULL,NULL),(3449,'3633633666969','ABC SSEE 保護貼 ',1,0,20.0,458,NULL,'1',NULL,NULL),(3450,'3633633666969','ABC SSEE 保護貼 ',1,0,20.0,458,NULL,'1',NULL,NULL),(3451,'3633633666969','ABC SSEE 保護貼 ',1,0,20.0,458,NULL,'1',NULL,NULL),(3452,'3633633666969','ABC SSEE 保護貼 ',1,0,20.0,458,NULL,'1',NULL,NULL),(3453,'3633633666969','ABC SSEE 保護貼 ',1,0,20.0,458,NULL,'1',NULL,NULL),(3454,'3633633666969','ABC SSEE 保護貼 ',1,0,20.0,458,NULL,'1',NULL,NULL),(3455,'3633633666969','ABC SSEE 保護貼 ',1,0,20.0,458,NULL,'1',NULL,NULL),(3456,'3633633666969','ABC SSEE 保護貼 ',1,0,20.0,458,NULL,'1',NULL,NULL),(3457,'3633633666969','ABC SSEE 保護貼 ',1,0,20.0,458,NULL,'1',NULL,NULL),(3458,'3633633666969','ABC SSEE 保護貼 ',1,0,20.0,458,NULL,'1',NULL,NULL),(3459,'3633633666969','ABC SSEE 保護貼 ',1,0,20.0,458,NULL,'1',NULL,NULL),(3460,'3633633666969','ABC SSEE 保護貼 ',1,0,20.0,458,NULL,'1',NULL,NULL),(3461,'3633633666969','ABC SSEE 保護貼 ',1,0,20.0,458,NULL,'1',NULL,NULL),(3462,'3633633666969','ABC SSEE 保護貼 ',1,0,20.0,458,NULL,'1',NULL,NULL),(3463,'3633633666969','ABC SSEE 保護貼 ',1,0,20.0,458,NULL,'1',NULL,NULL),(3464,'3633633666969','ABC SSEE 保護貼 ',1,0,20.0,458,NULL,'1',NULL,NULL),(3465,'3633633666969','ABC SSEE 保護貼 ',1,0,20.0,458,NULL,'1',NULL,NULL),(3466,'3633633666969','ABC SSEE 保護貼 ',1,0,20.0,458,NULL,'1',NULL,NULL),(3467,'3633633666969','ABC SSEE 保護貼 ',1,0,20.0,458,NULL,'1',NULL,NULL),(3468,'3633633666969','ABC SSEE 保護貼 ',1,0,20.0,458,NULL,'1',NULL,NULL),(3469,'3633633666969','ABC SSEE 保護貼 ',1,0,20.0,458,NULL,'1',NULL,NULL),(3470,'3633633666969','ABC SSEE 保護貼 ',1,0,20.0,458,NULL,'1',NULL,NULL),(3471,'3633633666969','ABC SSEE 保護貼 ',1,0,20.0,458,NULL,'1',NULL,NULL),(3472,'3633633666969','ABC SSEE 保護貼 ',1,0,20.0,458,NULL,'1',NULL,NULL),(3473,'3633633666969','ABC SSEE 保護貼 ',1,0,20.0,458,NULL,'1',NULL,NULL),(3474,'3633633666969','ABC SSEE 保護貼 ',1,0,20.0,458,NULL,'1',NULL,NULL),(3475,'3633633666969','ABC SSEE 保護貼 ',1,0,20.0,458,NULL,'1',NULL,NULL),(3476,'3633633666969','ABC SSEE 保護貼 ',1,0,20.0,458,NULL,'1',NULL,NULL),(3477,'3633633666969','ABC SSEE 保護貼 ',1,0,20.0,458,NULL,'1',NULL,NULL),(3478,'3633633666969','ABC SSEE 保護貼 ',1,0,20.0,458,NULL,'1',NULL,NULL),(3479,'3633633666969','ABC SSEE 保護貼 ',1,0,20.0,458,NULL,'1',NULL,NULL),(3480,'3633633666969','ABC SSEE 保護貼 ',1,0,20.0,458,NULL,'1',NULL,NULL),(3481,'3633633666969','ABC SSEE 保護貼 ',1,0,20.0,458,NULL,'1',NULL,NULL),(3482,'3633633666969','ABC SSEE 保護貼 ',1,0,20.0,458,NULL,'1',NULL,NULL),(3483,'3633633666969','ABC SSEE 保護貼 ',1,0,20.0,458,NULL,'1',NULL,NULL),(3484,'3633633666969','ABC SSEE 保護貼 ',1,0,20.0,458,NULL,'1',NULL,NULL),(3485,'3633633666969','ABC SSEE 保護貼 ',1,0,20.0,458,NULL,'1',NULL,NULL),(3486,'3633633666969','ABC SSEE 保護貼 ',1,0,20.0,458,NULL,'1',NULL,NULL),(3487,'3633633666969','ABC SSEE 保護貼 ',1,0,20.0,458,NULL,'1',NULL,NULL),(3488,'3633633666969','ABC SSEE 保護貼 ',1,0,20.0,459,NULL,'1',NULL,NULL),(3489,'3633633666969','ABC SSEE 保護貼 ',1,0,20.0,459,NULL,'1',NULL,NULL),(3490,'3633633666969','ABC SSEE 保護貼 ',1,0,20.0,459,NULL,'1',NULL,NULL),(3491,'3633633666969','ABC SSEE 保護貼 ',1,0,20.0,459,NULL,'1',NULL,NULL),(3492,'3633633666969','ABC SSEE 保護貼 ',1,0,20.0,459,NULL,'1',NULL,NULL),(3493,'3633633666969','ABC SSEE 保護貼 ',1,0,20.0,459,NULL,'1',NULL,NULL),(3494,'3633633666969','ABC SSEE 保護貼 ',1,0,20.0,459,NULL,'1',NULL,NULL),(3495,'3633633666969','ABC SSEE 保護貼 ',1,0,20.0,459,NULL,'1',NULL,NULL),(3496,'3633633666969','ABC SSEE 保護貼 ',1,0,20.0,459,NULL,'1',NULL,NULL),(3497,'3633633666969','ABC SSEE 保護貼 ',1,0,20.0,459,NULL,'1',NULL,NULL),(3498,'3633633666969','ABC SSEE 保護貼 ',1,0,20.0,459,NULL,'1',NULL,NULL),(3499,'3633633666969','ABC SSEE 保護貼 ',1,0,20.0,459,NULL,'1',NULL,NULL),(3500,'3633633666969','ABC SSEE 保護貼 ',1,0,20.0,459,NULL,'1',NULL,NULL),(3501,'3633633666969','ABC SSEE 保護貼 ',1,0,20.0,459,NULL,'1',NULL,NULL),(3502,'3633633666969','ABC SSEE 保護貼 ',1,0,20.0,459,NULL,'1',NULL,NULL),(3503,'3633633666969','ABC SSEE 保護貼 ',1,0,20.0,459,NULL,'1',NULL,NULL),(3504,'3633633666969','ABC SSEE 保護貼 ',1,0,20.0,459,NULL,'1',NULL,NULL),(3505,'3633633666969','ABC SSEE 保護貼 ',1,0,20.0,459,NULL,'1',NULL,NULL),(3506,'3633633666969','ABC SSEE 保護貼 ',1,0,20.0,459,NULL,'1',NULL,NULL),(3507,'3633633666969','ABC SSEE 保護貼 ',1,0,20.0,459,NULL,'1',NULL,NULL),(3508,'3633633666969','ABC SSEE 保護貼 ',1,0,20.0,459,NULL,'1',NULL,NULL),(3509,'3633633666969','ABC SSEE 保護貼 ',1,0,20.0,459,NULL,'1',NULL,NULL),(3510,'3633633666969','ABC SSEE 保護貼 ',1,0,20.0,459,NULL,'1',NULL,NULL),(3511,'3633633666969','ABC SSEE 保護貼 ',1,0,20.0,459,NULL,'1',NULL,NULL),(3512,'3633633666969','ABC SSEE 保護貼 ',1,0,20.0,459,NULL,'1',NULL,NULL),(3513,'3633633666969','ABC SSEE 保護貼 ',1,0,20.0,459,NULL,'1',NULL,NULL),(3514,'3633633666969','ABC SSEE 保護貼 ',1,0,20.0,459,NULL,'1',NULL,NULL),(3515,'3633633666969','ABC SSEE 保護貼 ',1,0,20.0,459,NULL,'1',NULL,NULL),(3516,'3633633666969','ABC SSEE 保護貼 ',1,0,20.0,459,NULL,'1',NULL,NULL),(3517,'3633633666969','ABC SSEE 保護貼 ',1,0,20.0,459,NULL,'1',NULL,NULL),(3518,'3633633666969','ABC SSEE 保護貼 ',1,0,20.0,459,NULL,'1',NULL,NULL),(3519,'3633633666969','ABC SSEE 保護貼 ',1,0,20.0,459,NULL,'1',NULL,NULL),(3520,'3633633666969','ABC SSEE 保護貼 ',1,0,20.0,459,NULL,'1',NULL,NULL),(3521,'3633633666969','ABC SSEE 保護貼 ',1,0,20.0,459,NULL,'1',NULL,NULL),(3522,'3633633666969','ABC SSEE 保護貼 ',1,0,20.0,459,NULL,'1',NULL,NULL),(3523,'3633633666969','ABC SSEE 保護貼 ',1,0,20.0,459,NULL,'1',NULL,NULL),(3524,'3633633666969','ABC SSEE 保護貼 ',1,0,20.0,459,NULL,'1',NULL,NULL),(3525,'3633633666969','ABC SSEE 保護貼 ',1,0,20.0,459,NULL,'1',NULL,NULL),(3526,'3633633666969','ABC SSEE 保護貼 ',1,0,20.0,459,NULL,'1',NULL,NULL),(3527,'3633633666969','ABC SSEE 保護貼 ',1,0,20.0,459,NULL,'1',NULL,NULL),(3528,'3633633666969','ABC SSEE 保護貼 ',1,0,20.0,460,NULL,'1',NULL,NULL),(3529,'3633633666969','ABC SSEE 保護貼 ',1,0,20.0,460,NULL,'1',NULL,NULL),(3530,'3633633666969','ABC SSEE 保護貼 ',1,0,20.0,460,NULL,'1',NULL,NULL),(3531,'3633633666969','ABC SSEE 保護貼 ',1,0,20.0,460,NULL,'1',NULL,NULL),(3532,'3633633666969','ABC SSEE 保護貼 ',1,0,20.0,460,NULL,'1',NULL,NULL),(3533,'3633633666969','ABC SSEE 保護貼 ',1,0,20.0,460,NULL,'1',NULL,NULL),(3534,'3633633666969','ABC SSEE 保護貼 ',1,0,20.0,460,NULL,'1',NULL,NULL),(3535,'3633633666969','ABC SSEE 保護貼 ',1,0,20.0,460,NULL,'1',NULL,NULL),(3536,'3633633666969','ABC SSEE 保護貼 ',1,0,20.0,460,NULL,'1',NULL,NULL),(3537,'3633633666969','ABC SSEE 保護貼 ',1,0,20.0,460,NULL,'1',NULL,NULL),(3538,'3633633666969','ABC SSEE 保護貼 ',1,0,20.0,460,NULL,'1',NULL,NULL),(3539,'3633633666969','ABC SSEE 保護貼 ',1,0,20.0,460,NULL,'1',NULL,NULL),(3540,'3633633666969','ABC SSEE 保護貼 ',1,0,20.0,460,NULL,'1',NULL,NULL),(3541,'3633633666969','ABC SSEE 保護貼 ',1,0,20.0,460,NULL,'1',NULL,NULL),(3542,'3633633666969','ABC SSEE 保護貼 ',1,0,20.0,460,NULL,'1',NULL,NULL),(3543,'3633633666969','ABC SSEE 保護貼 ',1,0,20.0,460,NULL,'1',NULL,NULL),(3544,'3633633666969','ABC SSEE 保護貼 ',1,0,20.0,460,NULL,'1',NULL,NULL),(3545,'3633633666969','ABC SSEE 保護貼 ',1,0,20.0,460,NULL,'1',NULL,NULL),(3546,'3633633666969','ABC SSEE 保護貼 ',1,0,20.0,460,NULL,'1',NULL,NULL),(3547,'3633633666969','ABC SSEE 保護貼 ',1,0,20.0,460,NULL,'1',NULL,NULL),(3548,'3633633666969','ABC SSEE 保護貼 ',1,0,20.0,460,NULL,'1',NULL,NULL),(3549,'3633633666969','ABC SSEE 保護貼 ',1,0,20.0,460,NULL,'1',NULL,NULL),(3550,'3633633666969','ABC SSEE 保護貼 ',1,0,20.0,460,NULL,'1',NULL,NULL),(3551,'3633633666969','ABC SSEE 保護貼 ',1,0,20.0,460,NULL,'1',NULL,NULL),(3552,'3633633666969','ABC SSEE 保護貼 ',1,0,20.0,460,NULL,'1',NULL,NULL),(3553,'3633633666969','ABC SSEE 保護貼 ',1,0,20.0,460,NULL,'1',NULL,NULL),(3554,'3633633666969','ABC SSEE 保護貼 ',1,0,20.0,460,NULL,'1',NULL,NULL),(3555,'3633633666969','ABC SSEE 保護貼 ',1,0,20.0,460,NULL,'1',NULL,NULL),(3556,'3633633666969','ABC SSEE 保護貼 ',1,0,20.0,460,NULL,'1',NULL,NULL),(3557,'3633633666969','ABC SSEE 保護貼 ',1,0,20.0,460,NULL,'1',NULL,NULL),(3558,'3633633666969','ABC SSEE 保護貼 ',1,0,20.0,460,NULL,'1',NULL,NULL),(3559,'3633633666969','ABC SSEE 保護貼 ',1,0,20.0,460,NULL,'1',NULL,NULL),(3560,'3633633666969','ABC SSEE 保護貼 ',1,0,20.0,460,NULL,'1',NULL,NULL),(3561,'3633633666969','ABC SSEE 保護貼 ',1,0,20.0,460,NULL,'1',NULL,NULL),(3562,'3633633666969','ABC SSEE 保護貼 ',1,0,20.0,460,NULL,'1',NULL,NULL),(3563,'3633633666969','ABC SSEE 保護貼 ',1,0,20.0,460,NULL,'1',NULL,NULL),(3564,'3633633666969','ABC SSEE 保護貼 ',1,0,20.0,460,NULL,'1',NULL,NULL),(3565,'3633633666969','ABC SSEE 保護貼 ',1,0,20.0,460,NULL,'1',NULL,NULL),(3566,'3633633666969','ABC SSEE 保護貼 ',1,0,20.0,460,NULL,'1',NULL,NULL),(3567,'3633633666969','ABC SSEE 保護貼 ',1,0,20.0,460,NULL,'1',NULL,NULL),(3568,'3633633666969','ABC SSEE 保護貼 ',1,0,20.0,461,NULL,'1',NULL,NULL),(3569,'3633633666969','ABC SSEE 保護貼 ',1,0,20.0,461,NULL,'1',NULL,NULL),(3570,'3633633666969','ABC SSEE 保護貼 ',1,0,20.0,461,NULL,'1',NULL,NULL),(3571,'3633633666969','ABC SSEE 保護貼 ',1,0,20.0,461,NULL,'1',NULL,NULL),(3572,'3633633666969','ABC SSEE 保護貼 ',1,0,20.0,461,NULL,'1',NULL,NULL),(3573,'3633633666969','ABC SSEE 保護貼 ',1,0,20.0,461,NULL,'1',NULL,NULL),(3574,'3633633666969','ABC SSEE 保護貼 ',1,0,20.0,461,NULL,'1',NULL,NULL),(3575,'3633633666969','ABC SSEE 保護貼 ',1,0,20.0,461,NULL,'1',NULL,NULL),(3576,'3633633666969','ABC SSEE 保護貼 ',1,0,20.0,461,NULL,'1',NULL,NULL),(3577,'3633633666969','ABC SSEE 保護貼 ',1,0,20.0,461,NULL,'1',NULL,NULL),(3578,'3633633666969','ABC SSEE 保護貼 ',1,0,20.0,461,NULL,'1',NULL,NULL),(3579,'3633633666969','ABC SSEE 保護貼 ',1,0,20.0,461,NULL,'1',NULL,NULL),(3580,'3633633666969','ABC SSEE 保護貼 ',1,0,20.0,461,NULL,'1',NULL,NULL),(3581,'3633633666969','ABC SSEE 保護貼 ',1,0,20.0,461,NULL,'1',NULL,NULL),(3582,'3633633666969','ABC SSEE 保護貼 ',1,0,20.0,461,NULL,'1',NULL,NULL),(3583,'3633633666969','ABC SSEE 保護貼 ',1,0,20.0,461,NULL,'1',NULL,NULL),(3584,'3633633666969','ABC SSEE 保護貼 ',1,0,20.0,461,NULL,'1',NULL,NULL),(3585,'3633633666969','ABC SSEE 保護貼 ',1,0,20.0,461,NULL,'1',NULL,NULL),(3586,'3633633666969','ABC SSEE 保護貼 ',1,0,20.0,461,NULL,'1',NULL,NULL),(3587,'3633633666969','ABC SSEE 保護貼 ',1,0,20.0,461,NULL,'1',NULL,NULL),(3588,'3633633666969','ABC SSEE 保護貼 ',1,0,20.0,461,NULL,'1',NULL,NULL),(3589,'3633633666969','ABC SSEE 保護貼 ',1,0,20.0,461,NULL,'1',NULL,NULL),(3590,'3633633666969','ABC SSEE 保護貼 ',1,0,20.0,461,NULL,'1',NULL,NULL),(3591,'3633633666969','ABC SSEE 保護貼 ',1,0,20.0,461,NULL,'1',NULL,NULL),(3592,'3633633666969','ABC SSEE 保護貼 ',1,0,20.0,461,NULL,'1',NULL,NULL),(3593,'3633633666969','ABC SSEE 保護貼 ',1,0,20.0,461,NULL,'1',NULL,NULL),(3594,'3633633666969','ABC SSEE 保護貼 ',1,0,20.0,461,NULL,'1',NULL,NULL),(3595,'3633633666969','ABC SSEE 保護貼 ',1,0,20.0,461,NULL,'1',NULL,NULL),(3596,'3633633666969','ABC SSEE 保護貼 ',1,0,20.0,461,NULL,'1',NULL,NULL),(3597,'3633633666969','ABC SSEE 保護貼 ',1,0,20.0,461,NULL,'1',NULL,NULL),(3598,'3633633666969','ABC SSEE 保護貼 ',1,0,20.0,461,NULL,'1',NULL,NULL),(3599,'3633633666969','ABC SSEE 保護貼 ',1,0,20.0,461,NULL,'1',NULL,NULL),(3600,'3633633666969','ABC SSEE 保護貼 ',1,0,20.0,461,NULL,'1',NULL,NULL),(3601,'3633633666969','ABC SSEE 保護貼 ',1,0,20.0,461,NULL,'1',NULL,NULL),(3602,'3633633666969','ABC SSEE 保護貼 ',1,0,20.0,461,NULL,'1',NULL,NULL),(3603,'3633633666969','ABC SSEE 保護貼 ',1,0,20.0,461,NULL,'1',NULL,NULL),(3604,'3633633666969','ABC SSEE 保護貼 ',1,0,20.0,461,NULL,'1',NULL,NULL),(3605,'3633633666969','ABC SSEE 保護貼 ',1,0,20.0,461,NULL,'1',NULL,NULL),(3606,'3633633666969','ABC SSEE 保護貼 ',1,0,20.0,461,NULL,'1',NULL,NULL),(3607,'3633633666969','ABC SSEE 保護貼 ',1,0,20.0,461,NULL,'1',NULL,NULL),(3608,'3633633666969','ABC SSEE 保護貼 ',1,0,20.0,462,NULL,'1',NULL,NULL),(3609,'3633633666969','ABC SSEE 保護貼 ',1,0,20.0,462,NULL,'1',NULL,NULL),(3610,'3633633666969','ABC SSEE 保護貼 ',1,0,20.0,462,NULL,'1',NULL,NULL),(3611,'3633633666969','ABC SSEE 保護貼 ',1,0,20.0,462,NULL,'1',NULL,NULL),(3612,'3633633666969','ABC SSEE 保護貼 ',1,0,20.0,462,NULL,'1',NULL,NULL),(3613,'3633633666969','ABC SSEE 保護貼 ',1,0,20.0,462,NULL,'1',NULL,NULL),(3614,'3633633666969','ABC SSEE 保護貼 ',1,0,20.0,462,NULL,'1',NULL,NULL),(3615,'3633633666969','ABC SSEE 保護貼 ',1,0,20.0,462,NULL,'1',NULL,NULL),(3616,'3633633666969','ABC SSEE 保護貼 ',1,0,20.0,462,NULL,'1',NULL,NULL),(3617,'3633633666969','ABC SSEE 保護貼 ',1,0,20.0,462,NULL,'1',NULL,NULL),(3618,'3633633666969','ABC SSEE 保護貼 ',1,0,20.0,462,NULL,'1',NULL,NULL),(3619,'3633633666969','ABC SSEE 保護貼 ',1,0,20.0,462,NULL,'1',NULL,NULL),(3620,'3633633666969','ABC SSEE 保護貼 ',1,0,20.0,462,NULL,'1',NULL,NULL),(3621,'3633633666969','ABC SSEE 保護貼 ',1,0,20.0,462,NULL,'1',NULL,NULL),(3622,'3633633666969','ABC SSEE 保護貼 ',1,0,20.0,462,NULL,'1',NULL,NULL),(3623,'3633633666969','ABC SSEE 保護貼 ',1,0,20.0,462,NULL,'1',NULL,NULL),(3624,'3633633666969','ABC SSEE 保護貼 ',1,0,20.0,462,NULL,'1',NULL,NULL),(3625,'3633633666969','ABC SSEE 保護貼 ',1,0,20.0,462,NULL,'1',NULL,NULL),(3626,'3633633666969','ABC SSEE 保護貼 ',1,0,20.0,462,NULL,'1',NULL,NULL),(3627,'3633633666969','ABC SSEE 保護貼 ',1,0,20.0,462,NULL,'1',NULL,NULL),(3628,'3633633666969','ABC SSEE 保護貼 ',1,0,20.0,462,NULL,'1',NULL,NULL),(3629,'3633633666969','ABC SSEE 保護貼 ',1,0,20.0,462,NULL,'1',NULL,NULL),(3630,'3633633666969','ABC SSEE 保護貼 ',1,0,20.0,462,NULL,'1',NULL,NULL),(3631,'3633633666969','ABC SSEE 保護貼 ',1,0,20.0,462,NULL,'1',NULL,NULL),(3632,'3633633666969','ABC SSEE 保護貼 ',1,0,20.0,462,NULL,'1',NULL,NULL),(3633,'3633633666969','ABC SSEE 保護貼 ',1,0,20.0,462,NULL,'1',NULL,NULL),(3634,'3633633666969','ABC SSEE 保護貼 ',1,0,20.0,462,NULL,'1',NULL,NULL),(3635,'3633633666969','ABC SSEE 保護貼 ',1,0,20.0,462,NULL,'1',NULL,NULL),(3636,'3633633666969','ABC SSEE 保護貼 ',1,0,20.0,462,NULL,'1',NULL,NULL),(3637,'3633633666969','ABC SSEE 保護貼 ',1,0,20.0,462,NULL,'1',NULL,NULL),(3638,'3633633666969','ABC SSEE 保護貼 ',1,0,20.0,462,NULL,'1',NULL,NULL),(3639,'3633633666969','ABC SSEE 保護貼 ',1,0,20.0,462,NULL,'1',NULL,NULL),(3640,'3633633666969','ABC SSEE 保護貼 ',1,0,20.0,462,NULL,'1',NULL,NULL),(3641,'3633633666969','ABC SSEE 保護貼 ',1,0,20.0,462,NULL,'1',NULL,NULL),(3642,'3633633666969','ABC SSEE 保護貼 ',1,0,20.0,462,NULL,'1',NULL,NULL),(3643,'3633633666969','ABC SSEE 保護貼 ',1,0,20.0,462,NULL,'1',NULL,NULL),(3644,'3633633666969','ABC SSEE 保護貼 ',1,0,20.0,462,NULL,'1',NULL,NULL),(3645,'3633633666969','ABC SSEE 保護貼 ',1,0,20.0,462,NULL,'1',NULL,NULL),(3646,'3633633666969','ABC SSEE 保護貼 ',1,0,20.0,462,NULL,'1',NULL,NULL),(3647,'3633633666969','ABC SSEE 保護貼 ',1,0,20.0,462,NULL,'1',NULL,NULL),(3648,'3633633666969','ABC SSEE 保護貼 ',1,0,20.0,463,NULL,'1',NULL,NULL),(3649,'3633633666969','ABC SSEE 保護貼 ',1,0,20.0,464,NULL,'1',NULL,NULL),(3650,'3633633666969','ABC SSEE 保護貼 ',1,0,20.0,465,NULL,'1',NULL,NULL),(3651,'3633633666969','ABC SSEE 保護貼 ',1,0,20.0,466,NULL,'1',NULL,NULL),(3652,'3633633666969','ABC SSEE 保護貼 ',1,0,20.0,467,NULL,'1',NULL,NULL),(3653,'3633633666969','ABC SSEE 保護貼 ',1,0,20.0,468,NULL,'1',NULL,NULL),(3654,'3633633666969','ABC SSEE 保護貼 ',1,0,20.0,469,NULL,'1',NULL,NULL),(3655,'3633633666969','ABC SSEE 保護貼 ',1,0,20.0,470,NULL,'1',NULL,NULL),(3656,'3633633666969','ABC SSEE 保護貼 ',1,0,20.0,471,NULL,'1',NULL,NULL),(3657,'3633633666969','ABC SSEE 保護貼 ',1,20,30.0,471,NULL,'1',NULL,NULL),(3658,'3633633666969','ABC SSEE 保護貼 ',1,15,20.0,472,NULL,'1',NULL,NULL),(3659,'3633633666969','ABC SSEE 保護貼 ',1,0,30.0,472,NULL,'1',NULL,NULL),(3660,'3633633666969','ABC SSEE 保護貼 ',1,0,20.0,473,NULL,'1',NULL,NULL),(3661,'123456789012345','SAMSUNG GALAXY NOTE',1,0,4998.0,474,NULL,'1',NULL,NULL),(3662,'3633633666969','ABC SSEE 保護貼 ',1,0,20.0,475,NULL,'1',477,NULL),(3663,'123456789012345','SAMSUNG GALAXY NOTE',1,0,4998.0,475,NULL,'1',476,NULL),(3664,'123456789012345','SAMSUNG GALAXY NOTE',1,0,4998.0,476,NULL,'1',3663,NULL),(3665,'3633633666969','ABC SSEE 保護貼 ',1,0,20.0,477,NULL,'1',3662,NULL),(3666,'3633633666969','ABC SSEE 保護貼 ',1,0,20.0,478,NULL,'1',NULL,NULL),(3667,'3633633666969','ABC SSEE 保護貼 ',1,10,20.0,478,NULL,'1',NULL,NULL),(3668,'3633633666969','ABC SSEE 保護貼 ',1,5,20.0,479,NULL,'1',NULL,NULL),(3669,'3633633666969','ABC SSEE 保護貼 ',1,0,30.0,480,NULL,'1',NULL,NULL),(3670,'3633633666969','ABC SSEE 保護貼 ',1,0,20.0,481,NULL,'1',NULL,NULL),(3671,'3633633666969','ABC SSEE 保護貼 ',1,0,30.0,481,NULL,'1',NULL,NULL),(3672,'3633633666969','ABC SSEE 保護貼 ',1,0,20.0,481,NULL,'1',NULL,NULL),(3673,'3633633666969','ABC SSEE 保護貼 ',1,0,20.0,482,NULL,'1',NULL,NULL),(3674,'3633633666969','ABC SSEE 保護貼 ',1,0,20.0,483,NULL,'1',NULL,NULL),(3675,'3633633666969','ABC SSEE 保護貼 ',1,0,20.0,484,NULL,'1',NULL,NULL),(3676,'3633633666969','ABC SSEE 保護貼 ',1,0,20.0,485,NULL,'1',NULL,NULL),(3677,'3633633666969','ABC SSEE 保護貼 ',1,0,20.0,486,NULL,'1',NULL,NULL),(3678,'3633633666969','ABC SSEE 保護貼 ',1,0,30.0,487,NULL,'1',NULL,NULL),(3679,'3633633666969','ABC SSEE 保護貼 ',1,0,20.0,488,NULL,'1',NULL,NULL),(3680,'3633633666969','ABC SSEE 保護貼 ',1,0,20.0,489,NULL,'1',NULL,NULL),(3681,'3633633666969','ABC SSEE 保護貼 ',1,0,20.0,490,NULL,'1',NULL,NULL),(3682,'3633633666969','ABC SSEE 保護貼 ',1,0,20.0,491,NULL,'1',NULL,NULL),(3683,'3633633666969','ABC SSEE 保護貼 ',1,0,20.0,492,NULL,'1',NULL,NULL),(3684,'123456789012345','SAMSUNG GALAXY NOTE',1,0,4998.0,492,NULL,'1',NULL,NULL),(3685,'123456789012345','SAMSUNG GALAXY NOTE',1,0,4998.0,493,NULL,'1',NULL,NULL),(3686,'555558887891234','APPLE IPHONE 4S',1,0,4898.0,494,NULL,'1',NULL,NULL),(3687,'989988855656663','SAMSUNG GALAXY NOTE',1,0,4998.0,495,NULL,'1',NULL,NULL),(3688,'3633633666969','ABC SSEE 保護貼 ',1,0,20.0,496,NULL,'1',NULL,NULL),(3689,'555558887891234','APPLE IPHONE 4S',1,0,4898.0,497,NULL,'1',NULL,NULL),(3690,'555558887891234','APPLE IPHONE 4S',1,0,4898.0,498,NULL,'1',NULL,NULL),(3691,'555558887891234','APPLE IPHONE 4S',1,0,4898.0,499,NULL,'1',NULL,NULL),(3692,'555558887891234','APPLE IPHONE 4S',1,0,4898.0,500,NULL,'1',NULL,NULL),(3693,'555558887891234','APPLE IPHONE 4S',1,0,4898.0,502,NULL,'1',NULL,NULL),(3695,'555558887891234','APPLE IPHONE 4S',1,0,4898.0,511,NULL,'1',NULL,NULL),(3696,'555558887891234','APPLE IPHONE 4S',1,0,4898.0,512,NULL,'1',NULL,NULL),(3697,'555558887891234','APPLE IPHONE 4S',1,0,4898.0,513,NULL,'1',NULL,NULL),(3698,'555558887891234','APPLE IPHONE 4S',1,0,4898.0,514,NULL,'1',NULL,NULL),(3699,'555558887891234','APPLE IPHONE 4S',1,0,4898.0,515,NULL,'1',NULL,NULL),(3700,'555558887891234','APPLE IPHONE 4S',1,0,4898.0,516,NULL,'1',NULL,NULL),(3701,'555558887891234','APPLE IPHONE 4S',1,0,4898.0,517,NULL,'1',NULL,NULL),(3702,'555558887891234','APPLE IPHONE 4S',1,0,4898.0,518,NULL,'1',NULL,NULL),(3703,'555558887891234','APPLE IPHONE 4S',1,0,4898.0,519,NULL,'1',NULL,NULL),(3704,'555558887891234','APPLE IPHONE 4S',1,0,4898.0,520,NULL,'1',NULL,NULL),(3705,'555558887891234','APPLE IPHONE 4S',1,0,4898.0,521,NULL,'1',NULL,NULL),(3706,'555558887891234','APPLE IPHONE 4S',1,0,4898.0,522,NULL,'1',NULL,NULL),(3707,'555558887891234','APPLE IPHONE 4S',1,0,4898.0,523,NULL,'1',NULL,NULL),(3708,'555558887891234','APPLE IPHONE 4S',1,0,4898.0,524,NULL,'1',NULL,NULL),(3709,'555558887891234','APPLE IPHONE 4S',1,0,4898.0,525,NULL,'1',NULL,NULL),(3710,'555558887891234','APPLE IPHONE 4S',1,0,4898.0,526,NULL,'1',NULL,NULL),(3711,'555558887891234','APPLE IPHONE 4S',1,0,4898.0,527,NULL,'1',NULL,NULL),(3712,'555558887891234','APPLE IPHONE 4S',1,0,4898.0,528,NULL,'1',NULL,NULL),(3713,'555558887891234','APPLE IPHONE 4S',1,0,4898.0,529,NULL,'1',NULL,NULL),(3714,'555558887891234','APPLE IPHONE 4S',1,0,4898.0,530,NULL,'1',NULL,NULL),(3715,'989988855656663','SAMSUNG GALAXY NOTE',1,0,4998.0,531,NULL,'1',NULL,NULL),(3716,'555558887891234','APPLE IPHONE 4S',1,0,4898.0,532,NULL,'1',NULL,NULL),(3717,'989988855656663','SAMSUNG GALAXY NOTE',1,0,4998.0,533,NULL,'1',NULL,NULL),(3718,'555558887891234','APPLE IPHONE 4S',1,0,4898.0,534,NULL,'1',NULL,NULL),(3719,'989988855656663','SAMSUNG GALAXY NOTE',1,0,4998.0,535,NULL,'1',NULL,NULL),(3720,'555558887891234','APPLE IPHONE 4S',1,0,4898.0,536,NULL,'1',NULL,NULL),(3721,'989988855656663','SAMSUNG GALAXY NOTE',1,0,4998.0,537,NULL,'1',NULL,NULL),(3722,'555558887891234','APPLE IPHONE 4S',1,0,4898.0,538,NULL,'1',NULL,NULL),(3723,'989988855656663','SAMSUNG GALAXY NOTE',1,0,4998.0,539,NULL,'1',NULL,NULL),(3724,'555558887891234','APPLE IPHONE 4S',1,0,4898.0,540,NULL,'1',NULL,NULL),(3725,'989988855656663','SAMSUNG GALAXY NOTE',1,0,4998.0,541,NULL,'1',NULL,NULL),(3726,'555558887891234','APPLE IPHONE 4S',1,0,4898.0,542,NULL,'1',NULL,NULL),(3727,'989988855656663','SAMSUNG GALAXY NOTE',1,0,4998.0,543,NULL,'1',NULL,NULL),(3728,'555558887891234','APPLE IPHONE 4S',1,0,4898.0,544,NULL,'1',NULL,NULL),(3729,'989988855656663','SAMSUNG GALAXY NOTE',1,0,4998.0,545,NULL,'1',NULL,NULL),(3730,'555558887891234','APPLE IPHONE 4S',1,0,4898.0,546,NULL,'1',NULL,NULL),(3731,'989988855656663','SAMSUNG GALAXY NOTE',1,0,4998.0,547,NULL,'1',NULL,NULL),(3732,'555558887891234','APPLE IPHONE 4S',1,0,4898.0,548,NULL,'1',NULL,NULL),(3733,'989988855656663','SAMSUNG GALAXY NOTE',1,0,4998.0,549,NULL,'1',NULL,NULL),(3734,'555558887891234','APPLE IPHONE 4S',1,0,4898.0,550,NULL,'1',NULL,NULL),(3735,'555558887891234','APPLE IPHONE 4S',1,0,4898.0,569,NULL,'1',NULL,NULL),(3736,'555558887891234','APPLE IPHONE 4S',1,0,4898.0,570,NULL,'1',NULL,NULL),(3737,'555558887891234','APPLE IPHONE 4S',1,0,4898.0,571,NULL,'1',NULL,NULL),(3738,'555558887891234','APPLE IPHONE 4S',1,0,4898.0,572,NULL,'1',NULL,NULL),(3739,'555558887891234','APPLE IPHONE 4S',1,0,4898.0,573,NULL,'1',NULL,NULL),(3740,'555558887891234','APPLE IPHONE 4S',1,0,4898.0,574,NULL,'1',NULL,NULL),(3741,'555558887891234','APPLE IPHONE 4S',1,0,4898.0,575,NULL,'1',NULL,NULL),(3742,'555558887891234','APPLE IPHONE 4S',1,0,4898.0,576,NULL,'1',NULL,NULL),(3743,'555558887891234','APPLE IPHONE 4S',1,0,4898.0,578,NULL,'1',NULL,NULL),(3744,'555558887891234','APPLE IPHONE 4S',1,0,4898.0,579,NULL,'1',NULL,NULL),(3745,'555558887891234','APPLE IPHONE 4S',1,0,4898.0,580,NULL,'1',NULL,NULL),(3746,'123456789012345','SAMSUNG GALAXY NOTE',1,0,4998.0,581,NULL,'1',NULL,NULL),(3747,'989988855656663','SAMSUNG GALAXY NOTE',1,0,4998.0,583,NULL,'1',NULL,NULL),(3748,'555558887891234','APPLE IPHONE 4S',1,0,4898.0,584,NULL,'1',NULL,NULL),(3749,'555558887891234','APPLE IPHONE 4S',1,0,4898.0,585,NULL,'1',NULL,NULL),(3750,'555558887891234','APPLE IPHONE 4S',1,0,4898.0,586,NULL,'1',NULL,NULL),(3751,'3633633666969','ABC SSEE 保護貼 ',1,0,20.0,588,NULL,'1',NULL,NULL),(3752,'3633633666969','ABC SSEE 保護貼 ',1,0,20.0,589,NULL,'1',NULL,NULL),(3753,'3633633666969','ABC SSEE 保護貼 ',1,0,20.0,589,NULL,'1',NULL,NULL),(3754,'3633633666969','ABC SSEE 保護貼 ',1,0,20.0,589,NULL,'1',NULL,NULL),(3755,'3633633666969','ABC SSEE 保護貼 ',1,0,20.0,589,NULL,'1',NULL,NULL),(3756,'3633633666969','ABC SSEE 保護貼 ',3,0,20.0,591,NULL,'1',NULL,NULL),(3757,'3633633666969','ABC SSEE 保護貼 ',1,0,20.0,593,NULL,'1',NULL,NULL),(3758,'3633633666969','ABC SSEE 保護貼 ',1,0,20.0,593,NULL,'1',NULL,NULL),(3762,'3633633666969','ABC SSEE 保護貼 ',1,0,20.0,594,NULL,'1',NULL,NULL),(3763,'3633633666969','ABC SSEE 保護貼 ',1,0,20.0,595,NULL,'1',NULL,NULL),(3764,'3633633666969','ABC SSEE 保護貼 ',1,0,20.0,596,NULL,'1',NULL,NULL),(3765,'3633633666969','ABC SSEE 保護貼 ',1,0,20.0,597,NULL,'1',NULL,NULL),(3766,'3633633666969','ABC SSEE 保護貼 ',1,0,20.0,598,NULL,'1',NULL,NULL),(3767,'3633633666969','ABC SSEE 保護貼 ',1,0,20.0,599,NULL,'1',NULL,NULL),(3768,'3633633666969','ABC SSEE 保護貼 ',1,0,20.0,600,NULL,'1',NULL,NULL),(3769,'3633633666969','ABC SSEE 保護貼 ',1,0,20.0,601,NULL,'1',NULL,NULL),(3770,'3633633666969','ABC SSEE 保護貼 ',12,0,20.0,602,NULL,'1',NULL,NULL),(3771,'3633633666969','ABC SSEE 保護貼 ',13,0,20.0,603,NULL,'1',NULL,NULL),(3772,'3633633666969','ABC SSEE 保護貼 ',3,0,20.0,604,NULL,'1',606,NULL),(3773,'3633633666969','ABC SSEE 保護貼 ',13,0,20.0,605,NULL,'1',NULL,NULL),(3774,'3633633666969','ABC SSEE 保護貼 ',3,0,20.0,606,NULL,'1',3772,NULL),(3775,'3633633666969','ABC SSEE 保護貼 ',1,0,20.0,607,NULL,'1',NULL,NULL),(3776,'3633633666969','ABC SSEE 保護貼 ',1,0,20.0,608,NULL,'1',NULL,NULL),(3777,'3633633666969','ABC SSEE 保護貼 ',3,0,20.0,609,NULL,'1',NULL,NULL),(3778,'3633633666969','ABC SSEE 保護貼 ',1,0,20.0,610,NULL,'1',NULL,NULL),(3779,'3633633666969','ABC SSEE 保護貼 ',1,0,20.0,611,NULL,'1',NULL,NULL),(3780,'3633633666969','ABC SSEE 保護貼 ',1,0,20.0,612,NULL,'1',NULL,NULL),(3781,'3633633666969','ABC SSEE 保護貼 ',1,0,20.0,613,NULL,'1',NULL,NULL),(3782,'3633633666969','ABC SSEE 保護貼 ',1,0,20.0,614,NULL,'1',NULL,NULL),(3783,'3633633666969','ABC SSEE 保護貼 ',1,0,20.0,615,NULL,'1',NULL,NULL),(3784,'3633633666969','ABC SSEE 保護貼 ',1,0,20.0,616,NULL,'1',NULL,NULL),(3785,'3633633666969','ABC SSEE 保護貼 ',1,0,20.0,617,NULL,'1',NULL,NULL),(3786,'3633633666969','ABC SSEE 保護貼 ',1,0,20.0,618,NULL,'1',NULL,NULL),(3787,'3633633666969','ABC SSEE 保護貼 ',1,0,20.0,619,NULL,'1',NULL,NULL),(3788,'3633633666969','ABC SSEE 保護貼 ',1,0,20.0,620,NULL,'1',NULL,NULL),(3789,'3633633666969','ABC SSEE 保護貼 ',1,0,20.0,621,NULL,'1',NULL,NULL),(3790,'3633633666969','ABC SSEE 保護貼 ',1,0,20.0,622,NULL,'1',NULL,NULL),(3791,'3633633666969','ABC SSEE 保護貼 ',1,0,20.0,623,NULL,'1',NULL,NULL),(3792,'3633633666969','ABC SSEE 保護貼 ',1,0,20.0,624,NULL,'1',NULL,NULL),(3793,'3633633666969','ABC SSEE 保護貼 ',1,0,20.0,625,NULL,'1',NULL,NULL),(3794,'3633633666969','ABC SSEE 保護貼 ',1,0,20.0,626,NULL,'1',NULL,NULL),(3795,'3633633666969','ABC SSEE 保護貼 ',1,0,20.0,627,NULL,'1',NULL,NULL),(3796,'3633633666969','ABC SSEE 保護貼 ',1,0,20.0,628,NULL,'1',NULL,NULL),(3797,'3633633666969','ABC SSEE 保護貼 ',1,0,20.0,629,NULL,'1',NULL,NULL),(3798,'3633633666969','ABC SSEE 保護貼 ',1,0,20.0,630,NULL,'1',NULL,NULL),(3799,'3633633666969','ABC SSEE 保護貼 ',1,0,20.0,631,NULL,'1',NULL,NULL),(3800,'3633633666969','ABC SSEE 保護貼 ',1,0,20.0,631,NULL,'1',NULL,NULL),(3808,'3633633666969','ABC SSEE 保護貼 ',1,0,20.0,633,NULL,'1',NULL,NULL),(3809,'3633633666969','ABC SSEE 保護貼 ',1,0,20.0,634,NULL,'1',NULL,NULL),(3922,'3633633666969','ABC SSEE 保護貼 ',1,0,20.0,676,NULL,'1',NULL,NULL),(3925,'3633633666969','ABC SSEE 保護貼 ',1,0,20.0,677,NULL,'1',NULL,NULL),(3935,'3633633666969','ABC SSEE 保護貼 ',13,0,20.0,681,NULL,'1',NULL,NULL),(3936,'3633633666969','ABC SSEE 保護貼 ',13,0,20.0,682,NULL,'1',NULL,NULL),(3989,'3633633666969','ABC SSEE 保護貼 ',1,0,20.0,687,NULL,'1',NULL,NULL),(3990,'3633633666969','ABC SSEE 保護貼 ',1,0,20.0,687,NULL,'1',NULL,NULL),(3991,'3633633666969','ABC SSEE 保護貼 ',1,0,20.0,687,NULL,'1',NULL,NULL),(3992,'3633633666969','ABC SSEE 保護貼 ',1,0,20.0,687,NULL,'1',NULL,NULL),(3993,'3633633666969','ABC SSEE 保護貼 ',1,0,20.0,687,NULL,'1',NULL,NULL),(3994,'3633633666969','ABC SSEE 保護貼 ',1,0,20.0,687,NULL,'1',NULL,NULL),(3995,'3633633666969','ABC SSEE 保護貼 ',1,0,20.0,687,NULL,'1',NULL,NULL),(3996,'3633633666969','ABC SSEE 保護貼 ',1,0,20.0,687,NULL,'1',NULL,NULL),(3997,'3633633666969','ABC SSEE 保護貼 ',1,0,20.0,687,NULL,'1',NULL,NULL),(3998,'3633633666969','ABC SSEE 保護貼 ',1,0,20.0,687,NULL,'1',NULL,NULL),(3999,'3633633666969','ABC SSEE 保護貼 ',1,0,20.0,687,NULL,'1',NULL,NULL),(4000,'3633633666969','ABC SSEE 保護貼 ',1,0,20.0,687,NULL,'1',NULL,NULL),(4001,'3633633666969','ABC SSEE 保護貼 ',1,0,20.0,687,NULL,'1',NULL,NULL),(4002,'3633633666969','ABC SSEE 保護貼 ',1,0,20.0,688,0,'1',NULL,NULL),(4003,'3633633666969','ABC SSEE 保護貼 ',1,0,20.0,689,0,'1',NULL,NULL),(4004,'3633633666969','ABC SSEE 保護貼 ',1,0,20.0,690,0,'1',NULL,NULL),(4005,'3633633666969','ABC SSEE 保護貼 ',1,0,20.0,691,0,'1',NULL,NULL),(4006,'3633633666969','ABC SSEE 保護貼 ',1,0,20.0,692,0,'1',NULL,NULL),(4007,'3633633666969','ABC SSEE 保護貼 ',11,0,20.0,693,0,'1',694,NULL),(4008,'3633633666969','ABC SSEE 保護貼 ',11,0,20.0,694,NULL,'1',4007,NULL),(4009,'3633633666969','ABC SSEE 保護貼 ',11,0,20.0,695,0,'1',NULL,NULL),(4010,'3633633666969','ABC SSEE 保護貼 ',1,0,20.0,696,0,'1',NULL,NULL),(4011,'3633633666969','ABC SSEE 保護貼 ',10,0,20.0,696,0,'1',NULL,NULL),(4012,'3633633666969','ABC SSEE 保護貼 ',11,0,20.0,697,0,'1',NULL,NULL),(4013,'3633633666969','ABC SSEE 保護貼 ',1,0,20.0,698,0,'1',NULL,NULL),(4014,'3633633666969','ABC SSEE 保護貼 ',1,0,20.0,698,0,'1',NULL,NULL),(4015,'3633633666969','ABC SSEE 保護貼 ',1,0,20.0,698,0,'1',NULL,NULL),(4016,'3633633666969','ABC SSEE 保護貼 ',1,0,20.0,698,0,'1',NULL,NULL),(4017,'3633633666969','ABC SSEE 保護貼 ',1,0,20.0,698,0,'1',NULL,NULL),(4018,'3633633666969','ABC SSEE 保護貼 ',1,0,20.0,698,0,'1',NULL,NULL),(4019,'3633633666969','ABC SSEE 保護貼 ',1,0,20.0,698,0,'1',NULL,NULL),(4020,'3633633666969','ABC SSEE 保護貼 ',1,0,20.0,698,0,'1',NULL,NULL),(4021,'3633633666969','ABC SSEE 保護貼 ',1,0,20.0,698,0,'1',NULL,NULL),(4022,'3633633666969','ABC SSEE 保護貼 ',1,0,20.0,698,0,'1',NULL,NULL),(4023,'3633633666969','ABC SSEE 保護貼 ',1,0,20.0,698,0,'1',NULL,NULL),(4024,'555558887891234','APPLE IPHONE 4S',1,0,4898.0,699,1,'1',NULL,NULL),(4025,'555558887891234','APPLE IPHONE 4S',1,0,4898.0,700,1,'1',NULL,NULL),(4026,'989988855656663','SAMSUNG GALAXY NOTE',1,0,4998.0,700,1,'1',NULL,NULL),(4027,'3633633666969','ABC SSEE 保護貼 ',11,0,20.0,702,0,'1',NULL,NULL),(4028,'3633633666969','ABC SSEE 保護貼 ',1,0,20.0,703,0,'1',NULL,NULL),(4029,'654565456545654','APPLE IPHONE 4S',1,0,4898.0,704,1,'1',NULL,NULL),(4030,'3633633666969','ABC SSEE 保護貼 ',1,0,20.0,705,0,'1',NULL,NULL),(4031,'3633633666969','ABC SSEE 保護貼 ',1,0,20.0,706,0,'1',NULL,NULL),(4032,'3633633666969','ABC SSEE 保護貼 ',1,0,20.0,710,0,'1',NULL,NULL),(4033,'3633633666969','ABC SSEE 保護貼 ',1,0,20.0,712,0,'1',NULL,NULL),(4034,'3633633666969','ABC SSEE 保護貼 ',1,0,20.0,713,0,'1',714,NULL),(4035,'3633633666969','ABC SSEE 保護貼 ',1,0,20.0,714,NULL,'1',4034,NULL),(4036,'3633633666969','ABC SSEE 保護貼 ',1,0,20.0,716,0,'1',NULL,NULL),(4037,'123456789012345','SAMSUNG GALAXY NOTE',1,0,4998.0,717,1,'1',NULL,NULL),(4038,'3633633666969','ABC SSEE 保護貼 ',1,0,20.0,721,0,'1',NULL,NULL),(4039,'id4','test1',1,0,2.0,722,0,'1',NULL,NULL),(4040,'id4','test1',1,0,2.0,723,0,'1',724,NULL),(4041,'id4','test1',1,0,2.0,724,NULL,'1',4040,NULL),(4042,'id4','test1',1,0,2.0,725,0,'1',NULL,NULL),(4043,'id4','test1',1,0,2.0,726,0,'1',NULL,NULL),(4046,'3633633666969','ABC SSEE 保護貼 ',1,0,20.0,729,0,'1',NULL,NULL),(4047,'id4','test1',1,0,2.0,729,0,'1',NULL,NULL),(4049,'3633633666969','ABC SSEE 保護貼 ',1,0,20.0,731,0,'1',NULL,NULL),(4050,'3633633666969','ABC SSEE 保護貼 ',1,0,20.0,732,0,'1',NULL,NULL),(4051,'id4','test1',1,0,2.0,732,0,'1',NULL,NULL),(4052,'id4','test1',1,0,2.0,732,0,'1',NULL,NULL),(4054,'3633633666969','ABC SSEE 保護貼 ',1,0,20.0,734,0,'1',NULL,NULL),(4055,'3633633666969','ABC SSEE 保護貼 ',1,0,20.0,734,0,'1',NULL,NULL),(4057,'3633633666969','ABC SSEE 保護貼 ',1,0,20.0,736,0,'1',NULL,NULL),(4058,'3633633666969','ABC SSEE 保護貼 ',1,0,20.0,736,0,'1',NULL,NULL),(4060,'3633633666969','ABC SSEE 保護貼 ',1,0,20.0,738,0,'1',NULL,NULL),(4061,'3633633666969','ABC SSEE 保護貼 ',1,0,20.0,738,0,'1',NULL,NULL),(4065,'3633633666969','ABC SSEE 保護貼 ',1,0,20.0,742,0,'1',NULL,NULL),(4066,'3633633666969','ABC SSEE 保護貼 ',1,0,20.0,742,0,'1',NULL,NULL),(4067,'3633633666969','ABC SSEE 保護貼 ',1,0,20.0,743,0,'1',NULL,NULL),(4068,'3633633666969','ABC SSEE 保護貼 ',1,0,20.0,743,0,'1',NULL,NULL),(4070,'3633633666969','ABC SSEE 保護貼 ',1,0,20.0,745,0,'1',NULL,NULL),(4071,'3633633666969','ABC SSEE 保護貼 ',1,0,20.0,745,0,'1',NULL,NULL),(4073,'3633633666969','ABC SSEE 保護貼 ',1,0,20.0,747,0,'1',NULL,NULL),(4074,'3633633666969','ABC SSEE 保護貼 ',1,0,20.0,747,0,'1',NULL,NULL),(4078,'3633633666969','ABC SSEE 保護貼 ',1,0,20.0,751,0,'1',NULL,NULL),(4079,'3633633666969','ABC SSEE 保護貼 ',1,0,20.0,751,0,'1',NULL,NULL),(4080,'3633633666969','ABC SSEE 保護貼 ',1,0,20.0,752,0,'1',NULL,NULL),(4081,'3633633666969','ABC SSEE 保護貼 ',1,0,20.0,752,0,'1',NULL,NULL),(4085,'3633633666969','ABC SSEE 保護貼 ',1,0,20.0,755,0,'1',NULL,NULL),(4086,'id4','test1',2,0,2.0,756,0,'1',757,NULL),(4087,'id4','test1',1,0,2.0,757,NULL,'1',4086,NULL),(4088,'3633633666969','ABC SSEE 保護貼 ',10,0,20.0,759,0,'1',760,NULL),(4089,'3633633666969','ABC SSEE 保護貼 ',5,0,20.0,760,NULL,'1',4088,NULL),(4090,'3633633666969','ABC SSEE 保護貼 ',5,0,20.0,760,NULL,'1',4088,NULL),(4091,'3633633666969','ABC SSEE 保護貼 ',20,0,20.0,761,0,'1',762,NULL),(4092,'3633633666969','ABC SSEE 保護貼 ',20,0,20.0,762,NULL,'1',4091,NULL),(4093,'3633633666969','ABC SSEE 保護貼 ',10,0,20.0,763,0,'1',767,NULL),(4094,'3633633666969','ABC SSEE 保護貼 ',3,0,20.0,764,NULL,'1',4093,NULL),(4095,'3633633666969','ABC SSEE 保護貼 ',6,0,20.0,765,NULL,'1',4093,NULL),(4098,'3633633666969','ABC SSEE 保護貼 ',20,0,20.0,768,0,'1',772,NULL),(4099,'3633633666969','ABC SSEE 保護貼 ',10,0,20.0,769,NULL,'1',4098,NULL),(4100,'3633633666969','ABC SSEE 保護貼 ',5,0,20.0,770,NULL,'1',4098,NULL),(4101,'3633633666969','ABC SSEE 保護貼 ',4,0,20.0,771,NULL,'1',4098,NULL),(4102,'3633633666969','ABC SSEE 保護貼 ',1,0,20.0,772,NULL,'1',4098,NULL),(4103,'3633633666969','ABC SSEE 保護貼 ',10,0,20.0,773,0,'1',774,NULL),(4104,'3633633666969','ABC SSEE 保護貼 ',6,0,20.0,774,NULL,'1',4103,NULL),(4105,'3633633666969','ABC SSEE 保護貼 ',10,0,20.0,775,0,'1',778,NULL),(4106,'id4','test1',2,0,2.0,775,0,'1',781,NULL),(4107,'id4','test1',1,0,2.0,776,NULL,'1',4106,NULL),(4108,'3633633666969','ABC SSEE 保護貼 ',5,0,20.0,777,NULL,'1',4105,NULL),(4109,'3633633666969','ABC SSEE 保護貼 ',5,0,20.0,778,NULL,'1',4105,NULL),(4110,'3633633666969','ABC SSEE 保護貼 ',1,0,20.0,779,0,'1',780,NULL),(4111,'3633633666969','ABC SSEE 保護貼 ',1,0,20.0,780,NULL,'1',4110,NULL),(4112,'id4','test1',1,0,2.0,781,NULL,'1',4106,NULL),(4113,'3633633666969','ABC SSEE 保護貼 ',1,0,20.0,782,0,'1',0,NULL),(4115,'3633633666969','ABC SSEE 保護貼 ',1,0,20.0,784,0,'1',789,NULL),(4120,'3633633666969','ABC SSEE 保護貼 ',1,0,20.0,789,NULL,'1',4115,NULL),(4121,'3633633666969','ABC SSEE 保護貼 ',1,0,20.0,790,0,'1',792,NULL),(4123,'3633633666969','ABC SSEE 保護貼 ',1,0,20.0,792,NULL,'1',4121,NULL),(4124,'3633633666969','ABC SSEE 保護貼 ',1,0,20.0,793,0,'1',794,NULL),(4125,'3633633666969','ABC SSEE 保護貼 ',1,0,20.0,794,NULL,'1',4124,NULL),(4126,'3633633666969','ABC SSEE 保護貼 ',1,0,20.0,795,0,'1',796,NULL),(4127,'3633633666969','ABC SSEE 保護貼 ',1,0,20.0,796,NULL,'1',4126,NULL),(4128,'3633633666969','ABC SSEE 保護貼 ',1,0,20.0,797,0,'1',798,NULL),(4129,'3633633666969','ABC SSEE 保護貼 ',1,0,20.0,798,NULL,'1',4128,NULL),(4130,'3633633666969','ABC SSEE 保護貼 ',1,0,20.0,799,0,'1',800,NULL),(4131,'3633633666969','ABC SSEE 保護貼 ',1,0,20.0,800,NULL,'1',4130,NULL),(4132,'3633633666969','ABC SSEE 保護貼 ',1,0,20.0,801,0,'1',802,NULL),(4133,'3633633666969','ABC SSEE 保護貼 ',1,0,20.0,802,NULL,'1',4132,NULL),(4134,'3633633666969','ABC SSEE 保護貼 ',1,0,20.0,803,0,'1',804,NULL),(4135,'3633633666969','ABC SSEE 保護貼 ',1,0,20.0,804,0,'1',4134,NULL),(4136,'3633633666969','ABC SSEE 保護貼 ',1,0,20.0,805,0,'1',NULL,NULL),(4137,'3633633666969','ABC SSEE 保護貼 ',1,0,20.0,806,0,'1',NULL,NULL),(4140,'3633633666969','ABC SSEE 保護貼 ',1,0,20.0,809,0,'1',4138,NULL),(4143,'3633633666969','ABC SSEE 保護貼 ',1,0,20.0,812,0,'1',817,NULL),(4148,'3633633666969','ABC SSEE 保護貼 ',1,0,20.0,817,0,'1',4143,NULL),(4149,'3633633666969','ABC SSEE 保護貼 ',1,0,20.0,818,0,'1',819,NULL),(4150,'3633633666969','ABC SSEE 保護貼 ',1,0,20.0,819,0,'1',4149,NULL),(4151,'3633633666969','ABC SSEE 保護貼 ',29,0,20.0,820,0,'1',821,NULL),(4152,'3633633666969','ABC SSEE 保護貼 ',29,0,20.0,821,0,'1',4151,NULL),(4153,'3633633666969','ABC SSEE 保護貼 ',31,0,20.0,822,0,'1',823,NULL),(4154,'3633633666969','ABC SSEE 保護貼 ',31,0,20.0,823,0,'1',4153,NULL),(4155,'3633633666969','ABC SSEE 保護貼 ',1,0,20.0,824,0,'1',NULL,NULL),(4156,'3633633666969','ABC SSEE 保護貼 ',1,0,20.0,825,0,'1',NULL,NULL),(4157,'id17','test14',5,0,2.0,826,0,'1',NULL,NULL),(4158,'id17','test14',10,0,2.0,827,0,'1',NULL,NULL),(4159,'id17','test14',10,0,2.0,828,0,'1',NULL,NULL),(4160,'id17','test14',6,0,2.0,829,0,'1',830,NULL),(4161,'id17','test14',6,0,2.0,830,0,'1',4160,NULL),(4162,'id17','test14',6,0,2.0,831,0,'1',832,NULL),(4163,'id17','test14',6,0,2.0,832,0,'1',4162,NULL),(4164,'id17','test14',4,0,2.0,833,0,'1',834,NULL),(4165,'id17','test14',4,0,2.0,834,0,'1',4164,NULL),(4166,'3633633666969','ABC SSEE 保護貼 ',1,0,20.0,835,0,'1',NULL,NULL),(4167,'3633633666969','ABC SSEE 保護貼 ',1,0,20.0,836,0,'1',NULL,NULL),(4173,'3633633666969','ABC SSEE 保護貼 ',1,0,20.0,842,0,'1',NULL,NULL),(4174,'3633633666969','ABC SSEE 保護貼 ',1,0,20.0,843,0,'1',NULL,NULL),(4175,'3633633666969','ABC SSEE 保護貼 ',1,0,20.0,844,0,'1',NULL,NULL),(4176,'3633633666969','ABC SSEE 保護貼 ',1,0,20.0,845,0,'1',NULL,NULL),(4177,'3633633666969','ABC SSEE 保護貼 ',1,0,20.0,846,0,'1',NULL,NULL),(4178,'3633633666969','ABC SSEE 保護貼 ',1,0,20.0,847,0,'1',NULL,NULL),(4179,'3633633666969','ABC SSEE 保護貼 ',1,0,20.0,848,0,'1',NULL,NULL),(4180,'3633633666969','ABC SSEE 保護貼 ',1,0,20.0,849,0,'1',NULL,NULL),(4181,'3633633666969','ABC SSEE 保護貼 ',1,0,20.0,850,0,'1',NULL,NULL),(4182,'3633633666969','ABC SSEE 保護貼 ',1,0,20.0,851,0,'1',NULL,NULL),(4183,'3633633666969','ABC SSEE 保護貼 ',1,0,20.0,852,0,'1',NULL,NULL),(4184,'3633633666969','ABC SSEE 保護貼 ',1,0,20.0,853,0,'1',NULL,NULL),(4185,'3633633666969','ABC SSEE 保護貼 ',1,0,20.0,854,0,'1',NULL,NULL),(4186,'3633633666969','ABC SSEE 保護貼 ',1,0,20.0,855,0,'1',NULL,NULL),(4187,'3633633666969','ABC SSEE 保護貼 ',1,0,20.0,856,0,'1',NULL,NULL),(4188,'3633633666969','ABC SSEE 保護貼 ',1,0,20.0,857,0,'1',NULL,NULL),(4189,'3633633666969','ABC SSEE 保護貼 ',1,0,20.0,858,0,'1',NULL,NULL),(4190,'3633633666969','ABC SSEE 保護貼 ',1,0,20.0,859,0,'1',NULL,NULL),(4191,'3633633666969','ABC SSEE 保護貼 ',1,0,20.0,860,0,'1',NULL,NULL),(4192,'3633633666969','ABC SSEE 保護貼 ',1,0,20.0,861,0,'1',NULL,NULL),(4193,'3633633666969','ABC SSEE 保護貼 ',1,0,20.0,862,0,'1',NULL,NULL),(4194,'3633633666969','ABC SSEE 保護貼 ',1,0,20.0,863,0,'1',NULL,NULL),(4195,'3633633666969','ABC SSEE 保護貼 ',1,0,20.0,864,0,'1',NULL,NULL),(4196,'3633633666969','ABC SSEE 保護貼 ',1,0,20.0,865,0,'1',NULL,NULL),(4197,'3633633666969','ABC SSEE 保護貼 ',1,0,20.0,866,0,'1',NULL,NULL),(4198,'3633633666969','ABC SSEE 保護貼 ',1,0,20.0,867,0,'1',NULL,NULL),(4199,'3633633666969','ABC SSEE 保護貼 ',1,0,20.0,868,0,'1',NULL,NULL);
/*!40000 ALTER TABLE `invoicedetail` ENABLE KEYS */;
UNLOCK TABLES;

--
-- Table structure for table `invoicestate`
--

DROP TABLE IF EXISTS `invoicestate`;
/*!40101 SET @saved_cs_client     = @@character_set_client */;
/*!40101 SET character_set_client = utf8 */;
CREATE TABLE `invoicestate` (
  `invoiceState_no` int(10) NOT NULL AUTO_INCREMENT,
  `invoiceStateName` varchar(45) DEFAULT NULL,
  PRIMARY KEY (`invoiceState_no`)
) ENGINE=InnoDB AUTO_INCREMENT=5 DEFAULT CHARSET=utf8;
/*!40101 SET character_set_client = @saved_cs_client */;

--
-- Dumping data for table `invoicestate`
--

LOCK TABLES `invoicestate` WRITE;
/*!40000 ALTER TABLE `invoicestate` DISABLE KEYS */;
INSERT INTO `invoicestate` VALUES (1,'完結 - 銷售單'),(2,'單據無效'),(3,'完結 - 退貨單'),(4,'完結 - 銷售單(有退貨)');
/*!40000 ALTER TABLE `invoicestate` ENABLE KEYS */;
UNLOCK TABLES;

--
-- Table structure for table `invoicetype`
--

DROP TABLE IF EXISTS `invoicetype`;
/*!40101 SET @saved_cs_client     = @@character_set_client */;
/*!40101 SET character_set_client = utf8 */;
CREATE TABLE `invoicetype` (
  `invoiceType_no` tinyint(2) NOT NULL AUTO_INCREMENT,
  `typeName` varchar(20) DEFAULT NULL,
  `typeShort` varchar(2) DEFAULT NULL,
  PRIMARY KEY (`invoiceType_no`)
) ENGINE=InnoDB AUTO_INCREMENT=4 DEFAULT CHARSET=utf8;
/*!40101 SET character_set_client = @saved_cs_client */;

--
-- Dumping data for table `invoicetype`
--

LOCK TABLES `invoicetype` WRITE;
/*!40000 ALTER TABLE `invoicetype` DISABLE KEYS */;
INSERT INTO `invoicetype` VALUES (1,'發票 Invoice','S'),(2,'退貨單 Return','R'),(3,'換貨單 Exchange','X');
/*!40000 ALTER TABLE `invoicetype` ENABLE KEYS */;
UNLOCK TABLES;

--
-- Table structure for table `payment`
--

DROP TABLE IF EXISTS `payment`;
/*!40101 SET @saved_cs_client     = @@character_set_client */;
/*!40101 SET character_set_client = utf8 */;
CREATE TABLE `payment` (
  `payment_no` smallint(4) NOT NULL AUTO_INCREMENT,
  `paymentName` varchar(50) DEFAULT NULL,
  PRIMARY KEY (`payment_no`)
) ENGINE=InnoDB AUTO_INCREMENT=5 DEFAULT CHARSET=utf8;
/*!40101 SET character_set_client = @saved_cs_client */;

--
-- Dumping data for table `payment`
--

LOCK TABLES `payment` WRITE;
/*!40000 ALTER TABLE `payment` DISABLE KEYS */;
INSERT INTO `payment` VALUES (1,'現金'),(2,'EPS'),(3,'信用卡'),(4,'八達通');
/*!40000 ALTER TABLE `payment` ENABLE KEYS */;
UNLOCK TABLES;

--
-- Table structure for table `payment_has_invoice`
--

DROP TABLE IF EXISTS `payment_has_invoice`;
/*!40101 SET @saved_cs_client     = @@character_set_client */;
/*!40101 SET character_set_client = utf8 */;
CREATE TABLE `payment_has_invoice` (
  `invoice_no` int(10) NOT NULL,
  `payment_no` smallint(4) NOT NULL,
  `money` decimal(7,1) DEFAULT NULL,
  KEY `phi_fk_invoice` (`invoice_no`),
  KEY `phi_fk_payment` (`payment_no`),
  CONSTRAINT `phi_fk_invoice` FOREIGN KEY (`invoice_no`) REFERENCES `invoice` (`invoice_no`) ON DELETE NO ACTION ON UPDATE CASCADE,
  CONSTRAINT `phi_fk_payment` FOREIGN KEY (`payment_no`) REFERENCES `payment` (`payment_no`) ON DELETE NO ACTION ON UPDATE CASCADE
) ENGINE=InnoDB DEFAULT CHARSET=utf8;
/*!40101 SET character_set_client = @saved_cs_client */;

--
-- Dumping data for table `payment_has_invoice`
--

LOCK TABLES `payment_has_invoice` WRITE;
/*!40000 ALTER TABLE `payment_has_invoice` DISABLE KEYS */;
INSERT INTO `payment_has_invoice` VALUES (1,1,60.0),(5,1,180.0),(18,1,20.0),(26,1,20.0),(27,1,320.0),(28,1,40.0),(29,3,1.0),(29,3,1.0),(29,3,1.0),(29,3,1.0),(29,3,1.0),(29,3,1.0),(29,3,1.0),(29,3,1.0),(29,3,1.0),(29,3,1.0),(29,3,1.0),(29,3,1.0),(29,3,1.0),(29,3,1.0),(29,3,1.0),(29,3,1.0),(29,3,1.0),(29,3,1.0),(29,3,1.0),(29,3,1.0),(29,3,1.0),(29,3,1.0),(29,3,1.0),(29,3,1.0),(29,3,1.0),(29,3,1.0),(29,3,1.0),(29,3,1.0),(29,3,1.0),(29,3,1.0),(29,3,1.0),(29,3,1.0),(29,3,1.0),(29,3,1.0),(29,3,1.0),(29,3,1.0),(29,3,1.0),(29,3,1.0),(29,3,1.0),(29,3,1.0),(30,1,4998.0),(31,1,4998.0),(32,1,20.0),(33,1,20.0),(34,1,4998.0),(35,1,4998.0),(36,1,4998.0),(38,1,4998.0),(39,1,4998.0),(40,1,4998.0),(41,1,20.0),(37,1,4998.0),(42,1,20.0),(43,1,20.0),(45,1,4998.0),(46,1,5018.0),(49,1,4998.0),(51,1,4998.0),(53,1,4998.0),(55,1,4998.0),(57,2,1998.0),(57,1,3000.0),(58,4,1998.0),(58,2,1000.0),(58,1,1000.0),(58,3,1000.0),(59,1,50.0),(61,1,0.0),(62,1,20.0),(63,1,4998.0),(64,1,44482.0),(65,1,19892.0),(67,1,24990.0),(68,1,20.0),(69,1,230.0),(70,1,4998.0),(71,1,15.0),(72,1,3918.0),(73,1,4798.0),(74,1,1998.0),(75,1,5196.0),(76,1,4918.0),(77,1,4918.0),(78,1,4918.0),(79,1,20.0),(80,1,20.0),(81,1,10794.0),(82,1,4998.0),(87,1,20.0),(88,1,20.0),(89,1,20.0),(90,1,20.0),(91,1,20.0),(92,1,20.0),(93,1,20.0),(94,1,20.0),(95,1,20.0),(96,1,20.0),(97,1,20.0),(98,1,0.0),(99,1,20.0),(100,1,20.0),(101,1,20.0),(102,1,0.0),(103,1,20.0),(104,1,20.0),(105,1,20.0),(106,1,20.0),(107,1,0.0),(108,1,0.0),(109,1,20.0),(110,1,20.0),(111,1,20.0),(112,1,20.0),(113,1,20.0),(114,1,20.0),(115,1,0.0),(116,1,20.0),(117,1,20.0),(118,1,20.0),(119,1,20.0),(120,1,20.0),(121,1,0.0),(122,1,0.0),(123,1,20.0),(124,1,20.0),(125,1,20.0),(126,1,20.0),(127,1,20.0),(128,1,20.0),(129,1,20.0),(130,1,20.0),(131,1,20.0),(133,1,4998.0),(134,1,4998.0),(135,1,20.0),(136,1,20.0),(137,1,0.0),(138,1,20.0),(139,1,20.0),(140,1,20.0),(141,1,20.0),(142,1,20.0),(143,1,0.0),(144,1,20.0),(145,1,0.0),(146,1,0.0),(147,1,4898.0),(148,1,20.0),(149,1,20.0),(150,1,20.0),(151,2,4898.0),(152,1,20.0),(153,1,20.0),(154,1,20.0),(155,1,20.0),(156,1,0.0),(157,1,20.0),(158,1,20.0),(159,1,20.0),(160,1,20.0),(161,1,20.0),(162,1,20.0),(163,1,20.0),(164,1,40.0),(165,1,40.0),(166,1,40.0),(167,1,20.0),(168,1,20.0),(169,1,20.0),(170,1,20.0),(171,1,20.0),(172,1,20.0),(173,1,20.0),(174,1,20.0),(175,1,20.0),(176,1,20.0),(177,1,20.0),(178,1,20.0),(179,1,20.0),(180,1,20.0),(181,1,20.0),(182,1,20.0),(183,1,20.0),(184,1,20.0),(185,1,20.0),(186,1,20.0),(187,1,20.0),(188,1,20.0),(189,1,20.0),(190,1,20.0),(191,1,20.0),(192,1,90.0),(193,1,20.0),(194,1,20.0),(195,1,20.0),(196,1,40.0),(197,1,20.0),(198,1,20.0),(199,1,60.0),(200,1,30.0),(201,1,10.0),(202,1,20.0),(203,1,20.0),(204,1,20.0),(205,1,20.0),(206,1,20.0),(207,1,20.0),(208,1,20.0),(209,1,20.0),(210,1,20.0),(211,1,20.0),(212,1,20.0),(213,1,20.0),(214,1,20.0),(215,1,20.0),(216,1,20.0),(217,1,20.0),(218,2,10.0),(218,1,10.0),(219,1,20.0),(220,1,4958.0),(221,1,300.0),(222,1,154938.0),(223,1,20.0),(224,1,80.0),(227,1,20.0),(228,1,165094.0),(229,1,20.0),(230,1,249900.0),(231,1,4998.0),(232,1,20.0),(233,1,20.0),(234,1,20.0),(235,1,20.0),(236,1,20.0),(237,1,20.0),(238,1,40.0),(239,1,20.0),(240,1,20.0),(241,1,20.0),(242,1,20.0),(243,1,20.0),(244,1,20.0),(245,1,20.0),(246,1,20.0),(247,1,20.0),(248,1,20.0),(249,1,20.0),(250,1,20.0),(251,1,20.0),(252,1,20.0),(253,1,19992.0),(254,1,20.0),(255,1,20.0),(256,1,20.0),(257,1,20.0),(258,1,20.0),(259,1,4998.0),(260,1,20.0),(261,1,20.0),(262,1,20.0),(263,1,20.0),(264,1,20.0),(265,1,20.0),(266,1,20.0),(267,1,20.0),(268,1,20.0),(269,1,20.0),(270,1,20.0),(271,1,20.0),(272,1,20.0),(273,1,20.0),(274,1,20.0),(275,1,20.0),(276,1,20.0),(277,1,20.0),(278,1,20.0),(279,1,20.0),(280,1,20.0),(281,1,20.0),(282,1,140.0),(283,1,20.0),(284,1,65014.0),(285,1,84966.0),(286,1,20.0),(287,1,20.0),(288,1,20.0),(289,1,20.0),(290,1,40.0),(291,1,104978.0),(292,1,74970.0),(293,1,20.0),(294,1,40.0),(295,1,20.0),(296,1,20.0),(297,1,79988.0),(298,1,109976.0),(299,1,40.0),(300,1,20.0),(301,1,74990.0),(302,1,85006.0),(303,1,99960.0),(304,1,20.0),(305,1,20.0),(306,1,20.0),(307,1,20.0),(308,1,75050.0),(309,1,134966.0),(310,1,144982.0),(311,1,284906.0),(312,1,144962.0),(313,1,95002.0),(314,1,149940.0),(315,1,139964.0),(316,1,20.0),(317,1,124950.0),(318,1,84966.0),(319,1,84966.0),(320,1,89964.0),(321,1,84986.0),(322,1,89984.0),(323,1,84986.0),(324,1,20.0),(325,1,84986.0),(326,1,84986.0),(327,1,80028.0),(328,1,540.0),(329,1,20.0),(330,1,49980.0),(331,1,84986.0),(332,1,94962.0),(333,1,89964.0),(334,1,89964.0),(335,1,85006.0),(336,1,20.0),(337,1,20.0),(338,1,20.0),(339,1,20.0),(340,1,20.0),(341,1,20.0),(342,1,20.0),(343,1,20.0),(344,1,20.0),(345,1,20.0),(346,1,20.0),(347,1,20.0),(348,1,4998.0),(349,1,9996.0),(350,1,20.0),(351,1,20.0),(352,1,20.0),(353,1,20.0),(354,1,20.0),(355,1,20.0),(356,1,20.0),(357,1,20.0),(358,1,20.0),(359,1,20.0),(360,1,20.0),(361,1,20.0),(362,1,20.0),(363,1,20.0),(364,1,20.0),(365,1,20.0),(366,1,20.0),(367,1,20.0),(368,1,20.0),(369,1,20.0),(370,1,20.0),(371,3,9796.0),(373,1,40.0),(374,2,9896.0),(375,1,20.0),(376,1,20.0),(377,1,20.0),(378,1,20.0),(379,1,89964.0),(380,1,146940.0),(381,1,20.0),(382,1,142042.0),(383,1,124950.0),(384,1,73490.0),(385,1,20.0),(386,1,20.0),(387,1,20.0),(388,1,20.0),(389,1,20.0),(390,1,20.0),(391,1,20.0),(392,1,40.0),(393,1,20.0),(394,1,500.0),(395,1,600.0),(396,1,84966.0),(397,1,174930.0),(398,1,149940.0),(399,1,149940.0),(400,1,600.0),(401,1,600.0),(402,1,800.0),(403,1,800.0),(404,1,800.0),(405,1,800.0),(406,1,800.0),(407,1,820.0),(408,1,800.0),(409,1,820.0),(410,1,840.0),(411,1,820.0),(412,1,800.0),(413,1,20.0),(414,1,20.0),(415,1,20.0),(416,1,840.0),(417,1,800.0),(418,1,800.0),(419,1,800.0),(420,1,800.0),(421,1,840.0),(422,1,800.0),(423,1,800.0),(424,1,800.0),(425,1,900.0),(426,1,800.0),(427,1,800.0),(428,1,800.0),(429,1,800.0),(430,1,800.0),(431,1,800.0),(432,1,20.0),(433,1,20.0),(434,1,20.0),(435,1,20.0),(436,1,20.0),(437,1,20.0),(438,1,20.0),(439,1,800.0),(440,1,400.0),(441,1,800.0),(442,1,800.0),(443,1,800.0),(444,1,800.0),(445,1,20.0),(446,1,820.0),(447,1,840.0),(448,1,880.0),(449,1,760.0),(450,1,780.0),(451,1,800.0),(452,1,800.0),(453,1,840.0),(454,1,800.0),(455,1,800.0),(456,1,820.0),(457,1,800.0),(458,1,800.0),(459,1,800.0),(460,1,800.0),(461,1,800.0),(462,1,800.0),(463,1,20.0),(464,1,20.0),(465,1,20.0),(466,1,20.0),(467,1,20.0),(468,1,20.0),(469,1,20.0),(470,1,20.0),(471,1,30.0),(472,1,35.0),(473,1,20.0),(474,1,2998.0),(474,3,2000.0),(475,1,5018.0),(478,1,30.0),(479,1,5.0),(480,3,15.0),(480,1,15.0),(481,1,70.0),(482,1,20.0),(483,1,20.0),(484,1,20.0),(485,1,10.0),(485,2,10.0),(486,1,20.0),(487,1,30.0),(488,1,20.0),(489,1,20.0),(490,1,20.0),(491,2,10.0),(491,1,10.0),(492,1,5018.0),(493,1,4998.0),(494,1,4898.0),(495,1,4998.0),(496,1,20.0),(497,1,4898.0),(498,1,4898.0),(499,1,4898.0),(500,1,4898.0),(501,1,4898.0),(502,1,4898.0),(503,1,4898.0),(504,1,4898.0),(511,1,4898.0),(512,2,898.0),(512,1,4000.0),(513,1,4898.0),(514,1,4898.0),(515,1,4898.0),(516,1,4898.0),(517,1,4898.0),(518,1,4898.0),(519,1,4898.0),(520,1,4898.0),(521,1,4898.0),(522,1,4898.0),(523,1,4898.0),(524,1,4898.0),(525,1,4898.0),(526,1,4898.0),(527,1,4898.0),(528,1,4898.0),(529,1,4898.0),(530,1,4898.0),(531,1,4998.0),(532,1,4898.0),(533,1,4998.0),(534,1,4898.0),(535,1,4998.0),(536,1,4898.0),(537,1,4998.0),(538,1,4898.0),(539,1,4998.0),(540,1,4898.0),(541,1,4998.0),(542,1,4898.0),(543,1,4998.0),(544,1,4898.0),(545,1,4998.0),(546,1,4898.0),(547,1,4998.0),(548,1,4898.0),(549,1,4998.0),(550,1,4898.0),(551,1,4898.0),(552,1,4898.0),(553,1,4898.0),(554,1,4898.0),(555,1,4898.0),(556,1,4898.0),(557,1,4898.0),(558,1,4898.0),(559,1,4898.0),(560,1,4898.0),(561,1,4898.0),(563,1,4898.0),(564,1,4898.0),(572,1,4898.0),(572,1,4898.0),(572,1,4898.0),(572,1,4898.0),(572,1,4898.0),(572,1,4898.0),(572,1,4898.0),(572,1,4898.0),(572,1,4898.0),(572,1,4898.0),(572,1,4898.0),(572,1,4898.0),(572,1,4898.0),(572,1,4898.0),(572,1,4898.0),(572,1,4898.0),(572,1,4898.0),(572,1,4898.0),(572,1,4898.0),(572,1,4898.0),(572,1,4898.0),(572,1,4898.0),(572,1,4898.0),(572,1,4898.0),(572,1,4898.0),(572,1,4898.0),(572,1,4898.0),(572,1,4898.0),(572,1,4898.0),(572,1,4898.0),(572,1,4898.0),(572,1,4898.0),(572,1,4898.0),(572,1,4898.0),(572,1,4898.0),(572,1,4898.0),(572,1,4898.0),(572,1,4898.0),(572,1,4898.0),(572,1,4898.0),(572,1,4898.0),(572,1,4898.0),(572,1,4898.0),(572,1,4898.0),(572,1,4898.0),(572,1,4898.0),(572,1,4898.0),(572,1,4898.0),(572,1,4898.0),(572,1,4898.0),(572,1,4898.0),(572,1,4898.0),(572,1,4898.0),(572,1,4898.0),(572,1,4898.0),(572,1,4898.0),(572,1,4898.0),(572,1,4898.0),(572,1,4898.0),(572,1,4898.0),(572,1,4898.0),(572,1,4898.0),(572,1,4898.0),(572,1,4898.0),(572,1,4898.0),(572,1,4898.0),(572,1,4898.0),(572,1,4898.0),(572,1,4898.0),(572,1,4898.0),(572,1,4898.0),(572,1,4898.0),(572,1,4898.0),(572,1,4898.0),(572,1,4898.0),(572,1,4898.0),(572,1,4898.0),(572,1,4898.0),(572,1,4898.0),(572,1,4898.0),(572,1,4898.0),(572,1,4898.0),(572,1,4898.0),(572,1,4898.0),(572,1,4898.0),(572,1,4898.0),(572,1,4898.0),(572,1,4898.0),(572,1,4898.0),(572,1,4898.0),(572,1,4898.0),(572,1,4898.0),(572,1,4898.0),(572,1,4898.0),(572,1,4898.0),(572,1,4898.0),(572,1,4898.0),(572,1,4898.0),(572,1,4898.0),(572,1,4898.0),(572,1,4898.0),(572,1,4898.0),(572,1,4898.0),(572,1,4898.0),(572,1,4898.0),(572,1,4898.0),(572,1,4898.0),(573,1,4898.0),(573,1,4898.0),(573,1,4898.0),(573,1,4898.0),(573,1,4898.0),(573,1,4898.0),(573,1,4898.0),(573,1,4898.0),(573,1,4898.0),(573,1,4898.0),(573,1,4898.0),(573,1,4898.0),(573,1,4898.0),(573,1,4898.0),(573,1,4898.0),(573,1,4898.0),(573,1,4898.0),(573,1,4898.0),(573,1,4898.0),(573,1,4898.0),(573,1,4898.0),(573,1,4898.0),(573,1,4898.0),(573,1,4898.0),(573,1,4898.0),(573,1,4898.0),(573,1,4898.0),(573,1,4898.0),(573,1,4898.0),(573,1,4898.0),(573,1,4898.0),(573,1,4898.0),(573,1,4898.0),(573,1,4898.0),(573,1,4898.0),(573,1,4898.0),(573,1,4898.0),(573,1,4898.0),(573,1,4898.0),(573,1,4898.0),(573,1,4898.0),(573,1,4898.0),(573,1,4898.0),(573,1,4898.0),(573,1,4898.0),(573,1,4898.0),(573,1,4898.0),(573,1,4898.0),(573,1,4898.0),(573,1,4898.0),(573,1,4898.0),(573,1,4898.0),(573,1,4898.0),(573,1,4898.0),(573,1,4898.0),(573,1,4898.0),(573,1,4898.0),(573,1,4898.0),(573,1,4898.0),(573,1,4898.0),(573,1,4898.0),(573,1,4898.0),(573,1,4898.0),(573,1,4898.0),(573,1,4898.0),(573,1,4898.0),(573,1,4898.0),(573,1,4898.0),(573,1,4898.0),(573,1,4898.0),(573,1,4898.0),(573,1,4898.0),(573,1,4898.0),(573,1,4898.0),(573,1,4898.0),(573,1,4898.0),(573,1,4898.0),(573,1,4898.0),(573,1,4898.0),(573,1,4898.0),(573,1,4898.0),(573,1,4898.0),(573,1,4898.0),(573,1,4898.0),(573,1,4898.0),(573,1,4898.0),(573,1,4898.0),(573,1,4898.0),(573,1,4898.0),(573,1,4898.0),(573,1,4898.0),(573,1,4898.0),(573,1,4898.0),(573,1,4898.0),(573,1,4898.0),(573,1,4898.0),(573,1,4898.0),(573,1,4898.0),(573,1,4898.0),(573,1,4898.0),(573,1,4898.0),(573,1,4898.0),(573,1,4898.0),(573,1,4898.0),(573,1,4898.0),(573,1,4898.0),(573,1,4898.0),(573,1,4898.0),(573,1,4898.0),(573,1,4898.0),(573,1,4898.0),(573,1,4898.0),(573,1,4898.0),(573,1,4898.0),(573,1,4898.0),(573,1,4898.0),(573,1,4898.0),(573,1,4898.0),(573,1,4898.0),(573,1,4898.0),(573,1,4898.0),(573,1,4898.0),(573,1,4898.0),(573,1,4898.0),(573,1,4898.0),(573,1,4898.0),(573,1,4898.0),(573,1,4898.0),(573,1,4898.0),(573,1,4898.0),(573,1,4898.0),(573,1,4898.0),(573,1,4898.0),(573,1,4898.0),(573,1,4898.0),(573,1,4898.0),(573,1,4898.0),(573,1,4898.0),(573,1,4898.0),(573,1,4898.0),(573,1,4898.0),(573,1,4898.0),(573,1,4898.0),(573,1,4898.0),(573,1,4898.0),(573,1,4898.0),(573,1,4898.0),(573,1,4898.0),(573,1,4898.0),(573,1,4898.0),(573,1,4898.0),(573,1,4898.0),(573,1,4898.0),(573,1,4898.0),(573,1,4898.0),(573,1,4898.0),(573,1,4898.0),(573,1,4898.0),(573,1,4898.0),(573,1,4898.0),(573,1,4898.0),(573,1,4898.0),(573,1,4898.0),(573,1,4898.0),(573,1,4898.0),(573,1,4898.0),(573,1,4898.0),(573,1,4898.0),(573,1,4898.0),(573,1,4898.0),(573,1,4898.0),(573,1,4898.0),(573,1,4898.0),(573,1,4898.0),(573,1,4898.0),(573,1,4898.0),(573,1,4898.0),(573,1,4898.0),(573,1,4898.0),(573,1,4898.0),(573,1,4898.0),(573,1,4898.0),(573,1,4898.0),(573,1,4898.0),(573,1,4898.0),(573,1,4898.0),(573,1,4898.0),(573,1,4898.0),(573,1,4898.0),(573,1,4898.0),(573,1,4898.0),(573,1,4898.0),(573,1,4898.0),(573,1,4898.0),(573,1,4898.0),(573,1,4898.0),(573,1,4898.0),(573,1,4898.0),(573,1,4898.0),(573,1,4898.0),(573,1,4898.0),(573,1,4898.0),(573,1,4898.0),(573,1,4898.0),(573,1,4898.0),(573,1,4898.0),(573,1,4898.0),(573,1,4898.0),(573,1,4898.0),(573,1,4898.0),(573,1,4898.0),(573,1,4898.0),(573,1,4898.0),(573,1,4898.0),(573,1,4898.0),(573,1,4898.0),(573,1,4898.0),(573,1,4898.0),(573,1,4898.0),(573,1,4898.0),(573,1,4898.0),(573,1,4898.0),(573,1,4898.0),(573,1,4898.0),(573,1,4898.0),(573,1,4898.0),(573,1,4898.0),(573,1,4898.0),(573,1,4898.0),(573,1,4898.0),(573,1,4898.0),(573,1,4898.0),(573,1,4898.0),(573,1,4898.0),(573,1,4898.0),(573,1,4898.0),(573,1,4898.0),(573,1,4898.0),(573,1,4898.0),(573,1,4898.0),(573,1,4898.0),(573,1,4898.0),(573,1,4898.0),(573,1,4898.0),(573,1,4898.0),(573,1,4898.0),(573,1,4898.0),(573,1,4898.0),(573,1,4898.0),(573,1,4898.0),(573,1,4898.0),(573,1,4898.0),(573,1,4898.0),(573,1,4898.0),(573,1,4898.0),(573,1,4898.0),(573,1,4898.0),(573,1,4898.0),(573,1,4898.0),(573,1,4898.0),(573,1,4898.0),(573,1,4898.0),(573,1,4898.0),(573,1,4898.0),(573,1,4898.0),(573,1,4898.0),(573,1,4898.0),(573,1,4898.0),(573,1,4898.0),(573,1,4898.0),(573,1,4898.0),(573,1,4898.0),(573,1,4898.0),(573,1,4898.0),(573,1,4898.0),(573,1,4898.0),(573,1,4898.0),(573,1,4898.0),(573,1,4898.0),(573,1,4898.0),(573,1,4898.0),(573,1,4898.0),(573,1,4898.0),(573,1,4898.0),(573,1,4898.0),(573,1,4898.0),(573,1,4898.0),(573,1,4898.0),(573,1,4898.0),(573,1,4898.0),(573,1,4898.0),(573,1,4898.0),(573,1,4898.0),(573,1,4898.0),(573,1,4898.0),(573,1,4898.0),(573,1,4898.0),(573,1,4898.0),(573,1,4898.0),(573,1,4898.0),(573,1,4898.0),(573,1,4898.0),(573,1,4898.0),(573,1,4898.0),(573,1,4898.0),(573,1,4898.0),(573,1,4898.0),(573,1,4898.0),(573,1,4898.0),(573,1,4898.0),(573,1,4898.0),(573,1,4898.0),(573,1,4898.0),(573,1,4898.0),(573,1,4898.0),(573,1,4898.0),(573,1,4898.0),(573,1,4898.0),(573,1,4898.0),(573,1,4898.0),(573,1,4898.0),(573,1,4898.0),(573,1,4898.0),(573,1,4898.0),(573,1,4898.0),(573,1,4898.0),(573,1,4898.0),(573,1,4898.0),(573,1,4898.0),(573,1,4898.0),(573,1,4898.0),(573,1,4898.0),(573,1,4898.0),(573,1,4898.0),(573,1,4898.0),(573,1,4898.0),(573,1,4898.0),(573,1,4898.0),(573,1,4898.0),(573,1,4898.0),(573,1,4898.0),(573,1,4898.0),(573,1,4898.0),(573,1,4898.0),(573,1,4898.0),(573,1,4898.0),(573,1,4898.0),(573,1,4898.0),(573,1,4898.0),(573,1,4898.0),(573,1,4898.0),(573,1,4898.0),(573,1,4898.0),(573,1,4898.0),(573,1,4898.0),(573,1,4898.0),(573,1,4898.0),(573,1,4898.0),(573,1,4898.0),(573,1,4898.0),(573,1,4898.0),(573,1,4898.0),(573,1,4898.0),(573,1,4898.0),(573,1,4898.0),(573,1,4898.0),(573,1,4898.0),(573,1,4898.0),(573,1,4898.0),(573,1,4898.0),(573,1,4898.0),(573,1,4898.0),(573,1,4898.0),(573,1,4898.0),(573,1,4898.0),(573,1,4898.0),(573,1,4898.0),(573,1,4898.0),(573,1,4898.0),(573,1,4898.0),(573,1,4898.0),(573,1,4898.0),(573,1,4898.0),(573,1,4898.0),(573,1,4898.0),(573,1,4898.0),(573,1,4898.0),(573,1,4898.0),(573,1,4898.0),(573,1,4898.0),(573,1,4898.0),(573,1,4898.0),(573,1,4898.0),(573,1,4898.0),(573,1,4898.0),(573,1,4898.0),(573,1,4898.0),(573,1,4898.0),(573,1,4898.0),(573,1,4898.0),(573,1,4898.0),(573,1,4898.0),(573,1,4898.0),(573,1,4898.0),(573,1,4898.0),(573,1,4898.0),(573,1,4898.0),(573,1,4898.0),(573,1,4898.0),(573,1,4898.0),(573,1,4898.0),(574,1,4898.0),(575,1,4898.0),(577,1,4898.0),(580,1,4898.0),(581,1,4998.0),(583,1,4998.0),(584,1,4898.0),(585,1,4898.0),(586,1,4898.0),(588,1,20.0),(589,1,80.0),(591,1,60.0),(593,1,40.0),(594,1,20.0),(595,1,20.0),(596,1,20.0),(597,1,20.0),(598,1,20.0),(599,1,20.0),(600,1,20.0),(601,1,20.0),(602,1,240.0),(603,1,260.0),(604,1,60.0),(605,1,260.0),(607,1,20.0),(608,1,20.0),(609,1,60.0),(610,1,20.0),(611,1,20.0),(612,1,20.0),(613,1,20.0),(614,1,20.0),(615,1,20.0),(616,1,20.0),(617,1,20.0),(618,1,20.0),(619,1,20.0),(620,1,20.0),(621,1,20.0),(622,1,20.0),(623,1,20.0),(624,1,20.0),(625,1,20.0),(626,1,20.0),(627,1,20.0),(628,1,20.0),(629,1,20.0),(630,1,20.0),(631,1,40.0),(633,1,20.0),(634,1,20.0),(676,1,20.0),(677,1,280.0),(681,1,260.0),(682,1,260.0),(687,1,260.0),(688,1,20.0),(689,1,20.0),(690,1,20.0),(691,1,20.0),(692,1,20.0),(693,1,220.0),(695,1,220.0),(696,1,220.0),(697,1,220.0),(698,1,220.0),(699,1,4898.0),(700,1,9896.0),(702,1,220.0),(703,1,20.0),(704,1,4898.0),(705,1,20.0),(706,1,20.0),(710,1,20.0),(712,1,20.0),(713,1,20.0),(715,1,2.0),(716,1,20.0),(717,1,4998.0),(718,1,2.0),(719,1,2.0),(720,1,2.0),(721,1,20.0),(722,1,2.0),(723,1,2.0),(725,1,2.0),(726,1,2.0),(729,1,22.0),(731,1,20.0),(732,1,24.0),(734,1,40.0),(736,1,40.0),(738,1,40.0),(742,1,40.0),(743,1,40.0),(745,1,40.0),(747,1,40.0),(751,1,40.0),(752,1,40.0),(755,1,20.0),(756,1,4.0),(759,1,200.0),(761,1,400.0),(763,1,200.0),(768,1,400.0),(773,1,200.0),(775,1,204.0),(779,1,20.0),(782,1,20.0),(784,1,20.0),(790,1,20.0),(793,1,20.0),(795,1,20.0),(797,1,20.0),(799,1,20.0),(801,1,20.0),(803,1,20.0),(805,1,20.0),(806,1,20.0),(807,1,20.0),(810,1,20.0),(812,1,20.0),(818,1,20.0),(820,1,580.0),(822,1,620.0),(824,1,20.0),(825,1,20.0),(826,1,10.0),(827,1,20.0),(828,1,20.0),(829,1,12.0),(831,1,12.0),(833,1,8.0),(835,1,20.0),(836,1,20.0),(842,1,20.0),(843,1,20.0),(844,1,20.0),(845,1,20.0),(846,1,20.0),(847,1,20.0),(848,1,20.0),(849,1,20.0),(850,1,20.0),(851,1,20.0),(852,1,20.0),(853,1,20.0),(854,1,20.0),(855,1,20.0),(856,1,20.0),(857,1,20.0),(858,1,20.0),(859,1,20.0),(860,1,20.0),(861,1,20.0),(862,1,20.0),(863,1,20.0),(864,1,20.0),(865,1,20.0),(866,1,20.0),(867,1,20.0),(868,1,20.0);
/*!40000 ALTER TABLE `payment_has_invoice` ENABLE KEYS */;
UNLOCK TABLES;

--
-- Table structure for table `permission`
--

DROP TABLE IF EXISTS `permission`;
/*!40101 SET @saved_cs_client     = @@character_set_client */;
/*!40101 SET character_set_client = utf8 */;
CREATE TABLE `permission` (
  `permission_no` int(10) NOT NULL AUTO_INCREMENT,
  `invoice_perm` tinyint(2) DEFAULT NULL,
  `po_perm` tinyint(2) DEFAULT NULL,
  `masterRecord_perm` tinyint(2) DEFAULT NULL,
  `transOrder_perm` tinyint(2) DEFAULT NULL,
  `member_perm` tinyint(2) DEFAULT NULL,
  `stockIn_perm` tinyint(2) DEFAULT NULL,
  PRIMARY KEY (`permission_no`)
) ENGINE=InnoDB AUTO_INCREMENT=2 DEFAULT CHARSET=utf8;
/*!40101 SET character_set_client = @saved_cs_client */;

--
-- Dumping data for table `permission`
--

LOCK TABLES `permission` WRITE;
/*!40000 ALTER TABLE `permission` DISABLE KEYS */;
INSERT INTO `permission` VALUES (1,1,1,1,1,1,1);
/*!40000 ALTER TABLE `permission` ENABLE KEYS */;
UNLOCK TABLES;

--
-- Table structure for table `phone`
--

DROP TABLE IF EXISTS `phone`;
/*!40101 SET @saved_cs_client     = @@character_set_client */;
/*!40101 SET character_set_client = utf8 */;
CREATE TABLE `phone` (
  `phone_no` int(10) NOT NULL AUTO_INCREMENT,
  `IMEI` varchar(15) NOT NULL,
  `phoneType_no` smallint(5) DEFAULT NULL,
  `retailShop_no` smallint(4) DEFAULT NULL,
  `phoneState_no` tinyint(1) DEFAULT NULL,
  `poDetail_no` int(10) DEFAULT NULL,
  `rec_date` datetime DEFAULT NULL,
  PRIMARY KEY (`phone_no`,`IMEI`)
) ENGINE=InnoDB AUTO_INCREMENT=85 DEFAULT CHARSET=utf8;
/*!40101 SET character_set_client = @saved_cs_client */;

--
-- Dumping data for table `phone`
--

LOCK TABLES `phone` WRITE;
/*!40000 ALTER TABLE `phone` DISABLE KEYS */;
INSERT INTO `phone` VALUES (1,'123456789012345',1,1,1,NULL,'2011-11-01 00:00:00'),(2,'654565456545654',2,2,2,NULL,'2011-11-02 00:00:00'),(3,'151515152201555',2,4,1,NULL,'2011-11-03 00:00:00'),(4,'555558887891234',2,2,1,NULL,'2011-11-03 00:00:00'),(5,'989988855656663',1,2,1,NULL,'2011-11-05 00:00:00'),(31,'aaaaaaaaaaaaaaa',3,1,2,7,'2011-11-12 19:03:03'),(32,'bbbbbbbbbbbbbbb',3,1,2,7,'2011-11-12 19:03:03'),(33,'ccccccccccccccc',3,1,2,7,'2011-11-12 19:03:03'),(34,'ddddddddddddddd',3,1,2,7,'2011-11-12 19:03:03'),(35,'qqqqqqqqqqqqqqq',3,1,2,7,'2011-11-12 19:03:03'),(36,'wwwwwwwwwwwwwww',3,1,2,7,'2011-11-12 19:03:03'),(37,'rrrrrrrrrrrrrrr',3,1,2,7,'2011-11-12 19:03:03'),(38,'ttttttttttttttt',3,1,2,7,'2011-11-12 19:03:03'),(39,'yyyyyyyyyyyyyyy',3,1,2,7,'2011-11-12 19:03:03'),(40,'uuuuuuuuuuuuuuu',3,1,2,7,'2011-11-12 19:03:03'),(41,'iiiiiiiiiiiiiii',3,1,2,7,'2011-11-12 19:03:03'),(42,'ooooooooooooooo',3,1,2,7,'2011-11-12 19:03:03'),(43,'ppppppppppppppp',3,1,2,7,'2011-11-12 19:03:03'),(44,'sssssssssssssss',3,1,2,7,'2011-11-12 19:03:03'),(45,'fffffffffffffff',3,1,2,7,'2011-11-12 19:03:03'),(46,'ggggggggggggggg',3,1,2,7,'2011-11-12 19:03:03'),(47,'hhhhhhhhhhhhhhh',3,1,2,7,'2011-11-12 19:03:03'),(48,'jjjjjjjjjjjjjjj',3,1,2,7,'2011-11-12 19:03:03'),(49,'kkkkkkkkkkkkkkk',3,1,2,7,'2011-11-12 19:03:03'),(50,'lllllllllllllll',3,1,2,7,'2011-11-12 19:03:03'),(51,'zzzzzzzzzzzzzzz',3,1,2,7,'2011-11-12 19:03:03'),(52,'xxxxxxxxxxxxxxx',3,1,2,7,'2011-11-12 19:03:03'),(53,'vvvvvvvvvvvvvvv',3,1,2,7,'2011-11-12 19:03:03'),(54,'nnnnnnnnnnnnnnn',3,1,2,7,'2011-11-12 19:03:03'),(55,'mmmmmmmmmmmmmmm',3,1,2,7,'2011-11-12 19:03:03'),(56,'eeeeeeeeeeeeeee',3,1,2,7,'2011-11-12 19:03:03'),(57,'233423423423423',2,1,2,8,'2011-11-16 12:17:56'),(58,'235235235435643',2,1,2,8,'2011-11-16 12:17:56'),(59,'213213213213214',2,1,2,8,'2011-11-16 12:17:56'),(60,'436436346346346',2,1,2,8,'2011-11-16 12:17:56'),(61,'555498498987987',2,1,2,8,'2011-11-16 12:17:56'),(62,'313213546549848',2,1,2,8,'2011-11-16 12:17:56'),(63,'151651321348798',2,1,2,8,'2011-11-16 12:17:56'),(64,'564651432135849',2,1,2,8,'2011-11-16 12:17:56'),(65,'234234235346547',2,1,2,8,'2011-11-16 12:17:56'),(66,'231232142323566',2,1,2,8,'2011-11-16 12:17:56'),(67,'213214634547547',2,1,2,8,'2011-11-16 12:17:56'),(68,'213214124142143',2,1,2,8,'2011-11-16 12:17:56'),(69,'346346436346436',11,1,2,10,'2011-11-16 14:12:19'),(70,'324324234232352',11,1,2,10,'2011-11-16 14:12:19'),(71,'547547474575454',11,1,2,10,'2011-11-16 14:12:19'),(72,'534534436346346',11,1,2,10,'2011-11-16 14:12:19'),(73,'346346346346566',11,1,2,10,'2011-11-16 14:12:19'),(74,'123141242142142',11,1,2,10,'2011-11-16 14:12:19'),(75,'433463463463463',11,1,2,10,'2011-11-16 14:12:19'),(76,'346463468987954',11,1,2,10,'2011-11-16 14:12:19'),(77,'129871927497491',11,1,2,10,'2011-11-16 14:12:19'),(78,'349873496873498',11,1,2,10,'2011-11-16 14:12:19'),(79,'219872194872194',11,1,2,10,'2011-11-16 14:12:19'),(80,'345634654457567',11,1,2,10,'2011-11-16 14:12:19'),(81,'325235235343465',11,1,2,10,'2011-11-16 14:12:19'),(82,'123456789012345',3,1,2,12,'2011-11-16 14:53:06'),(83,'123456789012345',3,1,2,12,'2011-11-16 14:53:06'),(84,'325253252352353',1,1,2,18,'2011-11-16 15:08:44');
/*!40000 ALTER TABLE `phone` ENABLE KEYS */;
UNLOCK TABLES;

--
-- Table structure for table `phonestate`
--

DROP TABLE IF EXISTS `phonestate`;
/*!40101 SET @saved_cs_client     = @@character_set_client */;
/*!40101 SET character_set_client = utf8 */;
CREATE TABLE `phonestate` (
  `phoneState_no` int(11) NOT NULL AUTO_INCREMENT,
  `phoneStateName` varchar(30) DEFAULT NULL,
  PRIMARY KEY (`phoneState_no`)
) ENGINE=InnoDB AUTO_INCREMENT=4 DEFAULT CHARSET=utf8;
/*!40101 SET character_set_client = @saved_cs_client */;

--
-- Dumping data for table `phonestate`
--

LOCK TABLES `phonestate` WRITE;
/*!40000 ALTER TABLE `phonestate` DISABLE KEYS */;
INSERT INTO `phonestate` VALUES (1,'發售'),(2,'售出'),(3,'退回');
/*!40000 ALTER TABLE `phonestate` ENABLE KEYS */;
UNLOCK TABLES;

--
-- Table structure for table `phonetype`
--

DROP TABLE IF EXISTS `phonetype`;
/*!40101 SET @saved_cs_client     = @@character_set_client */;
/*!40101 SET character_set_client = utf8 */;
CREATE TABLE `phonetype` (
  `phoneType_no` smallint(5) NOT NULL AUTO_INCREMENT,
  `manufacturer` varchar(50) DEFAULT NULL,
  `color` varchar(10) DEFAULT NULL,
  `phone_name` varchar(20) DEFAULT NULL,
  `phonetype_id` varchar(10) DEFAULT NULL,
  `oprice` decimal(7,1) DEFAULT NULL,
  `sprice` decimal(7,1) DEFAULT NULL,
  `productState_no` tinyint(1) DEFAULT NULL,
  `description` text,
  PRIMARY KEY (`phoneType_no`)
) ENGINE=InnoDB AUTO_INCREMENT=13 DEFAULT CHARSET=utf8;
/*!40101 SET character_set_client = @saved_cs_client */;

--
-- Dumping data for table `phonetype`
--

LOCK TABLES `phonetype` WRITE;
/*!40000 ALTER TABLE `phonetype` DISABLE KEYS */;
INSERT INTO `phonetype` VALUES (1,'SAMSUNG','white','GALAXY NOTE','TD001',6000.0,4998.0,2,'Network:WCDMA 900/2100MHz GSM 850/900/1800/1900MHz'),(2,'APPLE','white','IPHONE 4S','TD002',6900.0,4898.0,2,NULL),(3,'SAMSUNG','white','GALAXY S II','TD003',7200.0,4200.0,1,NULL),(4,'APPLE','N/A','I PHONE 4','TD004',8990.0,4800.0,1,NULL),(5,'HTC','N/A','EVO','TD005',8900.0,8800.0,2,NULL),(6,'HTC','white','EVO 3D','TD006',9000.0,8890.0,2,NULL),(7,'Nokia','N/A','N8','TD007',5000.0,4600.0,2,NULL),(8,'Motola','BLACK','ATRIX','TD008',6000.0,6000.0,2,NULL),(9,'Nokia','N/A','N8(Walker)','TD009',5600.0,5600.0,2,NULL),(10,'Motola','N/A','A1680','TD010',7000.0,7000.0,1,NULL),(11,'Apple','white','IPHONE 5','TD011',10200.0,10200.0,1,NULL),(12,'HTC','N/A','EVO 2D','TD012',4000.0,4000.0,1,NULL);
/*!40000 ALTER TABLE `phonetype` ENABLE KEYS */;
UNLOCK TABLES;

--
-- Table structure for table `po`
--

DROP TABLE IF EXISTS `po`;
/*!40101 SET @saved_cs_client     = @@character_set_client */;
/*!40101 SET character_set_client = utf8 */;
CREATE TABLE `po` (
  `po_no` int(10) NOT NULL AUTO_INCREMENT,
  `createDate` datetime DEFAULT NULL,
  `staff_no` int(10) DEFAULT NULL,
  `retailShop_no` smallint(4) DEFAULT NULL,
  `poState_no` smallint(4) DEFAULT NULL,
  `supplier_no` smallint(6) DEFAULT NULL,
  PRIMARY KEY (`po_no`),
  KEY `po_fk_staff` (`staff_no`),
  KEY `po_fk_retailShop` (`retailShop_no`),
  KEY `po_fk_poState` (`poState_no`),
  KEY `po_fk_sp` (`supplier_no`),
  CONSTRAINT `po_fk_poState` FOREIGN KEY (`poState_no`) REFERENCES `postate` (`poState_no`) ON DELETE NO ACTION ON UPDATE CASCADE,
  CONSTRAINT `po_fk_retailShop` FOREIGN KEY (`retailShop_no`) REFERENCES `retailshop` (`retailShop_no`) ON DELETE NO ACTION ON UPDATE CASCADE,
  CONSTRAINT `po_fk_sp` FOREIGN KEY (`supplier_no`) REFERENCES `supplier` (`supplier_no`) ON DELETE NO ACTION ON UPDATE CASCADE,
  CONSTRAINT `po_fk_staff` FOREIGN KEY (`staff_no`) REFERENCES `staff` (`staff_no`) ON DELETE NO ACTION ON UPDATE CASCADE
) ENGINE=InnoDB AUTO_INCREMENT=11 DEFAULT CHARSET=utf8;
/*!40101 SET character_set_client = @saved_cs_client */;

--
-- Dumping data for table `po`
--

LOCK TABLES `po` WRITE;
/*!40000 ALTER TABLE `po` DISABLE KEYS */;
INSERT INTO `po` VALUES (1,'2011-08-07 00:00:00',1,1,3,1),(2,'2011-10-19 12:01:18',1,1,2,2),(3,'2011-10-19 12:29:17',1,1,3,2),(4,'2011-10-19 12:36:07',1,1,1,2),(5,'2011-11-16 08:14:14',1,1,2,2),(6,'2011-11-16 22:08:37',1,1,2,2),(7,'2011-11-16 22:48:13',1,1,3,2),(8,'2011-11-16 22:55:24',1,1,3,3),(9,'2011-11-16 23:04:10',1,1,2,5),(10,'2011-11-18 00:09:57',1,1,3,1);
/*!40000 ALTER TABLE `po` ENABLE KEYS */;
UNLOCK TABLES;

--
-- Table structure for table `podetail`
--

DROP TABLE IF EXISTS `podetail`;
/*!40101 SET @saved_cs_client     = @@character_set_client */;
/*!40101 SET character_set_client = utf8 */;
CREATE TABLE `podetail` (
  `poDetail_no` int(10) NOT NULL AUTO_INCREMENT,
  `qty` smallint(5) DEFAULT NULL,
  `cost` int(10) DEFAULT NULL,
  `po_no` int(10) DEFAULT NULL,
  `phonetype_no` smallint(5) DEFAULT NULL,
  `acc_no` int(10) DEFAULT NULL,
  PRIMARY KEY (`poDetail_no`),
  KEY `pod_fk_po` (`po_no`),
  KEY `pod_fk_acc` (`acc_no`),
  CONSTRAINT `pod_fk_acc` FOREIGN KEY (`acc_no`) REFERENCES `accessories` (`acc_no`) ON DELETE NO ACTION ON UPDATE NO ACTION,
  CONSTRAINT `pod_fk_po` FOREIGN KEY (`po_no`) REFERENCES `po` (`po_no`) ON DELETE NO ACTION ON UPDATE CASCADE
) ENGINE=InnoDB AUTO_INCREMENT=22 DEFAULT CHARSET=utf8;
/*!40101 SET character_set_client = @saved_cs_client */;

--
-- Dumping data for table `podetail`
--

LOCK TABLES `podetail` WRITE;
/*!40000 ALTER TABLE `podetail` DISABLE KEYS */;
INSERT INTO `podetail` VALUES (3,30,10,1,NULL,1),(4,10,5500,2,2,NULL),(5,20,15,3,NULL,1),(6,10,10,4,NULL,1),(7,77,200,2,3,NULL),(8,10,5000,5,2,NULL),(9,10,20,5,NULL,1),(10,10,7000,6,11,NULL),(11,10,50,6,NULL,17),(12,1,5000,7,3,NULL),(13,5,20,7,NULL,1),(14,4,50,7,NULL,17),(15,1,5600,8,1,NULL),(16,12,20,8,NULL,5),(17,11,30,8,NULL,6),(18,2,5800,9,1,NULL),(19,5,10,9,NULL,4),(20,8,20,9,NULL,5),(21,10,20,10,NULL,10);
/*!40000 ALTER TABLE `podetail` ENABLE KEYS */;
UNLOCK TABLES;

--
-- Table structure for table `postate`
--

DROP TABLE IF EXISTS `postate`;
/*!40101 SET @saved_cs_client     = @@character_set_client */;
/*!40101 SET character_set_client = utf8 */;
CREATE TABLE `postate` (
  `poState_no` smallint(4) NOT NULL AUTO_INCREMENT,
  `stateName` varchar(30) DEFAULT NULL,
  PRIMARY KEY (`poState_no`)
) ENGINE=InnoDB AUTO_INCREMENT=4 DEFAULT CHARSET=utf8;
/*!40101 SET character_set_client = @saved_cs_client */;

--
-- Dumping data for table `postate`
--

LOCK TABLES `postate` WRITE;
/*!40000 ALTER TABLE `postate` DISABLE KEYS */;
INSERT INTO `postate` VALUES (1,'開啟 -- 等待到貨'),(2,'未完成 -- 貨只收了一部份'),(3,'完結-- 貨全部收到');
/*!40000 ALTER TABLE `postate` ENABLE KEYS */;
UNLOCK TABLES;

--
-- Table structure for table `productstate`
--

DROP TABLE IF EXISTS `productstate`;
/*!40101 SET @saved_cs_client     = @@character_set_client */;
/*!40101 SET character_set_client = utf8 */;
CREATE TABLE `productstate` (
  `productState_no` tinyint(1) NOT NULL AUTO_INCREMENT,
  `stateName` varchar(30) DEFAULT NULL,
  PRIMARY KEY (`productState_no`)
) ENGINE=InnoDB AUTO_INCREMENT=3 DEFAULT CHARSET=utf8;
/*!40101 SET character_set_client = @saved_cs_client */;

--
-- Dumping data for table `productstate`
--

LOCK TABLES `productstate` WRITE;
/*!40000 ALTER TABLE `productstate` DISABLE KEYS */;
INSERT INTO `productstate` VALUES (1,'停售'),(2,'發售');
/*!40000 ALTER TABLE `productstate` ENABLE KEYS */;
UNLOCK TABLES;

--
-- Table structure for table `retailshop`
--

DROP TABLE IF EXISTS `retailshop`;
/*!40101 SET @saved_cs_client     = @@character_set_client */;
/*!40101 SET character_set_client = utf8 */;
CREATE TABLE `retailshop` (
  `retailShop_no` smallint(4) NOT NULL AUTO_INCREMENT,
  `retail_id` varchar(10) DEFAULT NULL,
  `addr` varchar(255) DEFAULT NULL,
  `phone` varchar(15) DEFAULT NULL,
  `fax` varchar(15) DEFAULT NULL,
  `email` varchar(100) DEFAULT NULL,
  `location` varchar(10) DEFAULT NULL,
  PRIMARY KEY (`retailShop_no`)
) ENGINE=InnoDB AUTO_INCREMENT=25 DEFAULT CHARSET=utf8;
/*!40101 SET character_set_client = @saved_cs_client */;

--
-- Dumping data for table `retailshop`
--

LOCK TABLES `retailshop` WRITE;
/*!40000 ALTER TABLE `retailshop` DISABLE KEYS */;
INSERT INTO `retailshop` VALUES (1,'FTEC00','OFFICE','21213654','21213655','OFFICE','NT'),(2,'FTEC01','荃灣青山公路264-298號南豐中心1樓A014號舖','24150962','24138231','bcca@hthk.com','NT'),(3,'FTEC02','香港新界馬鞍山新港城中心商場2樓2202號舖','23153153','24756748','FFF002@gmail.com','灣仔'),(4,'FTEC03','灣仔菲林明道4號','23153153','24756748','FFF003@gmail.com','灣仔'),(5,'FTEC04','灣仔菲林明道5號','23153153','24756748','FFF004@gmail.com','灣仔'),(6,'FTEC05','灣仔菲林明道6號','23153153','24756748','FFF005@gmail.com','灣仔'),(7,'FTEC06','灣仔菲林明道7號','23153153','24756748','FFF006@gmail.com','灣仔'),(8,'FTEC07','灣仔菲林明道8號','23153153','24756748','FFF008@gmail.com','灣仔'),(9,'FTEC08','香港北角英皇道177-191A號利都樓地下B, C號舖','23153153','24756748','FFF008@gmail.com','灣仔'),(10,'FTEC09','香港九龍鑽石山荷里活廣場2樓224號舖','21421632','00000000','FFF009@gmail.com','灣仔'),(11,'FTEC10','香港新界大埔安慈路昌運中心地下24-25 號舖','23153153','24756748','FFF0010@gmail.com','灣仔'),(12,'FTEC11','香港柴灣新翠商場1 樓118 號舖','25571995',NULL,NULL,NULL),(13,'FTEC12','香港九龍土瓜灣道78號定安大廈地下4 號舖',NULL,NULL,NULL,NULL),(14,'FTEC13','新界沙田沙田廣場3樓2A-2B鋪',NULL,NULL,NULL,NULL),(15,'FTEC14',NULL,NULL,NULL,NULL,NULL),(16,'FTEC15','荃灣沙咀道260 - 276號廣發大廈地下5號舖',NULL,NULL,NULL,NULL),(17,'FTEC16','長沙灣青山道170號宇宙商場 G14號舖',NULL,NULL,NULL,NULL),(18,'FTEC17','上水彩園路8號彩園商場中心三樓11號舖',NULL,NULL,NULL,NULL),(19,'FTEC18','香港新界屯門市廣場1期2樓2050-2053, 2055-2056號舖',NULL,NULL,NULL,NULL),(20,'FTEC19',NULL,NULL,NULL,NULL,NULL),(21,'FTEC20','香港荃灣大河道22-28號榮安大廈地下A1舖',NULL,NULL,NULL,NULL),(22,'FTEC21','香港九龍土瓜灣北帝街105A 號舖',NULL,NULL,NULL,NULL),(23,'FTEC22','香港香港仔南寧街19-23 號香港仔中心一期地下1A 號舖','25188060',NULL,NULL,NULL),(24,'FTEC23','香港新界元朗康景街3-19 號地下E 號舖',NULL,NULL,NULL,NULL);
/*!40000 ALTER TABLE `retailshop` ENABLE KEYS */;
UNLOCK TABLES;

--
-- Table structure for table `retailshop_ass`
--

DROP TABLE IF EXISTS `retailshop_ass`;
/*!40101 SET @saved_cs_client     = @@character_set_client */;
/*!40101 SET character_set_client = utf8 */;
CREATE TABLE `retailshop_ass` (
  `retailShop_no` smallint(4) NOT NULL,
  `acc_no` int(10) NOT NULL,
  `qty` smallint(6) DEFAULT NULL,
  `poDetail_no` int(10) DEFAULT NULL,
  `po_date` datetime DEFAULT NULL,
  KEY `rsa_fk_retailShop` (`retailShop_no`),
  KEY `rsa_fk_ass` (`acc_no`),
  CONSTRAINT `rsa_fk_acc` FOREIGN KEY (`acc_no`) REFERENCES `accessories` (`acc_no`) ON DELETE NO ACTION ON UPDATE CASCADE,
  CONSTRAINT `rsa_fk_retailShop` FOREIGN KEY (`retailShop_no`) REFERENCES `retailshop` (`retailShop_no`) ON DELETE NO ACTION ON UPDATE CASCADE
) ENGINE=InnoDB DEFAULT CHARSET=utf8;
/*!40101 SET character_set_client = @saved_cs_client */;

--
-- Dumping data for table `retailshop_ass`
--

LOCK TABLES `retailshop_ass` WRITE;
/*!40000 ALTER TABLE `retailshop_ass` DISABLE KEYS */;
INSERT INTO `retailshop_ass` VALUES (1,1,0,5,'2011-10-19 12:29:17'),(1,1,9,6,'2011-10-19 12:36:07');
/*!40000 ALTER TABLE `retailshop_ass` ENABLE KEYS */;
UNLOCK TABLES;

--
-- Table structure for table `sinno_ref`
--

DROP TABLE IF EXISTS `sinno_ref`;
/*!40101 SET @saved_cs_client     = @@character_set_client */;
/*!40101 SET character_set_client = utf8 */;
CREATE TABLE `sinno_ref` (
  `sinno_ref_no` int(11) NOT NULL AUTO_INCREMENT,
  `stockin_no` int(11) DEFAULT NULL,
  PRIMARY KEY (`sinno_ref_no`)
) ENGINE=InnoDB DEFAULT CHARSET=utf8;
/*!40101 SET character_set_client = @saved_cs_client */;

--
-- Dumping data for table `sinno_ref`
--

LOCK TABLES `sinno_ref` WRITE;
/*!40000 ALTER TABLE `sinno_ref` DISABLE KEYS */;
/*!40000 ALTER TABLE `sinno_ref` ENABLE KEYS */;
UNLOCK TABLES;

--
-- Table structure for table `staff`
--

DROP TABLE IF EXISTS `staff`;
/*!40101 SET @saved_cs_client     = @@character_set_client */;
/*!40101 SET character_set_client = utf8 */;
CREATE TABLE `staff` (
  `staff_no` int(10) NOT NULL AUTO_INCREMENT,
  `staff_id` varchar(4) DEFAULT NULL,
  `pwd` varchar(14) DEFAULT NULL,
  `name` varchar(45) DEFAULT NULL,
  `resign` tinyint(1) DEFAULT NULL,
  `staffType_no` smallint(4) DEFAULT NULL,
  `permission_no` int(10) DEFAULT NULL,
  PRIMARY KEY (`staff_no`),
  KEY `staff_fk_staffType` (`staffType_no`),
  KEY `staff_fk_permission` (`permission_no`),
  CONSTRAINT `staff_fk_permission` FOREIGN KEY (`permission_no`) REFERENCES `permission` (`permission_no`) ON DELETE NO ACTION ON UPDATE CASCADE,
  CONSTRAINT `staff_fk_staffType` FOREIGN KEY (`staffType_no`) REFERENCES `stafftype` (`staffType_no`) ON DELETE NO ACTION ON UPDATE CASCADE
) ENGINE=InnoDB AUTO_INCREMENT=8 DEFAULT CHARSET=utf8;
/*!40101 SET character_set_client = @saved_cs_client */;

--
-- Dumping data for table `staff`
--

LOCK TABLES `staff` WRITE;
/*!40000 ALTER TABLE `staff` DISABLE KEYS */;
INSERT INTO `staff` VALUES (1,'root','222222','root',NULL,2,1),(2,'nu01','111111','new_user',NULL,1,NULL),(3,'7777','rootpass','john',NULL,4,1),(4,'som','111111','som',NULL,2,NULL),(5,'u2','111111','nu02',NULL,3,NULL),(6,'0000','654321','uy3',NULL,5,NULL),(7,'nu02','999999','333',NULL,1,NULL);
/*!40000 ALTER TABLE `staff` ENABLE KEYS */;
UNLOCK TABLES;

--
-- Table structure for table `stafftype`
--

DROP TABLE IF EXISTS `stafftype`;
/*!40101 SET @saved_cs_client     = @@character_set_client */;
/*!40101 SET character_set_client = utf8 */;
CREATE TABLE `stafftype` (
  `staffType_no` smallint(4) NOT NULL AUTO_INCREMENT,
  `typeName` varchar(10) DEFAULT NULL,
  `permission_no` int(10) DEFAULT NULL,
  PRIMARY KEY (`staffType_no`),
  KEY `st_fk_permission` (`permission_no`),
  CONSTRAINT `st_fk_permission` FOREIGN KEY (`permission_no`) REFERENCES `permission` (`permission_no`) ON DELETE NO ACTION ON UPDATE CASCADE
) ENGINE=InnoDB AUTO_INCREMENT=7 DEFAULT CHARSET=utf8;
/*!40101 SET character_set_client = @saved_cs_client */;

--
-- Dumping data for table `stafftype`
--

LOCK TABLES `stafftype` WRITE;
/*!40000 ALTER TABLE `stafftype` DISABLE KEYS */;
INSERT INTO `stafftype` VALUES (1,'系統管理員',1),(2,'超級使用者',NULL),(3,'wingStaff',NULL),(4,'cleaner',NULL),(5,'管理人',NULL),(6,'城管',NULL);
/*!40000 ALTER TABLE `stafftype` ENABLE KEYS */;
UNLOCK TABLES;

--
-- Table structure for table `stockin`
--

DROP TABLE IF EXISTS `stockin`;
/*!40101 SET @saved_cs_client     = @@character_set_client */;
/*!40101 SET character_set_client = utf8 */;
CREATE TABLE `stockin` (
  `stockIn_no` int(10) NOT NULL AUTO_INCREMENT,
  `poDetail_no` int(11) DEFAULT NULL,
  `staff_no` int(10) DEFAULT NULL,
  `acc_no` int(10) DEFAULT NULL COMMENT 'acc= accessories',
  `retailShop_no` smallint(4) DEFAULT NULL,
  `rec_qty` smallint(5) DEFAULT NULL,
  `rec_date` datetime DEFAULT NULL,
  `po_date` datetime DEFAULT NULL,
  `iprice` decimal(7,1) DEFAULT NULL COMMENT 'iprice= cost',
  `ava_bal` smallint(5) DEFAULT NULL COMMENT 'available balance',
  `sinno_ref_no` int(11) DEFAULT NULL,
  PRIMARY KEY (`stockIn_no`)
) ENGINE=InnoDB AUTO_INCREMENT=21 DEFAULT CHARSET=utf8;
/*!40101 SET character_set_client = @saved_cs_client */;

--
-- Dumping data for table `stockin`
--

LOCK TABLES `stockin` WRITE;
/*!40000 ALTER TABLE `stockin` DISABLE KEYS */;
INSERT INTO `stockin` VALUES (1,6,1,1,1,10,'2011-10-28 22:28:33','2011-10-19 12:36:07',10.0,10,NULL),(2,6,2,1,2,1,'2011-10-28 23:29:30','2011-10-19 12:36:07',10.0,0,NULL),(3,6,2,1,2,30,'2011-10-28 23:29:31','2011-10-19 12:36:07',10.0,10,NULL),(4,7,2,4,2,1,'2011-10-29 23:29:31','2011-10-21 12:36:07',15.0,1,NULL),(5,5,2,1,1,1,'2011-11-12 18:47:37','2011-10-19 12:29:17',15.0,1,NULL),(6,3,1,1,1,30,'2011-11-13 12:12:45','2011-08-07 00:00:00',10.0,15,NULL),(7,9,1,1,1,5,'2011-11-16 12:17:56','2011-11-16 08:14:14',20.0,5,NULL),(8,9,1,1,1,4,'2011-11-16 12:34:05','2011-11-16 08:14:14',20.0,4,NULL),(9,9,1,1,2,1,'2011-11-16 12:36:28','2011-11-16 08:14:14',20.0,1,NULL),(11,11,1,17,1,3,'2011-11-16 14:12:19','2011-11-16 22:08:37',50.0,3,NULL),(12,12,1,2,1,1,'2011-11-17 00:00:01','2011-11-15 00:00:00',30.0,1,NULL),(13,12,1,2,1,3,'2011-11-17 00:00:02','2011-11-15 00:00:00',30.0,3,NULL),(14,12,1,2,1,6,'2011-11-17 00:00:03','2011-11-15 00:00:00',30.0,6,NULL),(15,21,1,10,1,1,'2011-11-18 00:13:13','2011-11-18 00:09:57',1.0,1,NULL),(16,21,1,10,1,3,'2011-11-18 00:13:38','2011-11-18 00:09:57',1.0,3,NULL),(17,21,1,10,1,6,'2011-11-18 00:14:18','2011-11-18 00:09:57',1.0,6,NULL),(20,21,1,10,2,6,'2011-11-18 00:40:32','2011-11-18 00:09:57',20.0,6,NULL);
/*!40000 ALTER TABLE `stockin` ENABLE KEYS */;
UNLOCK TABLES;

--
-- Table structure for table `supplier`
--

DROP TABLE IF EXISTS `supplier`;
/*!40101 SET @saved_cs_client     = @@character_set_client */;
/*!40101 SET character_set_client = utf8 */;
CREATE TABLE `supplier` (
  `supplier_no` smallint(6) NOT NULL AUTO_INCREMENT,
  `supplier_id` varchar(10) DEFAULT NULL,
  `supplierName` varchar(100) DEFAULT NULL,
  `addr` varchar(255) DEFAULT NULL,
  `phone` varchar(15) DEFAULT NULL,
  `fax` varchar(15) DEFAULT NULL,
  `email` varchar(100) DEFAULT NULL,
  `remark` varchar(20) DEFAULT NULL,
  `hide` tinyint(1) DEFAULT NULL,
  PRIMARY KEY (`supplier_no`)
) ENGINE=InnoDB AUTO_INCREMENT=10 DEFAULT CHARSET=utf8;
/*!40101 SET character_set_client = @saved_cs_client */;

--
-- Dumping data for table `supplier`
--

LOCK TABLES `supplier` WRITE;
/*!40000 ALTER TABLE `supplier` DISABLE KEYS */;
INSERT INTO `supplier` VALUES (1,NULL,'TCF company','n/a','n/a','n/a','n/a',NULL,NULL),(2,'5555','JustAName','simpleAddress','12345','','qrm@yyy',NULL,0),(3,'AT','another','just address','11111111','','ff4@ggg',NULL,1),(5,'NO','NewOne','addr','111111111','','ff2@ff',NULL,0),(7,'SR','Sorry','Please show it','11111111','','ddd@dd',NULL,1),(8,'NSHK001','好好人公司','一個好地址','9999999','','email@email',NULL,0),(9,'OSUK002','Good Bird Company Limited','Bird with no leg','5555555','','flying@home','test',0);
/*!40000 ALTER TABLE `supplier` ENABLE KEYS */;
UNLOCK TABLES;

--
-- Table structure for table `transdetail`
--

DROP TABLE IF EXISTS `transdetail`;
/*!40101 SET @saved_cs_client     = @@character_set_client */;
/*!40101 SET character_set_client = utf8 */;
CREATE TABLE `transdetail` (
  `transDetail_no` int(10) NOT NULL AUTO_INCREMENT,
  `trans_qty` smallint(5) DEFAULT NULL,
  `acc_no` int(10) DEFAULT NULL,
  `IMEI` varchar(15) DEFAULT NULL,
  `transfer_no` int(10) DEFAULT NULL,
  `po_date` datetime DEFAULT NULL,
  PRIMARY KEY (`transDetail_no`),
  KEY `td_fk_trans` (`transfer_no`),
  KEY `td_fk_phone` (`IMEI`),
  KEY `td_fk_ass` (`acc_no`),
  KEY `td_fk_acc` (`acc_no`),
  CONSTRAINT `td_fk_acc` FOREIGN KEY (`acc_no`) REFERENCES `accessories` (`acc_no`) ON DELETE NO ACTION ON UPDATE NO ACTION,
  CONSTRAINT `td_fk_trans` FOREIGN KEY (`transfer_no`) REFERENCES `transfer` (`transfer_no`) ON DELETE NO ACTION ON UPDATE CASCADE
) ENGINE=InnoDB AUTO_INCREMENT=19 DEFAULT CHARSET=utf8;
/*!40101 SET character_set_client = @saved_cs_client */;

--
-- Dumping data for table `transdetail`
--

LOCK TABLES `transdetail` WRITE;
/*!40000 ALTER TABLE `transdetail` DISABLE KEYS */;
INSERT INTO `transdetail` VALUES (13,1,10,NULL,5,'2011-11-18 00:09:57'),(14,3,10,NULL,5,'2011-11-18 00:09:57'),(15,2,10,NULL,5,'2011-11-18 00:09:57'),(16,1,10,NULL,6,'2011-11-18 00:09:57'),(17,3,10,NULL,6,'2011-11-18 00:09:57'),(18,2,10,NULL,6,'2011-11-18 00:09:57');
/*!40000 ALTER TABLE `transdetail` ENABLE KEYS */;
UNLOCK TABLES;

--
-- Table structure for table `transfer`
--

DROP TABLE IF EXISTS `transfer`;
/*!40101 SET @saved_cs_client     = @@character_set_client */;
/*!40101 SET character_set_client = utf8 */;
CREATE TABLE `transfer` (
  `transfer_no` int(10) NOT NULL AUTO_INCREMENT,
  `transDate` datetime DEFAULT NULL,
  `receiveDate` datetime DEFAULT NULL,
  `fromRetail_no` varchar(5) DEFAULT NULL,
  `toRetail_no` varchar(5) DEFAULT NULL,
  `staff_no` int(10) DEFAULT NULL,
  `transState_no` smallint(4) DEFAULT NULL,
  `tranReson` varchar(30) DEFAULT NULL,
  `confirmBy` varchar(4) DEFAULT NULL,
  PRIMARY KEY (`transfer_no`),
  KEY `trans_fk_transState` (`transState_no`),
  KEY `trans_fk_staff` (`staff_no`),
  CONSTRAINT `trans_fk_staff` FOREIGN KEY (`staff_no`) REFERENCES `staff` (`staff_no`) ON DELETE NO ACTION ON UPDATE CASCADE,
  CONSTRAINT `trans_fk_transState` FOREIGN KEY (`transState_no`) REFERENCES `transstate` (`transState_no`) ON DELETE NO ACTION ON UPDATE CASCADE
) ENGINE=InnoDB AUTO_INCREMENT=7 DEFAULT CHARSET=utf8;
/*!40101 SET character_set_client = @saved_cs_client */;

--
-- Dumping data for table `transfer`
--

LOCK TABLES `transfer` WRITE;
/*!40000 ALTER TABLE `transfer` DISABLE KEYS */;
INSERT INTO `transfer` VALUES (5,'2011-11-18 00:15:23',NULL,'1','2',1,2,'普通轉貨',NULL),(6,'2011-11-19 02:02:20',NULL,'1','2',1,3,'普通轉貨',NULL);
/*!40000 ALTER TABLE `transfer` ENABLE KEYS */;
UNLOCK TABLES;

--
-- Table structure for table `transstate`
--

DROP TABLE IF EXISTS `transstate`;
/*!40101 SET @saved_cs_client     = @@character_set_client */;
/*!40101 SET character_set_client = utf8 */;
CREATE TABLE `transstate` (
  `transState_no` smallint(4) NOT NULL AUTO_INCREMENT,
  `stateName` varchar(30) DEFAULT NULL,
  PRIMARY KEY (`transState_no`)
) ENGINE=InnoDB AUTO_INCREMENT=4 DEFAULT CHARSET=utf8;
/*!40101 SET character_set_client = @saved_cs_client */;

--
-- Dumping data for table `transstate`
--

LOCK TABLES `transstate` WRITE;
/*!40000 ALTER TABLE `transstate` DISABLE KEYS */;
INSERT INTO `transstate` VALUES (1,'傳送'),(2,'完結'),(3,'無效');
/*!40000 ALTER TABLE `transstate` ENABLE KEYS */;
UNLOCK TABLES;
/*!40103 SET TIME_ZONE=@OLD_TIME_ZONE */;

/*!40101 SET SQL_MODE=@OLD_SQL_MODE */;
/*!40014 SET FOREIGN_KEY_CHECKS=@OLD_FOREIGN_KEY_CHECKS */;
/*!40014 SET UNIQUE_CHECKS=@OLD_UNIQUE_CHECKS */;
/*!40101 SET CHARACTER_SET_CLIENT=@OLD_CHARACTER_SET_CLIENT */;
/*!40101 SET CHARACTER_SET_RESULTS=@OLD_CHARACTER_SET_RESULTS */;
/*!40101 SET COLLATION_CONNECTION=@OLD_COLLATION_CONNECTION */;
/*!40111 SET SQL_NOTES=@OLD_SQL_NOTES */;

-- Dump completed on 2011-11-24  2:42:02
